{"type":"FeatureCollection",
"properties":{"source":"WA_DNR_WGS_Mines_and_Minerals","built_at":"2026-08-13T02:08:38+00:00","layers":["IAML_Sites","IAML_Features"],"count":455,"note":"Inventory of Abandoned Mine Lands. kind='site' rows are the site record; kind='feature' rows are individual field-mapped openings, dumps, water bodies and structures, and their iaml_id is the source featureID ('<site>-<n>'). Features inherit mining_district and county from their parent site."},
"features":[
{"type":"Feature","geometry":{"type":"Point","coordinates":[-120.848819,48.075508]},"properties":{"iaml_id":"1002","name":"Red Mountain","kind":"site","hazard":"unknown","mining_district":"Chiwawa","county":"Chelan","production":"Conflicting reports regarding production at mill. Most sources state \"no production.\" Huntting (1956) reports production in 1930, 1935, 10,000 tons 1936, 5,825 tons 1937, 12 tons 1940.","years_of_operation":"1902 - 1946, intermittent","underground_mine":"Yes","surface_mine":"No","mill":"gravity-flotation","visited":"Yes","feature_description":""}},
{"type":"Feature","geometry":{"type":"Point","coordinates":[-120.8527,48.07456]},"properties":{"iaml_id":"1002-1","name":"Red Mountain","kind":"feature","hazard":"","mining_district":"Chiwawa","county":"Chelan","production":"","years_of_operation":"","underground_mine":"","surface_mine":"","mill":"","visited":"","feature_description":"Mill site and camp. Originally >30 buildings including mill, sawmill, powerhouse, store, residences. Fewer than 6 structures remain. Mill dismantled and sold for scrap in 1946. No tailings found in area between site of mill building and Chiwawa River. Sediment examined is fine sandy silt with pebbles, some cobbles. Cobbles more abundant at banks of Chiwawa River. Nothing appeared to be tailings. Aqueduct reported here. Observed old riveted spiral iron pipe from which sound of rushing water eminated.","development":0,"dumps":0,"water":1,"structure":1}},
{"type":"Feature","geometry":{"type":"Point","coordinates":[-120.8502,48.0747]},"properties":{"iaml_id":"1002-2","name":"Red Mountain","kind":"feature","hazard":"","mining_district":"Chiwawa","county":"Chelan","production":"","years_of_operation":"","underground_mine":"","surface_mine":"","mill":"","visited":"","feature_description":"\"Trinity Tunnel\" main haul adit. Reported length 11,000ft. Open. Ineffective wood frame and plywood closure. Draining clear water. Large WRD (400ft x 350ft x 60ft slope), barren of mineralization.","development":1,"dumps":1,"water":1,"structure":0}},
{"type":"Feature","geometry":{"type":"Point","coordinates":[-120.8345,48.10325]},"properties":{"iaml_id":"1002-3","name":"Red Mountain","kind":"feature","hazard":"","mining_district":"Chiwawa","county":"Chelan","production":"","years_of_operation":"","underground_mine":"","surface_mine":"","mill":"","visited":"","feature_description":"\"St. Francis Tunnel\" caved adit. WRD (40ft x 500ft x 60ft slope) eroding into Phelps Creek.","development":1,"dumps":1,"water":0,"structure":0}},
{"type":"Feature","geometry":{"type":"Point","coordinates":[-120.834,48.10292]},"properties":{"iaml_id":"1002-4","name":"Red Mountain","kind":"feature","hazard":"","mining_district":"Chiwawa","county":"Chelan","production":"","years_of_operation":"","underground_mine":"","surface_mine":"","mill":"","visited":"","feature_description":"1960's era adit, 6ft diameter culvert at portal extends into hillside keeping portal open.  Evidence of human entry despite locked, hinged steel grating closure. Timbered, rails. Discharge approx 10gpm flows into Phelps Creek. WRD eroding into Phelps Creek (see 1002-3).","development":1,"dumps":1,"water":1,"structure":0}},
{"type":"Feature","geometry":{"type":"Point","coordinates":[-120.659728,47.42485]},"properties":{"iaml_id":"1003","name":"Blewett Camp","kind":"site","hazard":"yes","mining_district":"Blewett","county":"Chelan","production":"1891-1907 stamp mill; ball mill.","years_of_operation":"1874 - present, intermittently","underground_mine":"Yes","surface_mine":"No","mill":"Yes","visited":"Yes","feature_description":""}},
{"type":"Feature","geometry":{"type":"Point","coordinates":[-120.66005,47.42479]},"properties":{"iaml_id":"1003-1","name":"Blewett Camp","kind":"feature","hazard":"","mining_district":"Blewett","county":"Chelan","production":"","years_of_operation":"","underground_mine":"","surface_mine":"","mill":"","visited":"","feature_description":"Mill site: collapsed remains of mill building. Includes stone foundations, deteriorating 12\"x12\" timbers, piles of silty, clayey waste (<50 cu yds) lie just above stone foundation, steel tank (empty). Water sample (W-B1) at Culver Gulch creek, at same elevation as mill site.","development":0,"dumps":1,"water":0,"structure":1}},
{"type":"Feature","geometry":{"type":"Point","coordinates":[-120.67397,47.42687]},"properties":{"iaml_id":"1003-11","name":"Blewett Camp","kind":"feature","hazard":"","mining_district":"Blewett","county":"Chelan","production":"","years_of_operation":"","underground_mine":"","surface_mine":"","mill":"","visited":"","feature_description":"Adit, open, partly caved portal, <1gpm trickle of water.","development":1,"dumps":0,"water":1,"structure":0}},
{"type":"Feature","geometry":{"type":"Point","coordinates":[-120.67261,47.42721]},"properties":{"iaml_id":"1003-12","name":"Blewett Camp","kind":"feature","hazard":"","mining_district":"Blewett","county":"Chelan","production":"","years_of_operation":"","underground_mine":"","surface_mine":"","mill":"","visited":"","feature_description":"Adit, open, water impounded approx 1ft deep, some deteriorating timbers.","development":1,"dumps":0,"water":1,"structure":0}},
{"type":"Feature","geometry":{"type":"Point","coordinates":[-120.67424,47.42539]},"properties":{"iaml_id":"1003-13","name":"Blewett Camp","kind":"feature","hazard":"","mining_district":"Blewett","county":"Chelan","production":"","years_of_operation":"","underground_mine":"","surface_mine":"","mill":"","visited":"","feature_description":"\"Fackler No. 2\" adit partly caved inside, timbers partly collapsed inside. Timbered entrance with door. Used for storage. Empty 55gal drum.","development":1,"dumps":0,"water":0,"structure":0}},
{"type":"Feature","geometry":{"type":"Point","coordinates":[-120.67399,47.42517]},"properties":{"iaml_id":"1003-15","name":"Blewett Camp","kind":"feature","hazard":"","mining_district":"Blewett","county":"Chelan","production":"","years_of_operation":"","underground_mine":"","surface_mine":"","mill":"","visited":"","feature_description":"\"Goldfinger Mine 2001\" adit, new. Timbered collar.","development":1,"dumps":0,"water":0,"structure":0}},
{"type":"Feature","geometry":{"type":"Point","coordinates":[-120.67535,47.42589]},"properties":{"iaml_id":"1003-16","name":"Blewett Camp","kind":"feature","hazard":"","mining_district":"Blewett","county":"Chelan","production":"","years_of_operation":"","underground_mine":"","surface_mine":"","mill":"","visited":"","feature_description":"Adit, partly caved portal, length >50ft.","development":1,"dumps":0,"water":0,"structure":0}},
{"type":"Feature","geometry":{"type":"Point","coordinates":[-120.67692,47.42541]},"properties":{"iaml_id":"1003-17","name":"Blewett Camp","kind":"feature","hazard":"","mining_district":"Blewett","county":"Chelan","production":"","years_of_operation":"","underground_mine":"","surface_mine":"","mill":"","visited":"","feature_description":"Adit, caved 10ft inside, bears 180 degrees","development":1,"dumps":0,"water":0,"structure":0}},
{"type":"Feature","geometry":{"type":"Point","coordinates":[-120.67692,47.42541]},"properties":{"iaml_id":"1003-18","name":"Blewett Camp","kind":"feature","hazard":"","mining_district":"Blewett","county":"Chelan","production":"","years_of_operation":"","underground_mine":"","surface_mine":"","mill":"","visited":"","feature_description":"Adit, open, bears 210 degrees.","development":1,"dumps":0,"water":0,"structure":0}},
{"type":"Feature","geometry":{"type":"Point","coordinates":[-120.6781,47.42537]},"properties":{"iaml_id":"1003-19","name":"Blewett Camp","kind":"feature","hazard":"","mining_district":"Blewett","county":"Chelan","production":"","years_of_operation":"","underground_mine":"","surface_mine":"","mill":"","visited":"","feature_description":"Adit, bears 270 degrees","development":1,"dumps":0,"water":0,"structure":0}},
{"type":"Feature","geometry":{"type":"Point","coordinates":[-120.66045,47.4247]},"properties":{"iaml_id":"1003-2","name":"Blewett Camp","kind":"feature","hazard":"","mining_district":"Blewett","county":"Chelan","production":"","years_of_operation":"","underground_mine":"","surface_mine":"","mill":"","visited":"","feature_description":"Adit, open, possibly about50ft long, no air movement. Bears 235 degrees","development":1,"dumps":0,"water":0,"structure":0}},
{"type":"Feature","geometry":{"type":"Point","coordinates":[-120.67766,47.42617]},"properties":{"iaml_id":"1003-20","name":"Blewett Camp","kind":"feature","hazard":"","mining_district":"Blewett","county":"Chelan","production":"","years_of_operation":"","underground_mine":"","surface_mine":"","mill":"","visited":"","feature_description":"Shaft, vertical, immediately adjacent to downhill edge of road. Covered by 12x12inch timbers. Possibly >100ft deep.","development":1,"dumps":0,"water":0,"structure":0}},
{"type":"Feature","geometry":{"type":"Point","coordinates":[-120.66285,47.42494]},"properties":{"iaml_id":"1003-21","name":"Blewett Camp","kind":"feature","hazard":"","mining_district":"Blewett","county":"Chelan","production":"","years_of_operation":"","underground_mine":"","surface_mine":"","mill":"","visited":"","feature_description":"Meteor Adit portal water sample (see record 1003-4).","development":0,"dumps":0,"water":1,"structure":0}},
{"type":"Feature","geometry":{"type":"Point","coordinates":[-120.66232,47.42496]},"properties":{"iaml_id":"1003-3","name":"Blewett Camp","kind":"feature","hazard":"","mining_district":"Blewett","county":"Chelan","production":"","years_of_operation":"","underground_mine":"","surface_mine":"","mill":"","visited":"","feature_description":"Opening: road building appears to have penetrated side of adit to create this opening. Original adit portal (approx 200ft down road) is caved, adit curves. No air movement.","development":1,"dumps":0,"water":0,"structure":0}},
{"type":"Feature","geometry":{"type":"Point","coordinates":[-120.66285,47.42494]},"properties":{"iaml_id":"1003-4","name":"Blewett Camp","kind":"feature","hazard":"","mining_district":"Blewett","county":"Chelan","production":"","years_of_operation":"","underground_mine":"","surface_mine":"","mill":"","visited":"","feature_description":"\"Meteor Adit\" and WRD (200ft x 30ft x 40ft slope), and core shack (intact). WRD eroded by possible past adit discharge. Also dry small stream bed entering adit portal area from SW. Discharge at time of visit about1gpm. Culver Gulch stream eroding toe of WRD. Adit open, standing water, accessed by people, length >100ft. Water sample W-B2 at toe of WRD. Water sample W-B3 at adit portal (see feature record 1003-21).","development":1,"dumps":0,"water":1,"structure":1}},
{"type":"Feature","geometry":{"type":"Point","coordinates":[-120.66525,47.42604]},"properties":{"iaml_id":"1003-5","name":"Blewett Camp","kind":"feature","hazard":"","mining_district":"Blewett","county":"Chelan","production":"","years_of_operation":"","underground_mine":"","surface_mine":"","mill":"","visited":"","feature_description":"\"Peshastin Adit\", completely caved portal","development":1,"dumps":0,"water":0,"structure":0}},
{"type":"Feature","geometry":{"type":"Point","coordinates":[-120.66889,47.42764]},"properties":{"iaml_id":"1003-6","name":"Blewett Camp","kind":"feature","hazard":"","mining_district":"Blewett","county":"Chelan","production":"","years_of_operation":"","underground_mine":"","surface_mine":"","mill":"","visited":"","feature_description":"6ft adit/prospect","development":1,"dumps":0,"water":0,"structure":0}},
{"type":"Feature","geometry":{"type":"Point","coordinates":[-120.66932,47.42832]},"properties":{"iaml_id":"1003-7","name":"Blewett Camp","kind":"feature","hazard":"","mining_district":"Blewett","county":"Chelan","production":"","years_of_operation":"","underground_mine":"","surface_mine":"","mill":"","visited":"","feature_description":"Adit: mostly caved portal with WRD (30ft x 40ft x 100ft slope). Bears 170 degrees. 30inch diameter fir tree growing on dump. Remnants of collapsed structure on dump. Rail protruding from adit. Approx 100ft straight uphill lies another dump and presumably an adit (not visited). Water impounded, depth and extent unknown.","development":1,"dumps":1,"water":0,"structure":0}},
{"type":"Feature","geometry":{"type":"Point","coordinates":[-120.67267,47.42689]},"properties":{"iaml_id":"1003-8","name":"Blewett Camp","kind":"feature","hazard":"","mining_district":"Blewett","county":"Chelan","production":"","years_of_operation":"","underground_mine":"","surface_mine":"","mill":"","visited":"","feature_description":"Adit, open, curved, contains water, WRD (300ft x 60ft x 40ft slope) in streambed reworked by stream and/or bulldozer, pelton wheel lies on N slope of gulch near here. Water impounded, depth and extent unknown. Water sample W-B4.","development":1,"dumps":1,"water":1,"structure":0}},
{"type":"Feature","geometry":{"type":"Point","coordinates":[-120.67396,47.42627]},"properties":{"iaml_id":"1003-9","name":"Blewett Camp","kind":"feature","hazard":"","mining_district":"Blewett","county":"Chelan","production":"","years_of_operation":"","underground_mine":"","surface_mine":"","mill":"","visited":"","feature_description":"\"Tunnel no. 9\" (Pole Pick tunnel), mostly caved, filled, sluffing highbank above. 2 shacks (intact) on skids contain tools and materials. Equipment lying on WRD includes: 1 compressed air locomotive engine, 1 Ingersol Rand compressor, 2 empty 400gal fuel tanks, 2 empty air tanks, 2 ore cars, 1 loader, scrap matal, various pipe, claim marker. Pipe in gully discharging, presumably from adit. Water sampled W-B5.","development":1,"dumps":1,"water":1,"structure":1}},
{"type":"Feature","geometry":{"type":"Point","coordinates":[-120.315208,47.382064]},"properties":{"iaml_id":"1004","name":"Lovitt","kind":"site","hazard":"unknown","mining_district":"Wenatchee(?)","county":"Chelan","production":"","years_of_operation":"","underground_mine":"","surface_mine":"","mill":"","visited":"No","feature_description":""}},
{"type":"Feature","geometry":{"type":"Point","coordinates":[-120.325153,47.395622]},"properties":{"iaml_id":"1005","name":"Cannon, Asamera","kind":"site","hazard":"unknown","mining_district":"Wenatchee","county":"Chelan","production":"","years_of_operation":"","underground_mine":"","surface_mine":"","mill":"","visited":"No","feature_description":""}},
{"type":"Feature","geometry":{"type":"Point","coordinates":[-118.551456,48.710194]},"properties":{"iaml_id":"1007","name":"Copper Key","kind":"site","hazard":"unknown","mining_district":"Belcher","county":"Ferry","production":"","years_of_operation":"","underground_mine":"Yes","surface_mine":"Yes","mill":"","visited":"Yes","feature_description":""}},
{"type":"Feature","geometry":{"type":"Point","coordinates":[-118.602653,48.996489]},"properties":{"iaml_id":"1008","name":"Lone Star and Washington","kind":"site","hazard":"unknown","mining_district":"Danville(?)","county":"Ferry","production":"Most recent production inn 1970s shipped ore to Canada. Surface Mining Rec. Permit 11523.","years_of_operation":"1897-1993, intermittent","underground_mine":"Yes","surface_mine":"Yes","mill":"No","visited":"Yes","feature_description":""}},
{"type":"Feature","geometry":{"type":"Point","coordinates":[-118.60341,48.9956]},"properties":{"iaml_id":"1008-1","name":"Lone Star and Washington","kind":"feature","hazard":"","mining_district":"Danville(?)","county":"Ferry","production":"","years_of_operation":"","underground_mine":"","surface_mine":"","mill":"","visited":"","feature_description":"Pit. Benched, low angle walls. Approx 500ft x 800ft x 100ft deep. Some revegetation on walls and floor. Abundant approx 12 year old fir trees on  steep slopes (apparently of waste rock) outside pit.","development":1,"dumps":0,"water":1,"structure":0}},
{"type":"Feature","geometry":{"type":"Point","coordinates":[-118.60341,48.9956]},"properties":{"iaml_id":"1008-2","name":"Lone Star and Washington","kind":"feature","hazard":"","mining_district":"Danville(?)","county":"Ferry","production":"","years_of_operation":"","underground_mine":"","surface_mine":"","mill":"","visited":"","feature_description":"Pond nearly devoid of life except for insects, very few underwater plants where water enters from upper pond. Cattle apparently drink here. Sample collected from this pond at shore opposite where water enters from upper pond. Discharge into pond at about10 gpm, no outlet.","development":0,"dumps":0,"water":1,"structure":0}},
{"type":"Feature","geometry":{"type":"Point","coordinates":[-118.60341,48.9956]},"properties":{"iaml_id":"1008-3","name":"Lone Star and Washington","kind":"feature","hazard":"","mining_district":"Danville(?)","county":"Ferry","production":"","years_of_operation":"","underground_mine":"","surface_mine":"","mill":"","visited":"","feature_description":"Pond, abundant life. Discharges into lower pond (1008-2) at about10 gpm. Bed color orange with much green and green-grey algae. Third (smaller) pond (approx 30ft diameter, 1ft deep), brackish with much vegetation. Thick blackish algae on bottom, green algae, cattails. Other adjacent pools (small, deep). Water may be coming to surface here. Possibly obliterated adit here. Only evidence observed is two sections of narrow gage rail and 3 drill holes.","development":0,"dumps":0,"water":1,"structure":0}},
{"type":"Feature","geometry":{"type":"Point","coordinates":[-118.23821,48.98696]},"properties":{"iaml_id":"1009","name":"Talisman Mine","kind":"site","hazard":"yes","mining_district":"Orient","county":"Ferry","production":"approx. 5000 tons","years_of_operation":"1915/16, 1946-53","underground_mine":"Yes","surface_mine":"No","mill":"see Talisman mill","visited":"Yes","feature_description":""}},
{"type":"Feature","geometry":{"type":"Point","coordinates":[-118.23826,48.98653]},"properties":{"iaml_id":"1009-1","name":"Talisman mine","kind":"feature","hazard":"","mining_district":"Orient","county":"Ferry","production":"","years_of_operation":"","underground_mine":"","surface_mine":"","mill":"","visited":"","feature_description":"10ft deep, partly filled opening","development":1,"dumps":0,"water":0,"structure":0}},
{"type":"Feature","geometry":{"type":"Point","coordinates":[-118.23839,48.98676]},"properties":{"iaml_id":"1009-2","name":"Talisman mine","kind":"feature","hazard":"","mining_district":"Orient","county":"Ferry","production":"","years_of_operation":"","underground_mine":"","surface_mine":"","mill":"","visited":"","feature_description":"Open stope, partly caved, 70ft x 20ft opening at surface. Possibly 100+ft deep, curves, but generally strikes 300 degrees, dips 55 degrees. Rotten timbers.","development":1,"dumps":0,"water":0,"structure":0}},
{"type":"Feature","geometry":{"type":"Point","coordinates":[-118.23821,48.98696]},"properties":{"iaml_id":"1009-3","name":"Talisman mine","kind":"feature","hazard":"","mining_district":"Orient","county":"Ferry","production":"","years_of_operation":"","underground_mine":"","surface_mine":"","mill":"","visited":"","feature_description":"No. 1 Adit, open. WRD, collapsed ruins of tram terminal, small wood frame building at adit portal platform. WRD extends down cliff face, dimensions unknown.","development":1,"dumps":1,"water":1,"structure":1}},
{"type":"Feature","geometry":{"type":"Point","coordinates":[-118.75241,48.70005]},"properties":{"iaml_id":"1017","name":"Tom Thumb","kind":"site","hazard":"unknown","mining_district":"Republic","county":"Ferry","production":"25,407 tons yielding 0.334 opt Au, 0.58 opt Ag.","years_of_operation":"1908 - 1949, intermittent","underground_mine":"Yes","surface_mine":"","mill":"No","visited":"Yes","feature_description":""}},
{"type":"Feature","geometry":{"type":"Point","coordinates":[-118.75804,48.69594]},"properties":{"iaml_id":"1017-1","name":"Tom Thumb","kind":"feature","hazard":"","mining_district":"Republic","county":"Ferry","production":"","years_of_operation":"","underground_mine":"","surface_mine":"","mill":"","visited":"","feature_description":"about100 cu yd WRD, no opening.","development":0,"dumps":1,"water":0,"structure":0}},
{"type":"Feature","geometry":{"type":"Point","coordinates":[-118.75338,48.69795]},"properties":{"iaml_id":"1017-2","name":"Tom Thumb","kind":"feature","hazard":"","mining_district":"Republic","county":"Ferry","production":"","years_of_operation":"","underground_mine":"","surface_mine":"","mill":"","visited":"","feature_description":"Three (possibly more) shallow shafts or exploratory pits, all filled to within 5ft of surface, dry.","development":1,"dumps":0,"water":0,"structure":0}},
{"type":"Feature","geometry":{"type":"Point","coordinates":[-118.75299,48.69858]},"properties":{"iaml_id":"1017-3","name":"Tom Thumb","kind":"feature","hazard":"","mining_district":"Republic","county":"Ferry","production":"","years_of_operation":"","underground_mine":"","surface_mine":"","mill":"","visited":"","feature_description":"Bore hole.","development":0,"dumps":0,"water":0,"structure":0}},
{"type":"Feature","geometry":{"type":"Point","coordinates":[-118.75339,48.69953]},"properties":{"iaml_id":"1017-4","name":"Tom Thumb","kind":"feature","hazard":"","mining_district":"Republic","county":"Ferry","production":"","years_of_operation":"","underground_mine":"","surface_mine":"","mill":"","visited":"","feature_description":"Trench, 50x4x6ft deep","development":1,"dumps":0,"water":0,"structure":0}},
{"type":"Feature","geometry":{"type":"Point","coordinates":[-118.7524,48.70005]},"properties":{"iaml_id":"1017-5","name":"Tom Thumb","kind":"feature","hazard":"","mining_district":"Republic","county":"Ferry","production":"","years_of_operation":"","underground_mine":"","surface_mine":"","mill":"","visited":"","feature_description":"8ft deep exploration, moist mud, grass at bottom.","development":1,"dumps":0,"water":0,"structure":0}},
{"type":"Feature","geometry":{"type":"Point","coordinates":[-118.75258,48.69829]},"properties":{"iaml_id":"1017-6","name":"Tom Thumb","kind":"feature","hazard":"","mining_district":"Republic","county":"Ferry","production":"","years_of_operation":"","underground_mine":"","surface_mine":"","mill":"","visited":"","feature_description":"Possible adit, filled.","development":1,"dumps":0,"water":0,"structure":0}},
{"type":"Feature","geometry":{"type":"Point","coordinates":[-118.77126,48.67822]},"properties":{"iaml_id":"1020","name":"South Penn","kind":"site","hazard":"unknown","mining_district":"Republic","county":"Ferry","production":"A roasting kiln remains on site.","years_of_operation":"1941 - 1989 intermittent","underground_mine":"Not determined","surface_mine":"Yes","mill":"No mill on site","visited":"Yes","feature_description":""}},
{"type":"Feature","geometry":{"type":"Point","coordinates":[-118.77126,48.67822]},"properties":{"iaml_id":"1020-1","name":"South Penn","kind":"feature","hazard":"","mining_district":"Republic","county":"Ferry","production":"","years_of_operation":"","underground_mine":"","surface_mine":"","mill":"","visited":"","feature_description":"Open pit, approx 4 acres, 1700x550ft, steep highwalls to 35ft high. Tailings repository, apparently wholly or partly lined, approx 2 acres, 300x350ft, up to 20ft thick. Water seep between pit and tailings used by cattle, Dry drainage channel at edge of tailings stained orange. Staining continues downstream several hundred feet. Machinery apparently abandoned on site. Tailings sampled.","development":1,"dumps":1,"water":1,"structure":0}},
{"type":"Feature","geometry":{"type":"Point","coordinates":[-118.757819,48.673447]},"properties":{"iaml_id":"1022","name":"Knob Hill","kind":"site","hazard":"unknown","mining_district":"Republic","county":"Ferry","production":"","years_of_operation":"","underground_mine":"","surface_mine":"","mill":"Yes","visited":"Yes","feature_description":""}},
{"type":"Feature","geometry":{"type":"Point","coordinates":[-118.514719,48.96095]},"properties":{"iaml_id":"1023","name":"Morning Star","kind":"site","hazard":"yes","mining_district":"Danville","county":"Ferry","production":"","years_of_operation":"","underground_mine":"Yes","surface_mine":"","mill":"No mill","visited":"Yes","feature_description":""}},
{"type":"Feature","geometry":{"type":"Point","coordinates":[-118.52026,48.96634]},"properties":{"iaml_id":"1023-1","name":"Morning Star","kind":"feature","hazard":"","mining_district":"Danville","county":"Ferry","production":"","years_of_operation":"","underground_mine":"","surface_mine":"","mill":"","visited":"","feature_description":"Open cut and 6ft adit. Qtz vein with pyrite and serpentine at edges. about30ft up slope lies 15x15x5ft deep subsidence feature.","development":1,"dumps":0,"water":0,"structure":0}},
{"type":"Feature","geometry":{"type":"Point","coordinates":[-118.51676,48.96471]},"properties":{"iaml_id":"1023-11","name":"Morning Star","kind":"feature","hazard":"","mining_district":"Danville","county":"Ferry","production":"","years_of_operation":"","underground_mine":"","surface_mine":"","mill":"","visited":"","feature_description":"Shaft, open, approx 50ft to water, surrounded by deteriorated collapsing wooden fence. Est. 40cu yd WRD.","development":1,"dumps":1,"water":1,"structure":1}},
{"type":"Feature","geometry":{"type":"Point","coordinates":[-118.5191,48.96667]},"properties":{"iaml_id":"1023-2","name":"Morning Star","kind":"feature","hazard":"","mining_district":"Danville","county":"Ferry","production":"","years_of_operation":"","underground_mine":"","surface_mine":"","mill":"","visited":"","feature_description":"150x80ft triangular shaped platform. Much waste rock pushed around, original slope of WRD observed, Original mine openings filled or otherwise obliterated.","development":1,"dumps":1,"water":0,"structure":0}},
{"type":"Feature","geometry":{"type":"Point","coordinates":[-118.51918,48.96699]},"properties":{"iaml_id":"1023-3","name":"Morning Star","kind":"feature","hazard":"","mining_district":"Danville","county":"Ferry","production":"","years_of_operation":"","underground_mine":"","surface_mine":"","mill":"","visited":"","feature_description":"Adit","development":1,"dumps":0,"water":0,"structure":0}},
{"type":"Feature","geometry":{"type":"Point","coordinates":[-118.51899,48.96689]},"properties":{"iaml_id":"1023-4","name":"Morning Star","kind":"feature","hazard":"","mining_district":"Danville","county":"Ferry","production":"","years_of_operation":"","underground_mine":"","surface_mine":"","mill":"","visited":"","feature_description":"40x30x20ft deep hole, subsidence feature? shaft?","development":1,"dumps":0,"water":0,"structure":0}},
{"type":"Feature","geometry":{"type":"Point","coordinates":[-118.51952,48.96815]},"properties":{"iaml_id":"1023-5","name":"Morning Star","kind":"feature","hazard":"","mining_district":"Danville","county":"Ferry","production":"","years_of_operation":"","underground_mine":"","surface_mine":"","mill":"","visited":"","feature_description":"Openings: adit bears 170 degrees, caved feature may be shaft. WRD (60ft x 25ft x 60ft slope).","development":1,"dumps":1,"water":0,"structure":0}},
{"type":"Feature","geometry":{"type":"Point","coordinates":[-118.5196,48.96761]},"properties":{"iaml_id":"1023-6","name":"Morning Star","kind":"feature","hazard":"","mining_district":"Danville","county":"Ferry","production":"","years_of_operation":"","underground_mine":"","surface_mine":"","mill":"","visited":"","feature_description":"Adit, caved. Slickensides, turquoise color staining.","development":1,"dumps":0,"water":0,"structure":0}},
{"type":"Feature","geometry":{"type":"Point","coordinates":[-118.745389,48.637367]},"properties":{"iaml_id":"1024","name":"Republic","kind":"site","hazard":"yes","mining_district":"Republic","county":"Ferry","production":"Mill foundations and tailings remain on hill over looking Granite Creek 2000ft E of mine workings and 3600ft S of center of town of Republic. This mill presumably processed ore from many sites. There were concentrating mills at at least two locations near Republic around 1900. This mill is thought to be the Republic Reduction Company mill built in 1899-1900 (Photo DSCN1860.jpg).","years_of_operation":"1898-1946","underground_mine":"Yes","surface_mine":"No","mill":"Yes","visited":"Yes","feature_description":""}},
{"type":"Feature","geometry":{"type":"Point","coordinates":[-118.74431,48.63839]},"properties":{"iaml_id":"1024-1","name":"Republic","kind":"feature","hazard":"","mining_district":"Republic","county":"Ferry","production":"","years_of_operation":"","underground_mine":"","surface_mine":"","mill":"","visited":"","feature_description":"Adit, \"Republic No.1\" (?), caved/filled at portal, about300 cu yds WRD. Dry.","development":1,"dumps":1,"water":0,"structure":0}},
{"type":"Feature","geometry":{"type":"Point","coordinates":[-118.73785,48.6378]},"properties":{"iaml_id":"1024-10","name":"Republic","kind":"feature","hazard":"","mining_district":"Republic","county":"Ferry","production":"","years_of_operation":"","underground_mine":"","surface_mine":"","mill":"","visited":"","feature_description":"Possible adit, caved.","development":1,"dumps":0,"water":0,"structure":0}},
{"type":"Feature","geometry":{"type":"Point","coordinates":[-118.73559,48.6372]},"properties":{"iaml_id":"1024-11","name":"Republic","kind":"feature","hazard":"","mining_district":"Republic","county":"Ferry","production":"","years_of_operation":"","underground_mine":"","surface_mine":"","mill":"","visited":"","feature_description":"Republic Reduction Company mill site. Includes: concrete footings, wooden ore bin and ore, subsidence feature or pit (with household garbage), masonry walls and stamp mill footings, various mounds of tailings, large volume of tailings, actively eroding into Granite Creek. Total tailings: approx 2 acres, 600x200ft, at creek bank from 9cm to 15ft thick, estimate 10,000 cu yds. Three tailings samples collected from stream bank.","development":0,"dumps":1,"water":0,"structure":1}},
{"type":"Feature","geometry":{"type":"Point","coordinates":[-118.74672,48.63605]},"properties":{"iaml_id":"1024-2","name":"Republic","kind":"feature","hazard":"","mining_district":"Republic","county":"Ferry","production":"","years_of_operation":"","underground_mine":"","surface_mine":"","mill":"","visited":"","feature_description":"Adit, caved, about150 cu yds WRD. Dry.","development":1,"dumps":1,"water":0,"structure":0}},
{"type":"Feature","geometry":{"type":"Point","coordinates":[-118.74711,48.63783]},"properties":{"iaml_id":"1024-3","name":"Republic","kind":"feature","hazard":"","mining_district":"Republic","county":"Ferry","production":"","years_of_operation":"","underground_mine":"","surface_mine":"","mill":"","visited":"","feature_description":"Adit, caved or filled, about200 cu yds WRD. Dry.","development":1,"dumps":1,"water":0,"structure":0}},
{"type":"Feature","geometry":{"type":"Point","coordinates":[-118.74777,48.63778]},"properties":{"iaml_id":"1024-4","name":"Republic","kind":"feature","hazard":"","mining_district":"Republic","county":"Ferry","production":"","years_of_operation":"","underground_mine":"","surface_mine":"","mill":"","visited":"","feature_description":"Opening, caved/filled. Concrete block structure ruins. Clay rich tailings-like waste. Dry.","development":1,"dumps":1,"water":0,"structure":0}},
{"type":"Feature","geometry":{"type":"Point","coordinates":[-118.74591,48.63652]},"properties":{"iaml_id":"1024-5","name":"Republic","kind":"feature","hazard":"","mining_district":"Republic","county":"Ferry","production":"","years_of_operation":"","underground_mine":"","surface_mine":"","mill":"","visited":"","feature_description":"Adit, portal mostly filled/caved, 1.5x0.75ft opening, length unknown, about100 cu yds WRD. Dry.","development":1,"dumps":1,"water":0,"structure":0}},
{"type":"Feature","geometry":{"type":"Point","coordinates":[-118.74636,48.63653]},"properties":{"iaml_id":"1024-6","name":"Republic","kind":"feature","hazard":"","mining_district":"Republic","county":"Ferry","production":"","years_of_operation":"","underground_mine":"","surface_mine":"","mill":"","visited":"","feature_description":"Stope, 50x35ft opening with 30ft vertical highwall near S end of timbered stope trending 35 degrees, plunging 60 degrees. Opening had been filled, but hole has re-opened (fill has subsided). Stope extends approx 500ft horizontally and to unknown depth. It is suggested that fill material may continue to subside, as it has near the N end (photo https://fortress.wa.gov/dnr/geologydata/inactive_abandoned_mines/image_1894.jpg). Household garbage in S opening. Dry.","development":1,"dumps":0,"water":0,"structure":0}},
{"type":"Feature","geometry":{"type":"Point","coordinates":[-118.74621,48.63796]},"properties":{"iaml_id":"1024-7","name":"Republic","kind":"feature","hazard":"","mining_district":"Republic","county":"Ferry","production":"","years_of_operation":"","underground_mine":"","surface_mine":"","mill":"","visited":"","feature_description":"Adit, mostly filled portal, opening 5x1ft, length unknown. Dry.","development":1,"dumps":0,"water":0,"structure":0}},
{"type":"Feature","geometry":{"type":"Point","coordinates":[-118.74603,48.63808]},"properties":{"iaml_id":"1024-8","name":"Republic","kind":"feature","hazard":"","mining_district":"Republic","county":"Ferry","production":"","years_of_operation":"","underground_mine":"","surface_mine":"","mill":"","visited":"","feature_description":"Adit, filled portal.","development":1,"dumps":0,"water":0,"structure":0}},
{"type":"Feature","geometry":{"type":"Point","coordinates":[-118.74638,48.6359]},"properties":{"iaml_id":"1024-9","name":"Republic","kind":"feature","hazard":"","mining_district":"Republic","county":"Ferry","production":"","years_of_operation":"","underground_mine":"","surface_mine":"","mill":"","visited":"","feature_description":"Shaft, caved/filled, dry.","development":1,"dumps":0,"water":0,"structure":0}},
{"type":"Feature","geometry":{"type":"Point","coordinates":[-121.512258,47.695]},"properties":{"iaml_id":"1025","name":"Apex","kind":"site","hazard":"yes","mining_district":"Miller River; Money Creek","county":"King","production":"Mill site included gravity concentrating tables and lower tramway terminal only. Less than 100 tons ore processed on site. Total production $300,000.","years_of_operation":"1889-1943","underground_mine":"Yes","surface_mine":"No","mill":"gravity","visited":"Yes","feature_description":""}},
{"type":"Feature","geometry":{"type":"Point","coordinates":[-121.51699,47.69431]},"properties":{"iaml_id":"1025-1","name":"Apex","kind":"feature","hazard":"","mining_district":"Miller River; Money Creek","county":"King","production":"","years_of_operation":"","underground_mine":"","surface_mine":"","mill":"","visited":"","feature_description":"Adit 2: open, length 150ft (literature), water pouring in from above, water standing approx 1ft deep, 55gal drum inside portal. WRD 20ft x 50ft x 125ft. Collapsed wooden structure served as landing.","development":1,"dumps":1,"water":1,"structure":1}},
{"type":"Feature","geometry":{"type":"Point","coordinates":[-121.51628,47.69406]},"properties":{"iaml_id":"1025-2","name":"Apex","kind":"feature","hazard":"","mining_district":"Miller River; Money Creek","county":"King","production":"","years_of_operation":"","underground_mine":"","surface_mine":"","mill":"","visited":"","feature_description":"Adit 3: partly open, reported length 500ft., timbered collar. Portal partly filled with colluvium. Approx 2gpm water discharge across dump then infiltrates. WRD (35ft x 40ft x 150ft slope) volume approx 500 cu yd.","development":1,"dumps":1,"water":1,"structure":0}},
{"type":"Feature","geometry":{"type":"Point","coordinates":[-121.51224,47.69556]},"properties":{"iaml_id":"1025-3","name":"Apex","kind":"feature","hazard":"","mining_district":"Miller River; Money Creek","county":"King","production":"","years_of_operation":"","underground_mine":"","surface_mine":"","mill":"","visited":"","feature_description":"Site of historic tram terminal, snow shed, bunkhouse and adit. Includes: Adit 4 in precipitious Milwaukee Ck canyon, below lake. Adit is open, large blocks caving from near portal. Minor water standing on floor. Present opening driven approx 1985, failed to intersect historic adit. Historic adit portal caved, directly above cribbing in creek. Historic adit leads to stopes under lake. Tram terminal remnants collapsed and burned. Path between adit and WRD (area of former snowshed) is partly caved. Large diameter culvert section lying on iron stained WRD (50ft x 30ft x 80ft slope) contains bunkbed and wood stove.","development":1,"dumps":1,"water":1,"structure":1}},
{"type":"Feature","geometry":{"type":"Point","coordinates":[-121.50485,47.70265]},"properties":{"iaml_id":"1025-4","name":"Apex","kind":"feature","hazard":"","mining_district":"Miller River; Money Creek","county":"King","production":"","years_of_operation":"","underground_mine":"","surface_mine":"","mill":"","visited":"","feature_description":"Remnants of historic lower tram terminal and mill site. Mill consisted of gravity concentrating tables only. Less than 100 tons ore processed. Site includes remains of engine block, pelton wheel, electrical motor/generator, some deteriorating timbers. Site burned. No structure standing.  <100cu yds iron stained gravel and sand size waste rock. Small stream flows through site and into Money Creek. Creek contains thick green algae, orange bed.","development":0,"dumps":1,"water":1,"structure":1}},
{"type":"Feature","geometry":{"type":"Point","coordinates":[-122.233297,46.546303]},"properties":{"iaml_id":"1026","name":"Roy and Barnum McDonnell","kind":"site","hazard":"yes","mining_district":"Morton Cinnabar","county":"Lewis","production":"Different retorts operated at different times in different areas of the site. 300 ton/day at mouth of BM6 haul tunnel never used.","years_of_operation":"1926-1940, intermittent","underground_mine":"Yes","surface_mine":"","mill":"retort","visited":"Yes","feature_description":""}},
{"type":"Feature","geometry":{"type":"Point","coordinates":[-122.233297,46.546303]},"properties":{"iaml_id":"1026a","name":"Barnum McDonnell","kind":"site","hazard":"unknown","mining_district":"Morton Cinnabar","county":"Lewis","production":"","years_of_operation":"","underground_mine":"","surface_mine":"","mill":"retort","visited":"Unknown","feature_description":""}},
{"type":"Feature","geometry":{"type":"Point","coordinates":[-122.23194,46.54696]},"properties":{"iaml_id":"1026a-1","name":"Roy and Barnum McDonnell","kind":"feature","hazard":"","mining_district":"Morton Cinnabar","county":"Lewis","production":"","years_of_operation":"","underground_mine":"","surface_mine":"","mill":"","visited":"","feature_description":"BM1 adit, caved.","development":1,"dumps":0,"water":0,"structure":0}},
{"type":"Feature","geometry":{"type":"Point","coordinates":[-122.23167,46.54628]},"properties":{"iaml_id":"1026a-2","name":"Roy and Barnum McDonnell","kind":"feature","hazard":"","mining_district":"Morton Cinnabar","county":"Lewis","production":"","years_of_operation":"","underground_mine":"","surface_mine":"","mill":"","visited":"","feature_description":"BM2 adit, portal caved. Subsidence on centerline of adit: 50ft diameter above portal and 10ft diameter, 26ft deep vertical opening (on road).","development":1,"dumps":0,"water":0,"structure":0}},
{"type":"Feature","geometry":{"type":"Point","coordinates":[-122.23294,46.54577]},"properties":{"iaml_id":"1026a-4","name":"Roy and Barnum McDonnell","kind":"feature","hazard":"","mining_district":"Morton Cinnabar","county":"Lewis","production":"","years_of_operation":"","underground_mine":"","surface_mine":"","mill":"","visited":"","feature_description":"Barnum McDonnell No. 4 adit, caved. Small WRD bisected by unnamed intermittent stream. Water sample W-BM4 taken from stream.","development":1,"dumps":1,"water":1,"structure":0}},
{"type":"Feature","geometry":{"type":"Point","coordinates":[-122.23842,46.54531]},"properties":{"iaml_id":"1026a-5","name":"Roy and Barnum McDonnell","kind":"feature","hazard":"","mining_district":"Morton Cinnabar","county":"Lewis","production":"","years_of_operation":"","underground_mine":"","surface_mine":"","mill":"","visited":"","feature_description":"Site of BM6 haulage adit.   Adit reported to be 1400ft. Adit is obliterated. Water drains through 36 inch culvert under Davis Lake Rd at reported adit location.","development":1,"dumps":0,"water":1,"structure":0}},
{"type":"Feature","geometry":{"type":"Point","coordinates":[-122.23842,46.54531]},"properties":{"iaml_id":"1026a-6","name":"Roy and Barnum McDonnell","kind":"feature","hazard":"","mining_district":"Morton Cinnabar","county":"Lewis","production":"","years_of_operation":"","underground_mine":"","surface_mine":"","mill":"","visited":"","feature_description":"Remains of 300 ton/day mill. Concrete skeletal structure 50ft S of BM6 haul tunnel. Few cu yd pile of fine grain material (sample S-Roy-Const) and water impounded inside structure. Mill never produced. Water (see 1026a-5 entry) flowing around structure. Adjacent sub-grade concrete foundation/sump presents fall hazard.","development":0,"dumps":0,"water":1,"structure":1}},
{"type":"Feature","geometry":{"type":"Point","coordinates":[-122.23831,46.54702]},"properties":{"iaml_id":"1026a-7","name":"Roy and Barnum McDonnell","kind":"feature","hazard":"","mining_district":"Morton Cinnabar","county":"Lewis","production":"","years_of_operation":"","underground_mine":"","surface_mine":"","mill":"","visited":"","feature_description":"R1, water impound in adit. 1 inch PVC pipe with valve supplies domestic water. Portal blocked by colluvium except 1x3ft opening at top. Thick vegetation. Water sample W-Roy1 at adit.","development":1,"dumps":0,"water":1,"structure":0}},
{"type":"Feature","geometry":{"type":"Point","coordinates":[-122.23729,46.55027]},"properties":{"iaml_id":"1026a-8","name":"Roy and Barnum McDonnell","kind":"feature","hazard":"","mining_district":"Morton Cinnabar","county":"Lewis","production":"","years_of_operation":"","underground_mine":"","surface_mine":"","mill":"","visited":"","feature_description":"Roy No. 5, caved adit, water flowing down highwall and across small WRD, evidence of retort (fire bricks, oxidized soil) at WRD. Water samples: W-Roy5 (at adit), this record, and W-Roy5-1 (below dump), record 1026a-10.","development":1,"dumps":1,"water":1,"structure":0}},
{"type":"Feature","geometry":{"type":"Point","coordinates":[-122.23153,46.54975]},"properties":{"iaml_id":"1026a-9","name":"Roy and Barnum McDonnell","kind":"feature","hazard":"","mining_district":"Morton Cinnabar","county":"Lewis","production":"","years_of_operation":"","underground_mine":"","surface_mine":"","mill":"","visited":"","feature_description":"Open adit adjacent to apparently completely caved adit (\"Parmenter Tunnel\"?). Rotted timbers inside. Sandstone slab overhangs entrance. Reported length 60ft. Reported to have been dug by front-end loader in early 1960s. WRD (12ft x 50ft x 60ft slope).","development":1,"dumps":1,"water":0,"structure":0}},
{"type":"Feature","geometry":{"type":"Point","coordinates":[-122.233297,46.546303]},"properties":{"iaml_id":"1026b","name":"Roy","kind":"site","hazard":"unknown","mining_district":"Morton Cinnabar","county":"Lewis","production":"","years_of_operation":"","underground_mine":"","surface_mine":"","mill":"retort","visited":"Unknown","feature_description":""}},
{"type":"Feature","geometry":{"type":"Point","coordinates":[-118.890553,48.830569]},"properties":{"iaml_id":"1028","name":"Bodie","kind":"site","hazard":"yes","mining_district":"Wauconda","county":"Okanogan","production":"Amalgamation-cyanide and flotation.","years_of_operation":"1902 - 1944, intermittent","underground_mine":"Yes","surface_mine":"Yes","mill":"Yes","visited":"Yes","feature_description":""}},
{"type":"Feature","geometry":{"type":"Point","coordinates":[-118.89571,48.83206]},"properties":{"iaml_id":"1028-1","name":"Bodie","kind":"feature","hazard":"","mining_district":"Wauconda","county":"Okanogan","production":"","years_of_operation":"","underground_mine":"","surface_mine":"","mill":"","visited":"","feature_description":"Mill site: Two 1\" diameter cables extend through the air from top of steep slope above mill site to horizontal area of mill site. Observed mill building ruins include concrete footings only.","development":0,"dumps":0,"water":0,"structure":1}},
{"type":"Feature","geometry":{"type":"Point","coordinates":[-118.89571,48.83206]},"properties":{"iaml_id":"1028-2","name":"Bodie","kind":"feature","hazard":"","mining_district":"Wauconda","county":"Okanogan","production":"","years_of_operation":"","underground_mine":"","surface_mine":"","mill":"","visited":"","feature_description":"Structure 100' S of mill site (1028-10). Old, long abandoned house w/ chimney, partly crushed by fallen tree","development":0,"dumps":0,"water":0,"structure":1}},
{"type":"Feature","geometry":{"type":"Point","coordinates":[-118.8967,48.83355]},"properties":{"iaml_id":"1028-3","name":"Bodie","kind":"feature","hazard":"","mining_district":"Wauconda","county":"Okanogan","production":"","years_of_operation":"","underground_mine":"","surface_mine":"","mill":"","visited":"","feature_description":"Tailings, in floodplain between mill site (1028-10) and Toroda creek and extending 1500 ft along Torada Creek N of mill site. Mostly covered with grass, some shrubs and trees. Torada Creek is actively eroding tailings for 1000ft along perimeter of dump. Raforth sampled water here (2000). Torada creek flows at a few thousand gpm.Tailings sampled.","development":0,"dumps":1,"water":1,"structure":0}},
{"type":"Feature","geometry":{"type":"Point","coordinates":[-118.89533,48.83122]},"properties":{"iaml_id":"1028-4","name":"Bodie","kind":"feature","hazard":"","mining_district":"Wauconda","county":"Okanogan","production":"","years_of_operation":"","underground_mine":"","surface_mine":"","mill":"","visited":"","feature_description":"Adit, open, short. On abandoned road SE of mill site (1028-10). WRD approx 30ft x 50ft x 60ft slope.","development":1,"dumps":1,"water":1,"structure":0}},
{"type":"Feature","geometry":{"type":"Point","coordinates":[-118.89349,48.83108]},"properties":{"iaml_id":"1028-5","name":"Bodie","kind":"feature","hazard":"","mining_district":"Wauconda","county":"Okanogan","production":"","years_of_operation":"","underground_mine":"","surface_mine":"","mill":"","visited":"","feature_description":"Adit, open, bald-headed, narrow, significant air flow. Length: beyond flashlight beam. Located above mill site (1028-10) at upper end of tram cables. Three small WRD: 50ft x 40ft x 80ft slope; 10ft x 20ft x 80ft slope; 20ft x 30ft x 80ft slope. Log building adjacent to adit, partly caved roof, served as shop, contains forge ruins, pneumatic drill parts.","development":1,"dumps":1,"water":0,"structure":1}},
{"type":"Feature","geometry":{"type":"Point","coordinates":[-118.89234,48.83078]},"properties":{"iaml_id":"1028-6","name":"Bodie","kind":"feature","hazard":"","mining_district":"Wauconda","county":"Okanogan","production":"","years_of_operation":"","underground_mine":"","surface_mine":"","mill":"","visited":"","feature_description":"Adit, portal mostly closed by sluffing. 12x6\" opening exhausting cold air. Located in ravine, approx 140 ft above 1028-5. 30ft x 40ft x 60ft slope WRD with natural revegetation.","development":1,"dumps":1,"water":0,"structure":0}},
{"type":"Feature","geometry":{"type":"Point","coordinates":[-118.89086,48.83206]},"properties":{"iaml_id":"1028-7","name":"Bodie","kind":"feature","hazard":"","mining_district":"Wauconda","county":"Okanogan","production":"","years_of_operation":"","underground_mine":"","surface_mine":"","mill":"","visited":"","feature_description":"Stope, open, unstable edges, with associated subsidence. Located at top of bluff. Extends 420 ft, trends approx N30E, 4 - 10 ft wide, >100 ft deep. Plunges at 74 degrees below horizontal.","development":1,"dumps":0,"water":0,"structure":0}},
{"type":"Feature","geometry":{"type":"Point","coordinates":[-118.89175,48.83083]},"properties":{"iaml_id":"1028-8","name":"Bodie","kind":"feature","hazard":"","mining_district":"Wauconda","county":"Okanogan","production":"","years_of_operation":"","underground_mine":"","surface_mine":"","mill":"","visited":"","feature_description":"Adit, entrance opening 36\"x18\"; partly filled; hinged wooden door inside. Hasp on wooden door cut with bolt cutters. Located approx 75 ft SSW of S end of open stope (1028-7). Adjacent collapsing wooden structure.","development":1,"dumps":0,"water":0,"structure":1}},
{"type":"Feature","geometry":{"type":"Point","coordinates":[-118.89188,48.83107]},"properties":{"iaml_id":"1028-9","name":"Bodie","kind":"feature","hazard":"","mining_district":"Wauconda","county":"Okanogan","production":"","years_of_operation":"","underground_mine":"","surface_mine":"","mill":"","visited":"","feature_description":"Adit, partly caved inside; entrance partly filled; wooden doorway partly covered. Located approx 85 ft W of S end of open stope (1028-7). 20ft x 40ft x 80ft slope WRD. Dry; sparse, normal vegetation.","development":1,"dumps":1,"water":0,"structure":0}},
{"type":"Feature","geometry":{"type":"Point","coordinates":[-119.59305,48.857039]},"properties":{"iaml_id":"1029","name":"Copper World extension","kind":"site","hazard":"unknown","mining_district":"Palmer Mtn","county":"Okanogan","production":"","years_of_operation":"","underground_mine":"","surface_mine":"","mill":"","visited":"No","feature_description":""}},
{"type":"Feature","geometry":{"type":"Point","coordinates":[-120.157978,48.322072]},"properties":{"iaml_id":"1030","name":"Alder","kind":"site","hazard":"yes","mining_district":"Twisp","county":"Okanogan","production":"Mill site lies at 1840ft approx 1/2 mile SSE from center of town of Twisp. 1939-1941: \"ore and concentrates in excess of $400,000 were produced and shipped to the ASARCO smelter in Tacoma\" (Lucas 1976). 1950: 300 ton/day selected flotation mill. Produced full time until May 1953.","years_of_operation":"late 1920s - May 1953, intermittent","underground_mine":"Yes","surface_mine":"Yes","mill":"No mill on site","visited":"Yes","feature_description":""}},
{"type":"Feature","geometry":{"type":"Point","coordinates":[-120.15949,48.32235]},"properties":{"iaml_id":"1030-1","name":"Alder mine","kind":"feature","hazard":"","mining_district":"Twisp","county":"Okanogan","production":"","years_of_operation":"","underground_mine":"","surface_mine":"","mill":"","visited":"","feature_description":"Adit with 65 degrees inclined shaft at portal, both unknown length/depth. Adit bears 235 degrees, Entrance partly blocked with timbers, 6ft high, 5ft wide, easily entered, plenty of evidence of human use. One rail observed inside adit, no air flow noted, Portal timbers support gravel, sand, shotrock at collar of incline. Timbers of unknown condition. One must stand on timber supported material to approach portal. This feature located at bottom, E side, of pit bounded on NW by highwall 50ft high, 250ft long, trending 170 degrees. Opposite side of pit is highwall immediately above this opening (40ft high, 90 degrees to 95 degrees over vertical). Dry. Highwalls have crumbly edges. Scree slope of long highwall sparsely vegetated with few small shrubs.","development":1,"dumps":0,"water":0,"structure":0}},
{"type":"Feature","geometry":{"type":"Point","coordinates":[-120.15949,48.32235]},"properties":{"iaml_id":"1030-2","name":"Alder mine","kind":"feature","hazard":"","mining_district":"Twisp","county":"Okanogan","production":"","years_of_operation":"","underground_mine":"","surface_mine":"","mill":"","visited":"","feature_description":"WRD. Alder WRD is most prominent feature of site. Mostly void of vegetation. Dry, but gullied and rilled. Adit (Feature 1030-3) discharges to gully down WRD slope. Estimated 100ft length x 650ft wide, 200ft slope length at 37 degrees, Est 50,000 cu yds. Horizontal area at elev 3560ft.","development":0,"dumps":1,"water":1,"structure":0}},
{"type":"Feature","geometry":{"type":"Point","coordinates":[-120.15997,48.32152]},"properties":{"iaml_id":"1030-3","name":"Alder mine","kind":"feature","hazard":"","mining_district":"Twisp","county":"Okanogan","production":"","years_of_operation":"","underground_mine":"","surface_mine":"","mill":"","visited":"","feature_description":"Adit, partly caved portal, bears 60 degrees. Accessible entrance, 3ft high x 5ft wide opening. Length unknown. Distinct smell eminating from adit. Exhaust <2mph. Water discharge <1gpm, and standing approx 10 inches deep inside portal. Water clear with white to yellow-white and blue-green ppt. Water sample \"Alder Upper\" collected here. Some vegetation: fir, willow, grass, algae, and stressed looking pine. WRD (see 1030-2).","development":1,"dumps":1,"water":1,"structure":0}},
{"type":"Feature","geometry":{"type":"Point","coordinates":[-120.16046,48.32337]},"properties":{"iaml_id":"1030-4","name":"Alder mine","kind":"feature","hazard":"","mining_district":"Twisp","county":"Okanogan","production":"","years_of_operation":"","underground_mine":"","surface_mine":"","mill":"","visited":"","feature_description":"Adit, partly caved portal, bears 110 degrees. 20 inch high x 4ft wide opening. Length unknown. Water discharge 3-5 gpm, and standing approx 1ft deep inside portal. Discharge fills pond 25ft x15ft x 1ft deep. Water clear, pond bed orange, area (30ft long) of flow between adit and pond covered with thick green to very dark green algae. PVC pipes drain pond overflow down face of WRD. WRD (50ft x 200ft wide x 100ft slope at 38 degrees), sampled. Water sampled \"Alder Lower\" from pond, elevated metals.","development":1,"dumps":1,"water":1,"structure":0}},
{"type":"Feature","geometry":{"type":"Point","coordinates":[-120.16315,48.32457]},"properties":{"iaml_id":"1030-5","name":"Alder mine","kind":"feature","hazard":"","mining_district":"Twisp","county":"Okanogan","production":"","years_of_operation":"","underground_mine":"","surface_mine":"","mill":"","visited":"","feature_description":"Mine camp area, grass clearing with some scattered remains of machinery, vehicles. BMI sampled in Alder creek here.","development":0,"dumps":0,"water":1,"structure":0}},
{"type":"Feature","geometry":{"type":"Point","coordinates":[-120.16056,48.31832]},"properties":{"iaml_id":"1030-6","name":"Alder mine","kind":"feature","hazard":"","mining_district":"Twisp","county":"Okanogan","production":"","years_of_operation":"","underground_mine":"","surface_mine":"","mill":"","visited":"","feature_description":"Small, deep vertical hole at side of road (possible caved or subsidence feature?). Naturally re-vegetated prospect trench/explored area immediately up-hill.","development":1,"dumps":0,"water":0,"structure":0}},
{"type":"Feature","geometry":{"type":"Point","coordinates":[-119.735283,48.472125]},"properties":{"iaml_id":"1033","name":"Arlington","kind":"site","hazard":"unknown","mining_district":"Conconully; Ruby Hill Area","county":"Okanogan","production":"Ore concentrated at Washington Reduction Company mill at Ruby City prior to 1893. In 1936 a 50 ton flotation mill was constructed near portal of main adit.","years_of_operation":"1888-1940, intermittent","underground_mine":"Yes","surface_mine":"No","mill":"flotation","visited":"Yes","feature_description":""}},
{"type":"Feature","geometry":{"type":"Point","coordinates":[-119.73655,48.47175]},"properties":{"iaml_id":"1033-1","name":"Arlington","kind":"feature","hazard":"","mining_district":"Conconully; Ruby Hill Area","county":"Okanogan","production":"","years_of_operation":"","underground_mine":"","surface_mine":"","mill":"","visited":"","feature_description":"Surface excavation, obliterated lower adit portal. Excavated area approx 200ft x 200ft x 50ft deep in hill side. Approx 5gpm discharge, orange stained bed. Waste rock area appears to be colluvium, no shotrock observed.","development":1,"dumps":1,"water":1,"structure":0}},
{"type":"Feature","geometry":{"type":"Point","coordinates":[-119.73421,48.47087]},"properties":{"iaml_id":"1033-2","name":"Arlington","kind":"feature","hazard":"","mining_district":"Conconully; Ruby Hill Area","county":"Okanogan","production":"","years_of_operation":"","underground_mine":"","surface_mine":"","mill":"","visited":"","feature_description":"Upper adit, open, bears 105 degrees. Damp mud on floor, appears to impound 4 inches water in past. Three WRDs: 1) 25ft x 190ft x 50ft slope, yellow-orange, fine to cobble size. 2) 60ft x 15ft x 30ft slope, white to yellow to yellow-orange angular qtz cobbles. 3) 30ft x 20ft x 25ft slope, qtz cobbles and boulders form retaining wall.","development":1,"dumps":1,"water":1,"structure":0}},
{"type":"Feature","geometry":{"type":"Point","coordinates":[-119.694278,48.935764]},"properties":{"iaml_id":"1035","name":"Ruby","kind":"site","hazard":"yes","mining_district":"Nighthawk","county":"Okanogan","production":"Total production about 12,100 tons yielding 151,000 oz. Ag.  1920: Pyragyrite Mining Co. built 75 ton flotation mill, operated until 1923.","years_of_operation":"1903-1939, intermittent","underground_mine":"Yes","surface_mine":"","mill":"gravity-flotation","visited":"Yes","feature_description":""}},
{"type":"Feature","geometry":{"type":"Point","coordinates":[-119.69445,48.93568]},"properties":{"iaml_id":"1035-1","name":"Ruby","kind":"feature","hazard":"","mining_district":"Nighthawk","county":"Okanogan","production":"","years_of_operation":"","underground_mine":"","surface_mine":"","mill":"","visited":"","feature_description":"Mill building (one of 6 structures observed on site), some interior walls removed, portions not level or plumb, most equipment removed. Interior includes vertical iron cylinder, concrete footings,","development":0,"dumps":0,"water":0,"structure":1}},
{"type":"Feature","geometry":{"type":"Point","coordinates":[-119.69445,48.93568]},"properties":{"iaml_id":"1035-2","name":"Ruby","kind":"feature","hazard":"","mining_district":"Nighthawk","county":"Okanogan","production":"","years_of_operation":"","underground_mine":"","surface_mine":"","mill":"","visited":"","feature_description":"Adit, open, intact timbers, water standing about4inches deep, discharging water about5gpm, exhaust forming mist at portal, large WRD (approx 50ft x 200ft x 40ft slope). Water sample (RUBY). Structures on WRD include blacksmiths shop, shed. Blacksmiths shop includes footings, hood and chimney (photo 1952). Power recently run to this building, but meter and equipment removed or destroyed.","development":1,"dumps":1,"water":1,"structure":1}},
{"type":"Feature","geometry":{"type":"Point","coordinates":[-117.398239,48.843769]},"properties":{"iaml_id":"1036","name":"Blue Bucket","kind":"site","hazard":"unknown","mining_district":"Metaline","county":"Pend Oreille","production":"","years_of_operation":"","underground_mine":"Yes","surface_mine":"","mill":"No mill on site","visited":"Yes","feature_description":""}},
{"type":"Feature","geometry":{"type":"Point","coordinates":[-117.404508,48.848144]},"properties":{"iaml_id":"1037","name":"Bella May","kind":"site","hazard":"yes","mining_district":"Metaline","county":"Pend Oreille","production":"1923-1924, 18 carloads hand sorted galena ore sent to railroad at Metaline Falls. Previous to 1923, concentrating mill operated on site. Since 1937, ore hauled through the \"new adit\" (Metaline) and trucked to Grandview Mill, concentrates shipped by rail to American Zinc Co's smelter in East St. Louis (Jenkins 1924, pp 64-65; Park and Cannon 1943, pp 65-67; Dings 1965, p 86). (See also Metaline Mining and Leasing entry.)","years_of_operation":"1917-1953","underground_mine":"Yes","surface_mine":"","mill":"No mill on site","visited":"Yes","feature_description":""}},
{"type":"Feature","geometry":{"type":"Point","coordinates":[-117.40545,48.84782]},"properties":{"iaml_id":"1037-1","name":"Bella May","kind":"feature","hazard":"","mining_district":"Metaline","county":"Pend Oreille","production":"","years_of_operation":"","underground_mine":"","surface_mine":"","mill":"","visited":"","feature_description":"Lower adit 1, partly caved portal, exhausting. Inside, floor drops into large cavern, Dry. Remnants of hinged door on portal.","development":1,"dumps":0,"water":0,"structure":0}},
{"type":"Feature","geometry":{"type":"Point","coordinates":[-117.40722,48.8474]},"properties":{"iaml_id":"1037-10","name":"Bella May","kind":"feature","hazard":"","mining_district":"Metaline","county":"Pend Oreille","production":"","years_of_operation":"","underground_mine":"","surface_mine":"","mill":"","visited":"","feature_description":"Adit, 6ft length","development":1,"dumps":0,"water":0,"structure":0}},
{"type":"Feature","geometry":{"type":"Point","coordinates":[-117.40525,48.84807]},"properties":{"iaml_id":"1037-11","name":"Bella May","kind":"feature","hazard":"","mining_district":"Metaline","county":"Pend Oreille","production":"","years_of_operation":"","underground_mine":"","surface_mine":"","mill":"","visited":"","feature_description":"Possible caved adit, \"Lower adit 2\"","development":1,"dumps":0,"water":0,"structure":0}},
{"type":"Feature","geometry":{"type":"Point","coordinates":[-117.40567,48.84797]},"properties":{"iaml_id":"1037-2","name":"Bella May","kind":"feature","hazard":"","mining_district":"Metaline","county":"Pend Oreille","production":"","years_of_operation":"","underground_mine":"","surface_mine":"","mill":"","visited":"","feature_description":"Upper feature 1, open adit, shaft, stopes, interconnected. Adit dimensions: 5x5x30ft long, bears 260 degrees, portal drops 12ft into open stope. Stoped out areas to left and right, on a line bearing 175 degrees. Left opening widens (about12ft) and plunges (room about20ft tall). Right opening drops vertically another 12ft (24ft total observed depth, 6x5ft wide). Dry. WRD 30l x 100w x 30ft length.","development":1,"dumps":1,"water":0,"structure":0}},
{"type":"Feature","geometry":{"type":"Point","coordinates":[-117.40598,48.84805]},"properties":{"iaml_id":"1037-3","name":"Bella May","kind":"feature","hazard":"","mining_district":"Metaline","county":"Pend Oreille","production":"","years_of_operation":"","underground_mine":"","surface_mine":"","mill":"","visited":"","feature_description":"Caved opening and trench on fall line.","development":1,"dumps":0,"water":0,"structure":0}},
{"type":"Feature","geometry":{"type":"Point","coordinates":[-117.40605,48.84804]},"properties":{"iaml_id":"1037-4","name":"Bella May","kind":"feature","hazard":"","mining_district":"Metaline","county":"Pend Oreille","production":"","years_of_operation":"","underground_mine":"","surface_mine":"","mill":"","visited":"","feature_description":"Prospect","development":1,"dumps":0,"water":0,"structure":0}},
{"type":"Feature","geometry":{"type":"Point","coordinates":[-117.40594,48.84788]},"properties":{"iaml_id":"1037-5","name":"Bella May","kind":"feature","hazard":"","mining_district":"Metaline","county":"Pend Oreille","production":"","years_of_operation":"","underground_mine":"","surface_mine":"","mill":"","visited":"","feature_description":"Open stope/shaft with vertical funnel like headwall","development":1,"dumps":0,"water":0,"structure":0}},
{"type":"Feature","geometry":{"type":"Point","coordinates":[-117.40602,48.84789]},"properties":{"iaml_id":"1037-6","name":"Bella May","kind":"feature","hazard":"","mining_district":"Metaline","county":"Pend Oreille","production":"","years_of_operation":"","underground_mine":"","surface_mine":"","mill":"","visited":"","feature_description":"Caved opening/subsidence feature. Stope on vein? Funnel shaped opening 12ft diameter. Plunges to left and right. Floor not observed with flashlight.","development":1,"dumps":0,"water":0,"structure":0}},
{"type":"Feature","geometry":{"type":"Point","coordinates":[-117.40631,48.84796]},"properties":{"iaml_id":"1037-7","name":"Bella May","kind":"feature","hazard":"","mining_district":"Metaline","county":"Pend Oreille","production":"","years_of_operation":"","underground_mine":"","surface_mine":"","mill":"","visited":"","feature_description":"Large open cavern, 40ft diameter, possible subsidence into stope plunging 65 degrees into hill slope, unknown depth.","development":1,"dumps":0,"water":0,"structure":0}},
{"type":"Feature","geometry":{"type":"Point","coordinates":[-117.40631,48.84774]},"properties":{"iaml_id":"1037-8","name":"Bella May","kind":"feature","hazard":"","mining_district":"Metaline","county":"Pend Oreille","production":"","years_of_operation":"","underground_mine":"","surface_mine":"","mill":"","visited":"","feature_description":"Area of open stopes, overhangs, adit. Adit is open, 6x6ft, length unknown, turns right 90 degrees 12ft from portal, no air flow detected. WRD volume <100 cu yds.","development":1,"dumps":1,"water":0,"structure":0}},
{"type":"Feature","geometry":{"type":"Point","coordinates":[-117.40722,48.8474]},"properties":{"iaml_id":"1037-9","name":"Bella May","kind":"feature","hazard":"","mining_district":"Metaline","county":"Pend Oreille","production":"","years_of_operation":"","underground_mine":"","surface_mine":"","mill":"","visited":"","feature_description":"Adit, open, 12ft length, bears 315 degrees","development":1,"dumps":0,"water":0,"structure":0}},
{"type":"Feature","geometry":{"type":"Point","coordinates":[-117.357267,48.872789]},"properties":{"iaml_id":"1038","name":"Grandview","kind":"site","hazard":"unknown","mining_district":"Metaline","county":"Pend Oreille","production":"greater than 1,254,000 tons  (Huntting, 1956)","years_of_operation":"1929-1960","underground_mine":"Yes","surface_mine":"","mill":"flotation","visited":"Yes","feature_description":""}},
{"type":"Feature","geometry":{"type":"Point","coordinates":[-117.371111,48.880008]},"properties":{"iaml_id":"1040","name":"Pend Oreille West Side Workings","kind":"site","hazard":"yes","mining_district":"Metaline","county":"Pend Oreille","production":"1930: small flotation mill built [possibly the ruins 2700ft up Flume Cr from Pend Oreille River]. 1937: 600 ton/day flotation mill completed [on Flume Cr canyon, immediately above Pend Oreille River]. 1950 milling moved to east side of river, West side mill used periodically until 1952.","years_of_operation":"1910-1937, intermittently; 1937- 1952","underground_mine":"Yes","surface_mine":"Yes","mill":"flotation","visited":"Yes","feature_description":""}},
{"type":"Feature","geometry":{"type":"Point","coordinates":[-117.37229,48.87735]},"properties":{"iaml_id":"1040-1","name":"Pend Oreille West Side Workings","kind":"feature","hazard":"","mining_district":"Metaline","county":"Pend Oreille","production":"","years_of_operation":"","underground_mine":"","surface_mine":"","mill":"","visited":"","feature_description":"Pend Oreille 1937 mill site. Ruins include: 1) 24ft diameter concrete ore hopper/feeder base with <100cu yds sand - gravel (ore?) and few bags ZnSO4 [Photo 2506]. 2) 24ft diameter foundation with 45ft dia pile 1-2 ft high sand - gravel (ore?). 3) two machinery footings (ball mills?) [photos 2515-2518]. Mill buildings burned. Debris, waste rock cast into Flume Creek canyon. No sign of tailings. Dry.","development":0,"dumps":1,"water":0,"structure":1}},
{"type":"Feature","geometry":{"type":"Point","coordinates":[-117.37781,48.87837]},"properties":{"iaml_id":"1040-10","name":"Pend Oreille West Side Workings","kind":"feature","hazard":"","mining_district":"Metaline","county":"Pend Oreille","production":"","years_of_operation":"","underground_mine":"","surface_mine":"","mill":"","visited":"","feature_description":"Adit, open, 8ft high, 10ft wide, 20ft length, on 11 degrees incline, bears 300 degrees, purposely made to be a sump? 7x4ft steel tank, empty; water line shows adit fills to 12ft from floor. Dry.","development":1,"dumps":0,"water":0,"structure":0}},
{"type":"Feature","geometry":{"type":"Point","coordinates":[-117.37288,48.878]},"properties":{"iaml_id":"1040-11","name":"Pend Oreille West Side Workings","kind":"feature","hazard":"","mining_district":"Metaline","county":"Pend Oreille","production":"","years_of_operation":"","underground_mine":"","surface_mine":"","mill":"","visited":"","feature_description":"\"300 Level Adit\"?, open, partly caved portal, 3x1ft opening, bears 310 degrees, immediately on N side trestle. No air flow. Waste rock presumably cast into canyon.","development":1,"dumps":0,"water":0,"structure":0}},
{"type":"Feature","geometry":{"type":"Point","coordinates":[-117.37185,48.87985]},"properties":{"iaml_id":"1040-12","name":"Pend Oreille West Side Workings","kind":"feature","hazard":"","mining_district":"Metaline","county":"Pend Oreille","production":"","years_of_operation":"","underground_mine":"","surface_mine":"","mill":"","visited":"","feature_description":"\"West Side Main Shaft,\" filled, area bulldozed. Wood, metal debris pushed E. Waste rock in area of shaft 150x50ft. WRD 20x50ft with150ft face at canyon edge. Presumably much waste rock dumped into Flume Creek in past.","development":1,"dumps":1,"water":0,"structure":0}},
{"type":"Feature","geometry":{"type":"Point","coordinates":[-117.3731,48.8772]},"properties":{"iaml_id":"1040-2","name":"Pend Oreille West Side Workings","kind":"feature","hazard":"","mining_district":"Metaline","county":"Pend Oreille","production":"","years_of_operation":"","underground_mine":"","surface_mine":"","mill":"","visited":"","feature_description":"1937 mill site ruins. Concrete block building containing est 100 50lb deteriorating paper bags of ZnSO4, (metallic Zn 35percent); Roof appears intact, floor stained green, metal door open. Dry.","development":0,"dumps":0,"water":0,"structure":1}},
{"type":"Feature","geometry":{"type":"Point","coordinates":[-117.37316,48.87709]},"properties":{"iaml_id":"1040-3","name":"Pend Oreille West Side Workings","kind":"feature","hazard":"","mining_district":"Metaline","county":"Pend Oreille","production":"","years_of_operation":"","underground_mine":"","surface_mine":"","mill":"","visited":"","feature_description":"1937 mill site ruins. Log cabin ruins, two 55gal drums empty.","development":0,"dumps":0,"water":0,"structure":1}},
{"type":"Feature","geometry":{"type":"Point","coordinates":[-117.37273,48.87804]},"properties":{"iaml_id":"1040-4","name":"Pend Oreille West Side Workings","kind":"feature","hazard":"","mining_district":"Metaline","county":"Pend Oreille","production":"","years_of_operation":"","underground_mine":"","surface_mine":"","mill":"","visited":"","feature_description":"Pend Oreille mill site (1930?, 1937 - early 1950s) ruins. Trestle ruins over Flume Cr canyon, 6\" steel pipe spans chasm. Tailings possibly discharged into Flume Creek.","development":0,"dumps":0,"water":0,"structure":1}},
{"type":"Feature","geometry":{"type":"Point","coordinates":[-117.38101,48.87498]},"properties":{"iaml_id":"1040-5","name":"Pend Oreille West Side Workings","kind":"feature","hazard":"","mining_district":"Metaline","county":"Pend Oreille","production":"","years_of_operation":"","underground_mine":"","surface_mine":"","mill":"","visited":"","feature_description":"Mill site ruins. Sullivan mill or Pend Oreille 1930 mill? Includes: Five distinct tailings piles (<50cu yds each), concrete footings. Road cuts through site. Flume Creek cuts through lower tailings area. Most tailings presumably cast into creek.","development":0,"dumps":1,"water":1,"structure":1}},
{"type":"Feature","geometry":{"type":"Point","coordinates":[-117.38313,48.87744]},"properties":{"iaml_id":"1040-6","name":"Pend Oreille West Side Workings","kind":"feature","hazard":"","mining_district":"Metaline","county":"Pend Oreille","production":"","years_of_operation":"","underground_mine":"","surface_mine":"","mill":"","visited":"","feature_description":"Adit, caved, rails, 40x20x30ft WRD.","development":1,"dumps":1,"water":0,"structure":0}},
{"type":"Feature","geometry":{"type":"Point","coordinates":[-117.38295,48.87762]},"properties":{"iaml_id":"1040-7","name":"Pend Oreille West Side Workings","kind":"feature","hazard":"","mining_district":"Metaline","county":"Pend Oreille","production":"","years_of_operation":"","underground_mine":"","surface_mine":"","mill":"","visited":"","feature_description":"Sullivan glory hole 120ft dia, 70ft deep, vertical walls, further workings seen at bottom (shaft, filled? and drifts to NNW).  Appears dry.","development":1,"dumps":0,"water":0,"structure":0}},
{"type":"Feature","geometry":{"type":"Point","coordinates":[-117.37776,48.87964]},"properties":{"iaml_id":"1040-8","name":"Pend Oreille West Side Workings","kind":"feature","hazard":"","mining_district":"Metaline","county":"Pend Oreille","production":"","years_of_operation":"","underground_mine":"","surface_mine":"","mill":"","visited":"","feature_description":"Open pit, 60x100ft with 50ft vertical highwall, abandoned car, empty rusty barrel. Dry. \"Josephine Glory Hole\"?","development":1,"dumps":0,"water":0,"structure":0}},
{"type":"Feature","geometry":{"type":"Point","coordinates":[-117.37809,48.87917]},"properties":{"iaml_id":"1040-9","name":"Pend Oreille West Side Workings","kind":"feature","hazard":"","mining_district":"Metaline","county":"Pend Oreille","production":"","years_of_operation":"","underground_mine":"","surface_mine":"","mill":"","visited":"","feature_description":"Open pit, adit, shaft/stope. \"Josephine Glory Hole\"? Pit/waste rock area 180x100ft with 40ft vertical highwall. Adit and shaft/stope in NW corner. Adit portal mostly filled with earth berm, air exhausting, wood rat inside, formerly rubber tired vehicle sized opening, bears 295 degrees. Adjacent shaft/stope: overhanging highwall 60ft, horizontal extent: 30x40ft, stope excavated to left and right. Household trash in pit. Dry.","development":1,"dumps":0,"water":0,"structure":0}},
{"type":"Feature","geometry":{"type":"Point","coordinates":[-117.37738,48.87952]},"properties":{"iaml_id":"1040a","name":"Gold Hill/Sullivan","kind":"site","hazard":"yes","mining_district":"Metaline","county":"Pend Oreille","production":"","years_of_operation":"","underground_mine":"Yes","surface_mine":"Yes","mill":"Yes","visited":"Yes","feature_description":""}},
{"type":"Feature","geometry":{"type":"Point","coordinates":[-117.389964,48.842411]},"properties":{"iaml_id":"1041","name":"Metaline Mining and Leasing","kind":"site","hazard":"unknown","mining_district":"Metaline","county":"Pend Oreille","production":"Zn-Pb ores trucked to flotation mill at Grandview Mine, flotation concentrates shipped to St. Louis. 410,000 tons through 1947.","years_of_operation":"1936-1952","underground_mine":"Yes","surface_mine":"","mill":"No mill on site","visited":"Yes","feature_description":""}},
{"type":"Feature","geometry":{"type":"Point","coordinates":[-117.39104,48.84241]},"properties":{"iaml_id":"1041-1","name":"Metaline Mining and Leasing","kind":"feature","hazard":"","mining_district":"Metaline","county":"Pend Oreille","production":"","years_of_operation":"","underground_mine":"","surface_mine":"","mill":"","visited":"","feature_description":"MML Haul Adit, open, welded 1/2 inch rebar grating appears effective in preventing human entry, but could be bent to allow entry, water draining at approx 20gpm, evidence of seasonal higher flows. Portal area scoured to bedrock. Volume of waste rock removed by adit drainage: approx 50x40x50ft. Water flows approx 60ft into Pend Oreille river. Hole in river bed scoured by high discharge, Plume of waste rock downstream from adit visible in aerial photos. Cool air exhausting.","development":1,"dumps":1,"water":1,"structure":1}},
{"type":"Feature","geometry":{"type":"Point","coordinates":[-117.359969,48.8817]},"properties":{"iaml_id":"1042","name":"Pend Oreille Mines","kind":"site","hazard":"unknown","mining_district":"Metaline","county":"Pend Oreille","production":"","years_of_operation":"","underground_mine":"","surface_mine":"","mill":"","visited":"Unknown","feature_description":""}},
{"type":"Feature","geometry":{"type":"Point","coordinates":[-121.462667,47.857161]},"properties":{"iaml_id":"1043","name":"Sunset","kind":"site","hazard":"yes","mining_district":"Index","county":"Snohomish","production":"Mill: 250 ton/day, built 1919, utilized Wilfley tables, flotation cells, recovery approx 95%, tailings discharged into Trout Creek, only concrete foundations remain.","years_of_operation":"1897-1946, intermittent","underground_mine":"Yes","surface_mine":"No","mill":"gravity-flotation","visited":"Yes","feature_description":""}},
{"type":"Feature","geometry":{"type":"Point","coordinates":[-121.4615,47.85682]},"properties":{"iaml_id":"1043-1","name":"Sunset","kind":"feature","hazard":"","mining_district":"Index","county":"Snohomish","production":"","years_of_operation":"","underground_mine":"","surface_mine":"","mill":"","visited":"","feature_description":"\"Adit 1\", Reported length 225ft to Stope no. 1 (open to surface), portal partly caved, signs of human entry, air exhausts, water draining at about15gpm (5/24/02), dry Sept 2001. Naturally revegetated WRD.","development":1,"dumps":1,"water":1,"structure":0}},
{"type":"Feature","geometry":{"type":"Point","coordinates":[-121.4639,47.8569]},"properties":{"iaml_id":"1043-2","name":"Sunset","kind":"feature","hazard":"","mining_district":"Index","county":"Snohomish","production":"","years_of_operation":"","underground_mine":"","surface_mine":"","mill":"","visited":"","feature_description":"\"Adit 2\", main haulage tunnel. Portal mostly caved, entry appears impossible, water discharges at 150 to 450 gpm depending on season, water meets requirements for domestic consumption. Water sample \"ADIT 2 (SUNSET).\"","development":1,"dumps":0,"water":1,"structure":0}},
{"type":"Feature","geometry":{"type":"Point","coordinates":[-121.46267,47.85803]},"properties":{"iaml_id":"1043-3","name":"Sunset","kind":"feature","hazard":"","mining_district":"Index","county":"Snohomish","production":"","years_of_operation":"","underground_mine":"","surface_mine":"","mill":"","visited":"","feature_description":"\"Adit 3\", caved, dry","development":1,"dumps":0,"water":0,"structure":0}},
{"type":"Feature","geometry":{"type":"Point","coordinates":[-121.4626,47.85819]},"properties":{"iaml_id":"1043-4","name":"Sunset","kind":"feature","hazard":"","mining_district":"Index","county":"Snohomish","production":"","years_of_operation":"","underground_mine":"","surface_mine":"","mill":"","visited":"","feature_description":"Ventilation shaft, vertical, 154ft drop to floor of \"Stope 11\". Surrounding ground forms roof, approx 20ft thick, of \"Stope 11.\"","development":1,"dumps":0,"water":0,"structure":0}},
{"type":"Feature","geometry":{"type":"Point","coordinates":[-121.4635,47.85861]},"properties":{"iaml_id":"1043-5","name":"Sunset","kind":"feature","hazard":"","mining_district":"Index","county":"Snohomish","production":"","years_of_operation":"","underground_mine":"","surface_mine":"","mill":"","visited":"","feature_description":"\"Stope 11,\" surface cut and open stope above adit 3.","development":1,"dumps":0,"water":0,"structure":0}},
{"type":"Feature","geometry":{"type":"Point","coordinates":[-121.4611,47.85707]},"properties":{"iaml_id":"1043-6","name":"Sunset","kind":"feature","hazard":"","mining_district":"Index","county":"Snohomish","production":"","years_of_operation":"","underground_mine":"","surface_mine":"","mill":"","visited":"","feature_description":"\"Stope no. 1,\" surface cut and open stope above adit 1.  Three levels of modified square-set stope timbers between walls of eastern most portion of opening, under overhang. Approx 100gpm water discharging from joints in highwall, cascades down, collects in opening at west side of bottom of feature.","development":1,"dumps":0,"water":1,"structure":0}},
{"type":"Feature","geometry":{"type":"Point","coordinates":[-121.4652,47.8564]},"properties":{"iaml_id":"1043-7","name":"Sunset","kind":"feature","hazard":"","mining_district":"Index","county":"Snohomish","production":"","years_of_operation":"","underground_mine":"","surface_mine":"","mill":"","visited":"","feature_description":"Trout Creek water sample above site. Sample name: \"UPSTREAM (SUNSET).\"","development":0,"dumps":0,"water":1,"structure":0}},
{"type":"Feature","geometry":{"type":"Point","coordinates":[-121.467,47.8571]},"properties":{"iaml_id":"1043-8","name":"Sunset","kind":"feature","hazard":"","mining_district":"Index","county":"Snohomish","production":"","years_of_operation":"","underground_mine":"","surface_mine":"","mill":"","visited":"","feature_description":"Trout Creek water sample below site. Sample name: \"DOWNSTREAM (SUNSET).\"","development":0,"dumps":0,"water":1,"structure":0}},
{"type":"Feature","geometry":{"type":"Point","coordinates":[-121.4652,47.85723]},"properties":{"iaml_id":"1043-9","name":"Sunset","kind":"feature","hazard":"","mining_district":"Index","county":"Snohomish","production":"","years_of_operation":"","underground_mine":"","surface_mine":"","mill":"","visited":"","feature_description":"Mill site, blue-green stained bullet scarred concrete foundations. No equipment. No tailings.","development":0,"dumps":1,"water":0,"structure":1}},
{"type":"Feature","geometry":{"type":"Point","coordinates":[-121.934525,48.095622]},"properties":{"iaml_id":"1044","name":"Wayside","kind":"site","hazard":"yes","mining_district":"Index","county":"Snohomish","production":"$500,000. G.W.Thorsen notes (30 June 1961): 80 ton/ hour gravity mill \"just being broken in.\" \"No ore in sight.\" Smelter shipments probably hand sorted ore in 1904-05 ave. 7 percent Cu, 0.30 opt Au, 3 - 4 opt Ag (DGER Mine File).","years_of_operation":"principal 1904-05. One carload 1919, 1924, 1928. Exploration 1959, '75","underground_mine":"Yes","surface_mine":"","mill":"gravity","visited":"Yes","feature_description":""}},
{"type":"Feature","geometry":{"type":"Point","coordinates":[-121.93561,48.09538]},"properties":{"iaml_id":"1044-1","name":"Wayside","kind":"feature","hazard":"","mining_district":"Index","county":"Snohomish","production":"","years_of_operation":"","underground_mine":"","surface_mine":"","mill":"","visited":"","feature_description":"Shaft, open, vertical, 15x10ft, depth estimated at 70ft, at base of 20ft cliff, on rarely used boot path.Collar unstable, supported by deteriorating logs. Vegetation at edge, wet site. Only other relevant debris included: 1 length rail, 2 pieces rusted steel, 2 bricks.","development":1,"dumps":0,"water":0,"structure":0}},
{"type":"Feature","geometry":{"type":"Point","coordinates":[-121.36586,47.98127]},"properties":{"iaml_id":"1046","name":"Monte Cristo","kind":"site","hazard":"yes","mining_district":"Monte Cristo","county":"Snohomish","production":"","years_of_operation":"","underground_mine":"Yes","surface_mine":"","mill":"cyanide","visited":"Unknown","feature_description":""}},
{"type":"Feature","geometry":{"type":"Point","coordinates":[-121.38388,47.98364]},"properties":{"iaml_id":"1046-1","name":"Monte Cristo","kind":"feature","hazard":"","mining_district":"Monte Cristo","county":"Snohomish","production":"","years_of_operation":"","underground_mine":"","surface_mine":"","mill":"","visited":"","feature_description":"Tram terminal waste dumps. Piles of cemented muck. Feature identified as \"Pride and Mystery Mines Tramway Terminal by MCPA.\"","development":0,"dumps":1,"water":0,"structure":0}},
{"type":"Feature","geometry":{"type":"Point","coordinates":[-121.36209,47.98096]},"properties":{"iaml_id":"1046-10","name":"Monte Cristo","kind":"feature","hazard":"","mining_district":"Monte Cristo","county":"Snohomish","production":"","years_of_operation":"","underground_mine":"","surface_mine":"","mill":"","visited":"","feature_description":"New Discovery. Adit 2. Accessible, open, portal  measures 7ft high x 5ft wide. Bears 55 degrees, length unknown. Water impounded 4ft wide x 10 inched deep x unknown length. Discharging <1gpm. WRD mingled with tram terminal platform and WRD from New Discovery adit 1 (1046-9).","development":1,"dumps":1,"water":1,"structure":0}},
{"type":"Feature","geometry":{"type":"Point","coordinates":[-121.36157,47.98044]},"properties":{"iaml_id":"1046-11","name":"Monte Cristo","kind":"feature","hazard":"","mining_district":"Monte Cristo","county":"Snohomish","production":"","years_of_operation":"","underground_mine":"","surface_mine":"","mill":"","visited":"","feature_description":"New Discovery. Adit 3. Accessible, open, portal  measures 6ft high x 4ft wide. Portal bears 35 degrees, immediately turns right, length unknown. Past water impound a few inched deep.","development":1,"dumps":1,"water":0,"structure":0}},
{"type":"Feature","geometry":{"type":"Point","coordinates":[-121.3592,47.98051]},"properties":{"iaml_id":"1046-12","name":"Monte Cristo","kind":"feature","hazard":"","mining_district":"Monte Cristo","county":"Snohomish","production":"","years_of_operation":"","underground_mine":"","surface_mine":"","mill":"","visited":"","feature_description":"Pride of the Mountains. Adit 1. Opening measures 1.5ft x 1.5ft. Portal is mostly blocked by 5ft high berm.","development":1,"dumps":1,"water":1,"structure":0}},
{"type":"Feature","geometry":{"type":"Point","coordinates":[-121.35872,47.98093]},"properties":{"iaml_id":"1046-13","name":"Monte Cristo","kind":"feature","hazard":"","mining_district":"Monte Cristo","county":"Snohomish","production":"","years_of_operation":"","underground_mine":"","surface_mine":"","mill":"","visited":"","feature_description":"Pride of the Mountains. Prospect/shallow shaft. Approx 5ft deep.","development":1,"dumps":0,"water":0,"structure":0}},
{"type":"Feature","geometry":{"type":"Point","coordinates":[-121.35796,47.98071]},"properties":{"iaml_id":"1046-14","name":"Monte Cristo","kind":"feature","hazard":"","mining_district":"Monte Cristo","county":"Snohomish","production":"","years_of_operation":"","underground_mine":"","surface_mine":"","mill":"","visited":"","feature_description":"Pride of the Mountains. Decline (or winze or raise) on vein. Trends 342 degrees, plunges 32 degrees. Opening 1.5ft high x 3ft wide. Length unknown. WRD, see 1046-15. Dry. Accessible, but boulders and large slabs fallen from portal area.","development":1,"dumps":1,"water":0,"structure":0}},
{"type":"Feature","geometry":{"type":"Point","coordinates":[-121.35796,47.98071]},"properties":{"iaml_id":"1046-15","name":"Monte Cristo","kind":"feature","hazard":"","mining_district":"Monte Cristo","county":"Snohomish","production":"","years_of_operation":"","underground_mine":"","surface_mine":"","mill":"","visited":"","feature_description":"Pride of the Mountains. Mukilteo? Adit, accessible, opening 2ft x 6ft, length unknown. WRD approx 10ft x 80ft wide at toe. Slope length 200ft at 35 degrees. Toe cut by debris flow gully. Dry. Accessible, but boulders and large slabs fallen from portal area. One rail protruding from under fill.","development":1,"dumps":1,"water":0,"structure":0}},
{"type":"Feature","geometry":{"type":"Point","coordinates":[-121.37641,47.98282]},"properties":{"iaml_id":"1046-2","name":"Monte Cristo","kind":"feature","hazard":"","mining_district":"Monte Cristo","county":"Snohomish","production":"","years_of_operation":"","underground_mine":"","surface_mine":"","mill":"","visited":"","feature_description":"Justice adit. Open, 6.5ft high x 6ft wide portal, length unknown, baldheaded. Bears 160 degrees. Water discharge 425gpm. Cool air, faint exhaust. Very rusted rails extend into adit. Evidence of frequent human visitation. 12ft x 54ft platform blasted from bedrock at and W of portal. Structure remnants and debris E of portal include: wood, metal and coal. WRD composed of cobble sized shotrock. Barren of mineralization.","development":1,"dumps":1,"water":1,"structure":1}},
{"type":"Feature","geometry":{"type":"Point","coordinates":[-121.38777,47.98506]},"properties":{"iaml_id":"1046-3","name":"Monte Cristo","kind":"feature","hazard":"","mining_district":"Monte Cristo","county":"Snohomish","production":"","years_of_operation":"","underground_mine":"","surface_mine":"","mill":"","visited":"","feature_description":"United Companies Concentrator ruins. Burned and deteriorated timbers, stone and concrete foundations. Yellow, orange, red oxidized material covers site. Voids under some timbers.","development":0,"dumps":1,"water":0,"structure":1}},
{"type":"Feature","geometry":{"type":"Point","coordinates":[-121.3703,47.98114]},"properties":{"iaml_id":"1046-4","name":"Monte Cristo","kind":"feature","hazard":"","mining_district":"Monte Cristo","county":"Snohomish","production":"","years_of_operation":"","underground_mine":"","surface_mine":"","mill":"","visited":"","feature_description":"Mystery no. 3 adit. Open, accessible, but caved blocks and deteriorated timbers at and inside portal. Approx 10 gpm discharge, orange slime stream bed. Air exhausting. WRD area includes tram terminal (deteriorated timbers, cables). Blocks have fallen from vertical bedrock wall. WRD sampled. Tram terminal remains, burned timbers, broken glass, rusted metal debris. Additional water sample see 1046-16.","development":1,"dumps":1,"water":1,"structure":1}},
{"type":"Feature","geometry":{"type":"Point","coordinates":[-121.36518,47.98141]},"properties":{"iaml_id":"1046-7","name":"Monte Cristo","kind":"feature","hazard":"","mining_district":"Monte Cristo","county":"Snohomish","production":"","years_of_operation":"","underground_mine":"","surface_mine":"","mill":"","visited":"","feature_description":"Pride of the Woods adit. Caved portal (1ft x 10 inch opening). Bears 250 degrees. WRD 30ft x 50ft x 80ft slope length at 35 degrees. Silt to boulder sized shotrock. Much fines, clayey, yellow to orange-brown. Orange stained area extends approx 10ft from toe of dump to stream.","development":1,"dumps":1,"water":1,"structure":0}},
{"type":"Feature","geometry":{"type":"Point","coordinates":[-121.36483,47.9812]},"properties":{"iaml_id":"1046-8","name":"Monte Cristo","kind":"feature","hazard":"","mining_district":"Monte Cristo","county":"Snohomish","production":"","years_of_operation":"","underground_mine":"","surface_mine":"","mill":"","visited":"","feature_description":"Adit, short, accessible, partly caved portal. Possibly storage room. Portal dimensions 2ft high x 4ft wide. Room approx 10ft deep. Wet with water dripping inside. Deteriorating timbers inside.","development":1,"dumps":0,"water":0,"structure":0}},
{"type":"Feature","geometry":{"type":"Point","coordinates":[-121.36216,47.98124]},"properties":{"iaml_id":"1046-9","name":"Monte Cristo","kind":"feature","hazard":"","mining_district":"Monte Cristo","county":"Snohomish","production":"","years_of_operation":"","underground_mine":"","surface_mine":"","mill":"","visited":"","feature_description":"New Discovery. Adit 1. Accessible, open, portal  measures 3ft high x 10ft wide. Entrance room approx 6ft deep. Adit (5.5ft high x 5ft wide) extends unknown length, bears 80 degrees. Water impounded at portal in past 1ft deep, surface damp with green moss/algae. WRD (40ft l x 50ft w x 90ft slope length at 37 degrees) mingled with tram terminal platform and WRD from New Discovery adit 2 (1046-10). Moderately mineralized, cemented, mostly orange-brown shotrock. Much fines. Moderately eroded surface. Few, small heather, alder, western red cedar on dump.","development":1,"dumps":1,"water":1,"structure":0}},
{"type":"Feature","geometry":{"type":"Point","coordinates":[-121.37039,47.98114]},"properties":{"iaml_id":"1046a","name":"Mystery","kind":"site","hazard":"unknown","mining_district":"Monte Cristo","county":"Snohomish","production":"300,000 tons ore","years_of_operation":"1889-1926, intermittent","underground_mine":"Yes","surface_mine":"","mill":"see Monte Cristo","visited":"Yes","feature_description":""}},
{"type":"Feature","geometry":{"type":"Point","coordinates":[-121.379092,47.979867]},"properties":{"iaml_id":"1046b","name":"Justice","kind":"site","hazard":"unknown","mining_district":"Monte Cristo","county":"Snohomish","production":"Justice-specific production is unknown.","years_of_operation":"1891-1906","underground_mine":"Yes","surface_mine":"","mill":"see Monte Cristo","visited":"Yes","feature_description":""}},
{"type":"Feature","geometry":{"type":"Point","coordinates":[-117.912006,48.163564]},"properties":{"iaml_id":"1047","name":"Admiral","kind":"site","hazard":"unknown","mining_district":"Chewelah","county":"Stevens","production":"1915, 1916, 1930, 1932. Total probably $10,000 (Huntting 1956). Prior to 1916 three cars shipped to Granby smelter. 1916: 3 cars shipped to Trail smelter (Weaver 1920).","years_of_operation":"1915-1932","underground_mine":"Yes","surface_mine":"","mill":"","visited":"Yes","feature_description":""}},
{"type":"Feature","geometry":{"type":"Point","coordinates":[-118.08454,48.04844]},"properties":{"iaml_id":"1049","name":"Turk","kind":"site","hazard":"unknown","mining_district":"Cedar Canyon","county":"Stevens","production":"Smelter located at the town of Turk, most equipment new in Nov. 1915 (Nelson 1915). Reportedly originally built in 1904 (Patty 1921, p. 146). 100 tons handsorted ore averaging 9 percent Cu shipped by current owners (1915). Huntting (1956) reports: considerable production prior to 1919. 1939-1942. 600 tons per month in 1941, 68 tons of copper conc. in 1942. 1950. 1954 (100 tons of conc.). 125 ton mill (1955).","years_of_operation":"1881-1955 sporadic","underground_mine":"Yes","surface_mine":"Yes","mill":"No mill on site","visited":"Yes","feature_description":""}},
{"type":"Feature","geometry":{"type":"Point","coordinates":[-118.08454,48.04844]},"properties":{"iaml_id":"1049-1","name":"Turk","kind":"feature","hazard":"","mining_district":"Cedar Canyon","county":"Stevens","production":"","years_of_operation":"","underground_mine":"","surface_mine":"","mill":"","visited":"","feature_description":"Adit, WRD","development":1,"dumps":1,"water":0,"structure":0}},
{"type":"Feature","geometry":{"type":"Point","coordinates":[-117.679075,48.317097]},"properties":{"iaml_id":"1050","name":"United Copper","kind":"site","hazard":"yes","mining_district":"Chewelah","county":"Stevens","production":"Mill near portal of United Copper No. 2 adit. Original mill used Wilfley tables and Frue Vanners for concentration, up to 60 percent recovery. Built 1913. 1920 capacity 350 tons/day.  Many alterations. 1920 recovery about 85 percent. Ball mills, flotation (Patty 1921, p, 125.) Originally high grade ore shipped to Granby smelter at Grand Forks,  later to Trail, BC, then after WW1 to Tacoma. Mid -1950s to early 1960s ore reportedly hauled to Palmer Siding mill for concentrating. Then concentrates trucked to Tacoma. Report of 500 tons Pb, Zn, Ag ore stockpiled at the Palmer Siding mill near Colville (WM 12-13-1962).","years_of_operation":"1906-1956, intermittent. Exploration: early 1960s.","underground_mine":"Yes","surface_mine":"No","mill":"gravity-flotation","visited":"Yes","feature_description":""}},
{"type":"Feature","geometry":{"type":"Point","coordinates":[-117.68115,48.31747]},"properties":{"iaml_id":"1050-1","name":"United Copper","kind":"feature","hazard":"","mining_district":"Chewelah","county":"Stevens","production":"","years_of_operation":"","underground_mine":"","surface_mine":"","mill":"","visited":"","feature_description":"United Copper No. 2 adit, caved, water discharge.  Recent ORV tracks around and through pond. Two obvious areas of waste rock: 1) 120ft x 50ft area with barrels and trash in pit. 2) 200ft x 30ft area of cobble sized material.","development":1,"dumps":1,"water":1,"structure":0}},
{"type":"Feature","geometry":{"type":"Point","coordinates":[-117.68635,48.31724]},"properties":{"iaml_id":"1050-3","name":"United Copper","kind":"feature","hazard":"","mining_district":"Chewelah","county":"Stevens","production":"","years_of_operation":"","underground_mine":"","surface_mine":"","mill":"","visited":"","feature_description":"Tailings, upper, 5 acre site. ORV use, timber harvesting. Sampled.","development":0,"dumps":1,"water":0,"structure":0}},
{"type":"Feature","geometry":{"type":"Point","coordinates":[-117.69197,48.31883]},"properties":{"iaml_id":"1050-4","name":"United Copper","kind":"feature","hazard":"","mining_district":"Chewelah","county":"Stevens","production":"","years_of_operation":"","underground_mine":"","surface_mine":"","mill":"","visited":"","feature_description":"Tailings, lower, 10 acre site. Barren, very gently sloping area, tailings pumped over steep hill. Tailings spreading into forest. New residential buildings and building sites around perphery. Recreational ORV use. Sampled.","development":0,"dumps":1,"water":0,"structure":0}},
{"type":"Feature","geometry":{"type":"Point","coordinates":[-117.66381,48.32107]},"properties":{"iaml_id":"1050-5","name":"United Copper","kind":"feature","hazard":"","mining_district":"Chewelah","county":"Stevens","production":"","years_of_operation":"","underground_mine":"","surface_mine":"","mill":"","visited":"","feature_description":"U C No1, caved adit. Collapsed area 100ft wide, 60ft high. Stream flows near, not from, caved portal. Road over WRD (200ft x 200ft x 60ft slope), recent digging (prospecting?) in roadbed.","development":1,"dumps":1,"water":0,"structure":0}},
{"type":"Feature","geometry":{"type":"Point","coordinates":[-117.66166,48.32157]},"properties":{"iaml_id":"1050-6","name":"United Copper","kind":"feature","hazard":"","mining_district":"Chewelah","county":"Stevens","production":"","years_of_operation":"","underground_mine":"","surface_mine":"","mill":"","visited":"","feature_description":"Copper King No. 1. Open, baldheaded, 20ft vertical shaft immediately inside portal. Plank bridges shaft. Rat scat on plank. \"No Trespassing\" sign on plank. Visited by people. Adit on vein. WRD (100ft x 150ft x 40ft slope) with some mineralization, copper oxide staining.","development":1,"dumps":1,"water":0,"structure":0}},
{"type":"Feature","geometry":{"type":"Point","coordinates":[-117.66182,48.32053]},"properties":{"iaml_id":"1050-7","name":"United Copper","kind":"feature","hazard":"","mining_district":"Chewelah","county":"Stevens","production":"","years_of_operation":"","underground_mine":"","surface_mine":"","mill":"","visited":"","feature_description":"Keystone. Caved, spring at caved portal discharges about2gpm. WRD (60ft x 40ft x 25ft slope).","development":1,"dumps":1,"water":1,"structure":0}},
{"type":"Feature","geometry":{"type":"Point","coordinates":[-117.66456,48.32204]},"properties":{"iaml_id":"1050-8","name":"United Copper","kind":"feature","hazard":"","mining_district":"Chewelah","county":"Stevens","production":"","years_of_operation":"","underground_mine":"","surface_mine":"","mill":"","visited":"","feature_description":"Amazon, open vertical shaft, 30+ ft deep. Partly collapsed collar. Deteriorated timbers fallen into shaft. Large yellow wheeled contraption nearby possibly used as hoist. WRD recently dozed. Collapsed ore bin below shaft.","development":1,"dumps":1,"water":1,"structure":1}},
{"type":"Feature","geometry":{"type":"Point","coordinates":[-117.66578,48.3229]},"properties":{"iaml_id":"1050-9","name":"United Copper","kind":"feature","hazard":"","mining_district":"Chewelah","county":"Stevens","production":"","years_of_operation":"","underground_mine":"","surface_mine":"","mill":"","visited":"","feature_description":"Copper King No. 2. Caved portal area is large ampitheater in sandy alluvium. Approx 200ft tall highwall, 1500ft wide, 200ft long. Water drains from 1 inch black PVC pipe at about5gpm. Water sample \"Copper King no. 2.\"  Rails from adit bear 80 degrees. WRD (150ft x 200ft x 40ft slope), some material recently dozed or extracted.","development":1,"dumps":1,"water":1,"structure":1}},
{"type":"Feature","geometry":{"type":"Point","coordinates":[-118.158944,48.883944]},"properties":{"iaml_id":"1051","name":"First Thought (Stevens County)","kind":"site","hazard":"yes","mining_district":"Orient","county":"Stevens","production":"1942: 50 ton/day cyanide mill (Colville Engineering Co).","years_of_operation":"1904 - 1942, intermittent","underground_mine":"Yes","surface_mine":"Yes","mill":"cyanide","visited":"Yes","feature_description":""}},
{"type":"Feature","geometry":{"type":"Point","coordinates":[-118.16149,48.88356]},"properties":{"iaml_id":"1051-1","name":"First Thought","kind":"feature","hazard":"","mining_district":"Orient","county":"Stevens","production":"","years_of_operation":"","underground_mine":"","surface_mine":"","mill":"","visited":"","feature_description":"Glory hole. Vertical and over vertical unstable walls, recent rockfall (boulders to 4 meters). see sketch. Approx 8 adits and two shafts penetrate this feature. Pdf sketch in site table.","development":1,"dumps":1,"water":0,"structure":0}},
{"type":"Feature","geometry":{"type":"Point","coordinates":[-118.16055,48.88317]},"properties":{"iaml_id":"1051-2","name":"First Thought","kind":"feature","hazard":"","mining_district":"Orient","county":"Stevens","production":"","years_of_operation":"","underground_mine":"","surface_mine":"","mill":"","visited":"","feature_description":"WRD. Moderately vegetated, cut and dozed by logging operation. Many lobes of classic WRD shape lumped together here.","development":0,"dumps":1,"water":0,"structure":0}},
{"type":"Feature","geometry":{"type":"Point","coordinates":[-118.16055,48.88317]},"properties":{"iaml_id":"1051-3","name":"First Thought","kind":"feature","hazard":"","mining_district":"Orient","county":"Stevens","production":"","years_of_operation":"","underground_mine":"","surface_mine":"","mill":"","visited":"","feature_description":"Adit, caved, draining clear water approx 1gpm through soft black mud area. Bed color orange, algae, cattails, sedges, nettles, lambs heart grow here.","development":1,"dumps":0,"water":1,"structure":0}},
{"type":"Feature","geometry":{"type":"Point","coordinates":[-118.16081,48.88202]},"properties":{"iaml_id":"1051-4","name":"First Thought","kind":"feature","hazard":"","mining_district":"Orient","county":"Stevens","production":"","years_of_operation":"","underground_mine":"","surface_mine":"","mill":"","visited":"","feature_description":"Tailings dump. Thickly vegetated. Lower edge of tailings dump is about20' high slope (at approx 34 degrees), trends straight between the two low ridges. Sample taken.","development":0,"dumps":1,"water":0,"structure":0}},
{"type":"Feature","geometry":{"type":"Point","coordinates":[-118.15976,48.88229]},"properties":{"iaml_id":"1051-5","name":"First Thought","kind":"feature","hazard":"","mining_district":"Orient","county":"Stevens","production":"","years_of_operation":"","underground_mine":"","surface_mine":"","mill":"","visited":"","feature_description":"Mill building. Partly collapsed and unstable. Includes two wooden tanks of approx 12' diameter","development":0,"dumps":0,"water":0,"structure":1}},
{"type":"Feature","geometry":{"type":"Point","coordinates":[-117.989894,48.729381]},"properties":{"iaml_id":"1052","name":"Bonanza Mine","kind":"site","hazard":"unknown","mining_district":"Bossburg","county":"Stevens","production":"Huntting (1956): 1906-1908, 1910-1911, 1914, 1916, 1923-1924, 1929-1930, 120 tons 1923. 2,000 tons prior to 1890. $40,000 prior to 1944 reported. $2,000,000 from 1944 to 1950. 1949 (14,163 tons ore). 1950 (20,000 tons ore). 1951 (13,700 tons ore). 1952-1954.","years_of_operation":"1885-1952","underground_mine":"Yes","surface_mine":"Yes","mill":"No mill on site","visited":"Yes","feature_description":""}},
{"type":"Feature","geometry":{"type":"Point","coordinates":[-117.5418,48.88271]},"properties":{"iaml_id":"1054","name":"Electric Point","kind":"site","hazard":"yes","mining_district":"Northport","county":"Stevens","production":"Cole (1949) estimates approx 100,000 tons ore and waste extracted from underground workings for a total of approx 28,000 tons Pb. Huntting (1956) reports production in \"all years from 1901 to 1955 except 1921, 1923-1924, 1943, 1945-1946. Total to 1952 was 6,950 oz. Ag, 1,143 lb. Cu, 30,260,297 lb. Pb.\" Mills (1977, p. 110) reports \"total production was 30,711,917 lb Pb, 10,691 lb Zn, and 7,154 oz Ag.\" 14,000ft tram transported ore to near Leadpoint (1918). Ore hauled by truck from mine to RR at Boundary then to Bunker Hill smelter at Kellogg (1949).","years_of_operation":"1917-1926, leasing activity 1930-1970","underground_mine":"Yes","surface_mine":"Yes","mill":"Yes","visited":"Yes","feature_description":""}},
{"type":"Feature","geometry":{"type":"Point","coordinates":[-117.54182,48.88178]},"properties":{"iaml_id":"1054-10","name":"Electric Point","kind":"feature","hazard":"","mining_district":"Northport","county":"Stevens","production":"","years_of_operation":"","underground_mine":"","surface_mine":"","mill":"","visited":"","feature_description":"Pit, 20x30x8ft deep","development":1,"dumps":0,"water":0,"structure":0}},
{"type":"Feature","geometry":{"type":"Point","coordinates":[-117.54114,48.88271]},"properties":{"iaml_id":"1054-11","name":"Electric Point","kind":"feature","hazard":"","mining_district":"Northport","county":"Stevens","production":"","years_of_operation":"","underground_mine":"","surface_mine":"","mill":"","visited":"","feature_description":"Pile, waste?, high grade ore?, lies above millsite (1054-13). 50x60x30ft high","development":0,"dumps":1,"water":0,"structure":0}},
{"type":"Feature","geometry":{"type":"Point","coordinates":[-117.54048,48.88272]},"properties":{"iaml_id":"1054-12","name":"Electric Point","kind":"feature","hazard":"","mining_district":"Northport","county":"Stevens","production":"","years_of_operation":"","underground_mine":"","surface_mine":"","mill":"","visited":"","feature_description":"Impoundment, 50x30x5ft deep, dry, with drain and pipes in and out.","development":0,"dumps":0,"water":0,"structure":0}},
{"type":"Feature","geometry":{"type":"Point","coordinates":[-117.54054,48.88252]},"properties":{"iaml_id":"1054-13","name":"Electric Point","kind":"feature","hazard":"","mining_district":"Northport","county":"Stevens","production":"","years_of_operation":"","underground_mine":"","surface_mine":"","mill":"","visited":"","feature_description":"Mill building, collapsed. Includes remnants of collapsed building at top of gully (photo 2451), overturned vat and hopper/bin (photo 2449) at lower end of gully at road above tailings pond (photo 2448). Tailings pond very slightly damp mostly coarse sand, lense of silt 12 inches beneath surface.","development":0,"dumps":1,"water":0,"structure":1}},
{"type":"Feature","geometry":{"type":"Point","coordinates":[-117.54055,48.883]},"properties":{"iaml_id":"1054-14","name":"Electric Point","kind":"feature","hazard":"","mining_district":"Northport","county":"Stevens","production":"","years_of_operation":"","underground_mine":"","surface_mine":"","mill":"","visited":"","feature_description":"Area of pits, ditch, trench. Trench 60ft long. Concentric calcite precipitate formations on outcrop in ditch. Building ruins.","development":1,"dumps":0,"water":0,"structure":1}},
{"type":"Feature","geometry":{"type":"Point","coordinates":[-117.54094,48.88337]},"properties":{"iaml_id":"1054-15","name":"Electric Point","kind":"feature","hazard":"","mining_district":"Northport","county":"Stevens","production":"","years_of_operation":"","underground_mine":"","surface_mine":"","mill":"","visited":"","feature_description":"Building ruins.","development":0,"dumps":0,"water":0,"structure":1}},
{"type":"Feature","geometry":{"type":"Point","coordinates":[-117.54136,48.88347]},"properties":{"iaml_id":"1054-16","name":"Electric Point","kind":"feature","hazard":"","mining_district":"Northport","county":"Stevens","production":"","years_of_operation":"","underground_mine":"","surface_mine":"","mill":"","visited":"","feature_description":"Building ruins.","development":0,"dumps":0,"water":0,"structure":1}},
{"type":"Feature","geometry":{"type":"Point","coordinates":[-117.54194,48.88411]},"properties":{"iaml_id":"1054-3","name":"Electric Point","kind":"feature","hazard":"","mining_district":"Northport","county":"Stevens","production":"","years_of_operation":"","underground_mine":"","surface_mine":"","mill":"","visited":"","feature_description":"Development feature, no opening, burned timbers, caved shaft?, trench?, adit?, 100ft x 15ft x4 to 12ft deep (on side hill), 2ft dia subsidence feature 1.5ft deep (at notebook in photo 2431). Recently removed 4ft dia x 10ft tank (W side of feature), 20ft x 10ft deep trench or subsidence on E side of feature. WRD and remnants (burned timbers and corrugated steel roofing) of burned building lie on E side of feature also.","development":1,"dumps":1,"water":0,"structure":1}},
{"type":"Feature","geometry":{"type":"Point","coordinates":[-117.54172,48.88353]},"properties":{"iaml_id":"1054-4","name":"Electric Point","kind":"feature","hazard":"","mining_district":"Northport","county":"Stevens","production":"","years_of_operation":"","underground_mine":"","surface_mine":"","mill":"","visited":"","feature_description":"Open cut with perpendicular adit on upper right. 130x50x40ft highwall. Steep sided, much oxidized materials in ls/dolo walls. Adit, open, 3ft wide x5.5ft tall x 40ft length, winze at end(?), only examined from portal with flashlight, no air flow.","development":1,"dumps":0,"water":0,"structure":0}},
{"type":"Feature","geometry":{"type":"Point","coordinates":[-117.54173,48.88324]},"properties":{"iaml_id":"1054-5","name":"Electric Point","kind":"feature","hazard":"","mining_district":"Northport","county":"Stevens","production":"","years_of_operation":"","underground_mine":"","surface_mine":"","mill":"","visited":"","feature_description":"Adit, open, dry, no air flow, wood rat inside portal, one rail on floor, deteriorated timbers inside portal, floor covered with rubble. Adit branches to left and right immediately inside portal. WRD 70x40x20ft. Two 5000gal tanks, empty except for some garbage, lie mostly burried adjacent to this opening. 16 inch openings to tanks are not covered.","development":1,"dumps":1,"water":0,"structure":0}},
{"type":"Feature","geometry":{"type":"Point","coordinates":[-117.54178,48.88271]},"properties":{"iaml_id":"1054-6","name":"Electric Point","kind":"feature","hazard":"","mining_district":"Northport","county":"Stevens","production":"","years_of_operation":"","underground_mine":"","surface_mine":"","mill":"","visited":"","feature_description":"Open cut, 35ft highwall, 70ft width, 140ft length. Wall material mostly grey-dark grey ls/dolo, some areas oxidized.","development":1,"dumps":0,"water":0,"structure":0}},
{"type":"Feature","geometry":{"type":"Point","coordinates":[-117.54204,48.88255]},"properties":{"iaml_id":"1054-7","name":"Electric Point","kind":"feature","hazard":"","mining_district":"Northport","county":"Stevens","production":"","years_of_operation":"","underground_mine":"","surface_mine":"","mill":"","visited":"","feature_description":"Possible small mill site. Deteriorating concrete equipment pads, remnants of wood building. Pieces of engine block.","development":0,"dumps":0,"water":0,"structure":1}},
{"type":"Feature","geometry":{"type":"Point","coordinates":[-117.54236,48.8824]},"properties":{"iaml_id":"1054-8","name":"Electric Point","kind":"feature","hazard":"","mining_district":"Northport","county":"Stevens","production":"","years_of_operation":"","underground_mine":"","surface_mine":"","mill":"","visited":"","feature_description":"Glory hole, 50ft vertical highwall (W side of pit), diameter at surface 150ft, barrel at bottom, contents unknown. Smaller pit between 1054-7 and glory hole.","development":1,"dumps":0,"water":0,"structure":0}},
{"type":"Feature","geometry":{"type":"Point","coordinates":[-117.54276,48.88173]},"properties":{"iaml_id":"1054-9","name":"Electric Point","kind":"feature","hazard":"","mining_district":"Northport","county":"Stevens","production":"","years_of_operation":"","underground_mine":"","surface_mine":"","mill":"","visited":"","feature_description":"Adit, caved, Thought to be Lode No. 1 adit. Length scaled off Fig 3 (Cole 1949) approx 800ft plus considerable drifts, etc.","development":1,"dumps":0,"water":0,"structure":0}},
{"type":"Feature","geometry":{"type":"Point","coordinates":[-117.574614,48.928353]},"properties":{"iaml_id":"1056","name":"Admiral consolidated","kind":"site","hazard":"unknown","mining_district":"Northport","county":"Stevens","production":"Prior to 1940: approx 600 tons production. 1952: 50 tons/day; concentrates trucked to Trail, B. C.; 1.5 million tons Zn.","years_of_operation":"1902-1956 intermittent. Principal prod. 1947-1956","underground_mine":"Yes","surface_mine":"","mill":"flotation","visited":"Yes","feature_description":""}},
{"type":"Feature","geometry":{"type":"Point","coordinates":[-117.57884,48.92629]},"properties":{"iaml_id":"1056-1","name":"Admiral consolidated","kind":"feature","hazard":"","mining_district":"Northport","county":"Stevens","production":"","years_of_operation":"","underground_mine":"","surface_mine":"","mill":"","visited":"","feature_description":"Adit, open, standing water inside portal; mill site, remains include: burned timbers, concrete foundation and equipment footings.","development":1,"dumps":0,"water":1,"structure":1}},
{"type":"Feature","geometry":{"type":"Point","coordinates":[-117.57766,48.92746]},"properties":{"iaml_id":"1056-2","name":"Admiral consolidated","kind":"feature","hazard":"","mining_district":"Northport","county":"Stevens","production":"","years_of_operation":"","underground_mine":"","surface_mine":"","mill":"","visited":"","feature_description":"Adit, portal caved (appears intentional), dry, WRD.","development":1,"dumps":1,"water":0,"structure":0}},
{"type":"Feature","geometry":{"type":"Point","coordinates":[-117.57668,48.92784]},"properties":{"iaml_id":"1056-3","name":"Admiral consolidated","kind":"feature","hazard":"","mining_district":"Northport","county":"Stevens","production":"","years_of_operation":"","underground_mine":"","surface_mine":"","mill":"","visited":"","feature_description":"Adit, portal caved (appears intentional), bearing approx 340 degrees, dry, WRD.","development":1,"dumps":1,"water":1,"structure":0}},
{"type":"Feature","geometry":{"type":"Point","coordinates":[-117.591289,48.919367]},"properties":{"iaml_id":"1057","name":"Anderson/Calhoun","kind":"site","hazard":"yes","mining_district":"Northport","county":"Stevens","production":"1948-1951: 100,000 tons ore. 1964 mill built; production Oct 1966-Dec 1968; 875,147 tons ore processed. Early 1990s, exploration.","years_of_operation":"1948-1952, 1961, 1965-1968","underground_mine":"Yes","surface_mine":"Yes","mill":"flotation","visited":"Yes","feature_description":""}},
{"type":"Feature","geometry":{"type":"Point","coordinates":[-117.59684,48.91759]},"properties":{"iaml_id":"1057-1","name":"Anderson/Calhoun","kind":"feature","hazard":"","mining_district":"Northport","county":"Stevens","production":"","years_of_operation":"","underground_mine":"","surface_mine":"","mill":"","visited":"","feature_description":"Upper pit, 250x140ft, depth estimate 35+ft, depth as scaled from mine map 90ft, vertical, stepped walls. Deepest part (50x30ft), W end, flooded to estimated 10ft depth, water (green color) appears stagnant. Wall at W end appears as if two large adits leave pit (photos 2458 (9/16/01) and 3187 (9/5/02). Mine map indicates one 100ft adit here (bears approx 270 degrees). Aquatic vegetation present. 4ft diameter cistern with welded top buried vertically near lower end of pit. Sound of rushing water heard from inside cistern (9/16/01), no such sound 9/5/02.","development":1,"dumps":1,"water":1,"structure":1}},
{"type":"Feature","geometry":{"type":"Point","coordinates":[-117.59269,48.91847]},"properties":{"iaml_id":"1057-2","name":"Anderson/Calhoun","kind":"feature","hazard":"","mining_district":"Northport","county":"Stevens","production":"","years_of_operation":"","underground_mine":"","surface_mine":"","mill":"","visited":"","feature_description":"Lower Pit, 300x170ft, depth as scaled from mine map 90ft, vertical walls, whole extent flooded.  W end has utility pole supported by guy cables submerged to within 1.5ft of its top. Estimated depth of water 30ft, estimated depth of pit 60ft. Water clear, turquoise color. Water sample (W-AND/CAL LOWER PIT).","development":1,"dumps":0,"water":1,"structure":0}},
{"type":"Feature","geometry":{"type":"Point","coordinates":[-117.59241,48.91776]},"properties":{"iaml_id":"1057-3","name":"Anderson/Calhoun","kind":"feature","hazard":"","mining_district":"Northport","county":"Stevens","production":"","years_of_operation":"","underground_mine":"","surface_mine":"","mill":"","visited":"","feature_description":"Mill site, approx 16 acres. Steel buildings, most cladding (corrugated steel) removed or blown off. Remains of elevated conveyors. All sub-grade machinery pits and sumps associated with conveyors are flooded. Mill site includes raise and decline (feature 1057-7) presumably through which ore transported via overhead conveyors to mill from concrete ore bin (feature 1057-6). Approx 80,000 gal steel tank, presumably empty, just S of lower pit (1057-1). Possible tailings from earlier mill at W center, mill site area. Concrete slabs are all that remain of several buildings. Materials scattered about mill area include: motors, scrap steel, elect. equipment, various potentially hazardous materials (24 transformers, some on poles, and other electrical equipment (leaking as noted), bulk piles of fine grey material (ZnSO4?, concentrates?), 70+ 55gal drums, most leaking, pallets of unidentified materials (see SITE TABLE under HAZMAT), ruined papers, books, broken glass, furnature, a mobile crane, garbage. A few hundred cubic yards of presumably barren waste rock lies in piles under elevated conveyor E of concrete ore bin. Main mill bldg (110x130ft), steel frame, concrete slab with cladding removed, includes much machinery, motors, vats, and piping on at least three levels, overhead 15 ton crane, and 60+ of the leaking 55gal drums mentioned above. Tailings sampled at mill building.","development":1,"dumps":1,"water":0,"structure":1}},
{"type":"Feature","geometry":{"type":"Point","coordinates":[-117.59774,48.91771]},"properties":{"iaml_id":"1057-4","name":"Anderson/Calhoun","kind":"feature","hazard":"","mining_district":"Northport","county":"Stevens","production":"","years_of_operation":"","underground_mine":"","surface_mine":"","mill":"","visited":"","feature_description":"Adit, open, 9ft high x 12ft wide, 1150ft length (scaled off mine map), plus drifts, raises. All 24,000ft underground workings inter-connected. Wood frame wall with open door installed at portal. Some timbers collapsing. Piping enters decline. Portal area is below grade; can collect water, is marshy. Deer and bear tracks in mud.","development":1,"dumps":1,"water":1,"structure":0}},
{"type":"Feature","geometry":{"type":"Point","coordinates":[-117.59241,48.91776]},"properties":{"iaml_id":"1057-6","name":"Anderson/Calhoun","kind":"feature","hazard":"","mining_district":"Northport","county":"Stevens","production":"","years_of_operation":"","underground_mine":"","surface_mine":"","mill":"","visited":"","feature_description":"Concrete ore hopper. 30ft drop to funnel -like opening and steel debris. 12 inch curb around opening. Vertical 40ft wall. Machinery pits at base of hopper are flooded.","development":0,"dumps":0,"water":1,"structure":1}},
{"type":"Feature","geometry":{"type":"Point","coordinates":[-117.59241,48.91776]},"properties":{"iaml_id":"1057-7","name":"Anderson/Calhoun","kind":"feature","hazard":"","mining_district":"Northport","county":"Stevens","production":"","years_of_operation":"","underground_mine":"","surface_mine":"","mill":"","visited":"","feature_description":"Decline, flooded approx 40ft from portal, bears 130 degrees, plunges 15 degrees, with raise (40 to 50ft, not closely observed) to surface of outcrop immediately SE of main mill bldg. Conveyor emerges from flooded area and enters mill building.","development":1,"dumps":0,"water":1,"structure":0}},
{"type":"Feature","geometry":{"type":"Point","coordinates":[-117.698997,48.866533]},"properties":{"iaml_id":"1058","name":"Last Chance","kind":"site","hazard":"yes","mining_district":"Northport","county":"Stevens","production":"greater than 10,000 tons.","years_of_operation":"1904-1982","underground_mine":"Yes","surface_mine":"","mill":"Yes","visited":"Yes","feature_description":""}},
{"type":"Feature","geometry":{"type":"Point","coordinates":[-117.69825,48.86617]},"properties":{"iaml_id":"1058-1","name":"Last Chance","kind":"feature","hazard":"","mining_district":"Northport","county":"Stevens","production":"","years_of_operation":"","underground_mine":"","surface_mine":"","mill":"","visited":"","feature_description":"Stope, open, 120x40ft, trends 205 degrees, plunges 54 degrees, depth at N and S ends undetermined, several small WRD, total <500 cu yds,","development":1,"dumps":1,"water":0,"structure":0}},
{"type":"Feature","geometry":{"type":"Point","coordinates":[-117.69517,48.86702]},"properties":{"iaml_id":"1058-2","name":"Last Chance","kind":"feature","hazard":"","mining_district":"Northport","county":"Stevens","production":"","years_of_operation":"","underground_mine":"","surface_mine":"","mill":"","visited":"","feature_description":"Trench, bears 136 degrees, 60x3x3ft and cobble pile 40x50x4ft.","development":1,"dumps":1,"water":0,"structure":0}},
{"type":"Feature","geometry":{"type":"Point","coordinates":[-117.69467,48.8649]},"properties":{"iaml_id":"1058-3","name":"Last Chance","kind":"feature","hazard":"","mining_district":"Northport","county":"Stevens","production":"","years_of_operation":"","underground_mine":"","surface_mine":"","mill":"","visited":"","feature_description":"Trench, 60x4x3ft, curved","development":1,"dumps":0,"water":0,"structure":0}},
{"type":"Feature","geometry":{"type":"Point","coordinates":[-117.69557,48.86563]},"properties":{"iaml_id":"1058-4","name":"Last Chance","kind":"feature","hazard":"","mining_district":"Northport","county":"Stevens","production":"","years_of_operation":"","underground_mine":"","surface_mine":"","mill":"","visited":"","feature_description":"Prospect pit or shaft, 10ft dia, 8ft deep, volume of waste rock around collar appears to equal volume of pit.","development":1,"dumps":1,"water":0,"structure":0}},
{"type":"Feature","geometry":{"type":"Point","coordinates":[-117.69586,48.86587]},"properties":{"iaml_id":"1058-5","name":"Last Chance","kind":"feature","hazard":"","mining_district":"Northport","county":"Stevens","production":"","years_of_operation":"","underground_mine":"","surface_mine":"","mill":"","visited":"","feature_description":"Prospect pit or shaft, 12x9x12ft deep, contains deteriorated ladder","development":1,"dumps":0,"water":0,"structure":0}},
{"type":"Feature","geometry":{"type":"Point","coordinates":[-117.69895,48.86423]},"properties":{"iaml_id":"1058-6","name":"Last Chance","kind":"feature","hazard":"","mining_district":"Northport","county":"Stevens","production":"","years_of_operation":"","underground_mine":"","surface_mine":"","mill":"","visited":"","feature_description":"Unnamed stream in gulch through site","development":0,"dumps":0,"water":1,"structure":0}},
{"type":"Feature","geometry":{"type":"Point","coordinates":[-117.70214,48.86466]},"properties":{"iaml_id":"1058-7","name":"Last Chance","kind":"feature","hazard":"","mining_district":"Northport","county":"Stevens","production":"","years_of_operation":"","underground_mine":"","surface_mine":"","mill":"","visited":"","feature_description":"Tram cables, two. Presumably from tram between adit near 3000ft on N side of gulch (not visited) and mill site","development":0,"dumps":0,"water":0,"structure":1}},
{"type":"Feature","geometry":{"type":"Point","coordinates":[-117.70126,48.86383]},"properties":{"iaml_id":"1058-8","name":"Last Chance","kind":"feature","hazard":"","mining_district":"Northport","county":"Stevens","production":"","years_of_operation":"","underground_mine":"","surface_mine":"","mill":"","visited":"","feature_description":"Adit, \"Adit No. 3\", caved at and above portal, bears 122 degrees, 60x40x60ft WRD","development":1,"dumps":1,"water":1,"structure":1}},
{"type":"Feature","geometry":{"type":"Point","coordinates":[-117.70148,48.86404]},"properties":{"iaml_id":"1058-9","name":"Last Chance","kind":"feature","hazard":"","mining_district":"Northport","county":"Stevens","production":"","years_of_operation":"","underground_mine":"","surface_mine":"","mill":"","visited":"","feature_description":"Core shack, shop, foundations only, all barrels and other containers empty.","development":0,"dumps":0,"water":0,"structure":1}},
{"type":"Feature","geometry":{"type":"Point","coordinates":[-117.696758,48.868444]},"properties":{"iaml_id":"1059","name":"Great Western","kind":"site","hazard":"yes","mining_district":"Northport","county":"Stevens","production":"greater than 10,000 tons.","years_of_operation":"1904-1982 intermittent","underground_mine":"Yes","surface_mine":"","mill":"","visited":"Yes","feature_description":""}},
{"type":"Feature","geometry":{"type":"Point","coordinates":[-117.69909,48.86818]},"properties":{"iaml_id":"1059-1","name":"Great Western","kind":"feature","hazard":"","mining_district":"Northport","county":"Stevens","production":"","years_of_operation":"","underground_mine":"","surface_mine":"","mill":"","visited":"","feature_description":"Adit, partly caved, 4x2ft opening, bears 85 degrees, light visible from other opening 10ft inside adit, air flow, rails, timbers. WRD disturbed by timber harvesting operation, 30x70x50ft slope, dry.","development":1,"dumps":1,"water":0,"structure":0}},
{"type":"Feature","geometry":{"type":"Point","coordinates":[-117.69836,48.86824]},"properties":{"iaml_id":"1059-10","name":"Great Western","kind":"feature","hazard":"","mining_district":"Northport","county":"Stevens","production":"","years_of_operation":"","underground_mine":"","surface_mine":"","mill":"","visited":"","feature_description":"Stope, open, 20x12ft opening, depth unknown (>50ft), steeply plunging, funnel-like opening, dry.","development":1,"dumps":0,"water":0,"structure":0}},
{"type":"Feature","geometry":{"type":"Point","coordinates":[-117.69814,48.86839]},"properties":{"iaml_id":"1059-11","name":"Great Western","kind":"feature","hazard":"","mining_district":"Northport","county":"Stevens","production":"","years_of_operation":"","underground_mine":"","surface_mine":"","mill":"","visited":"","feature_description":"Stope (trend 322 degrees, plunge 50 degrees), opening 6x6ft, approx 35ft deep, appears to have drift at 20ft below surface. WRD 20x40x5ft deep, dry.","development":1,"dumps":1,"water":0,"structure":0}},
{"type":"Feature","geometry":{"type":"Point","coordinates":[-117.69806,48.86858]},"properties":{"iaml_id":"1059-12","name":"Great Western","kind":"feature","hazard":"","mining_district":"Northport","county":"Stevens","production":"","years_of_operation":"","underground_mine":"","surface_mine":"","mill":"","visited":"","feature_description":"Stope, multiple openings, total opening dimensions 50x20ft . 1, left) mostly filled 8x6ft opening, trends 210 degrees, plunges 34 degrees. 1, right) trend 20 degrees, plunge 54 degrees. 2) trend 290 degrees, plunge 42 degrees. 3) trend 300 degrees, plunge 43 degrees, note timbers. WRD 80x30x20ft slope, dry.","development":1,"dumps":1,"water":0,"structure":0}},
{"type":"Feature","geometry":{"type":"Point","coordinates":[-117.69755,48.869]},"properties":{"iaml_id":"1059-13","name":"Great Western","kind":"feature","hazard":"","mining_district":"Northport","county":"Stevens","production":"","years_of_operation":"","underground_mine":"","surface_mine":"","mill":"","visited":"","feature_description":"Adit, mostly caved portal, 2.5x1ft opening, length approx 35ft, no air flow, bears 47 degrees, WRD <50 cu yds, dry.","development":1,"dumps":1,"water":0,"structure":0}},
{"type":"Feature","geometry":{"type":"Point","coordinates":[-117.69676,48.86938]},"properties":{"iaml_id":"1059-14","name":"Great Western","kind":"feature","hazard":"","mining_district":"Northport","county":"Stevens","production":"","years_of_operation":"","underground_mine":"","surface_mine":"","mill":"","visited":"","feature_description":"Stope, mostly filled, trend 315 degrees, plunge 62 degrees, opening at surface 12x10ft, depth 15ft, rails, equipment. WRD much disturbed by logging operation, dry.","development":1,"dumps":1,"water":0,"structure":0}},
{"type":"Feature","geometry":{"type":"Point","coordinates":[-117.69964,48.86749]},"properties":{"iaml_id":"1059-3","name":"Great Western","kind":"feature","hazard":"","mining_district":"Northport","county":"Stevens","production":"","years_of_operation":"","underground_mine":"","surface_mine":"","mill":"","visited":"","feature_description":"Pit, 6ft diameter, 3ft deep, adjacent pile of equal volume, dry.","development":1,"dumps":0,"water":0,"structure":0}},
{"type":"Feature","geometry":{"type":"Point","coordinates":[-117.69989,48.86793]},"properties":{"iaml_id":"1059-4","name":"Great Western","kind":"feature","hazard":"","mining_district":"Northport","county":"Stevens","production":"","years_of_operation":"","underground_mine":"","surface_mine":"","mill":"","visited":"","feature_description":"Log cabin ruins, mostly collapsed, dry.","development":0,"dumps":0,"water":0,"structure":1}},
{"type":"Feature","geometry":{"type":"Point","coordinates":[-117.69959,48.8677]},"properties":{"iaml_id":"1059-5","name":"Great Western","kind":"feature","hazard":"","mining_district":"Northport","county":"Stevens","production":"","years_of_operation":"","underground_mine":"","surface_mine":"","mill":"","visited":"","feature_description":"Incline shaft (trend 308 degrees, plunge 63 degrees) on vein (3ft thick, strike 40 degrees, dip 63 degrees), approx 50ft deep, deteriorating timbers, sheave, WRD 40x15x30ft face, dry.","development":1,"dumps":1,"water":0,"structure":0}},
{"type":"Feature","geometry":{"type":"Point","coordinates":[-117.6996,48.86744]},"properties":{"iaml_id":"1059-6","name":"Great Western","kind":"feature","hazard":"","mining_district":"Northport","county":"Stevens","production":"","years_of_operation":"","underground_mine":"","surface_mine":"","mill":"","visited":"","feature_description":"Adit, open, length 30ft, 7x6ft opening, bears 17 degrees, country rock is ls or dolo, dry.","development":1,"dumps":0,"water":0,"structure":0}},
{"type":"Feature","geometry":{"type":"Point","coordinates":[-117.69874,48.86811]},"properties":{"iaml_id":"1059-7","name":"Great Western","kind":"feature","hazard":"","mining_district":"Northport","county":"Stevens","production":"","years_of_operation":"","underground_mine":"","surface_mine":"","mill":"","visited":"","feature_description":"Stope (trend 305 degrees, plunge 76 degrees), open, deteriorated rudimentary ladder inside, opening 5x3ft, dry.","development":1,"dumps":0,"water":0,"structure":0}},
{"type":"Feature","geometry":{"type":"Point","coordinates":[-117.69874,48.86811]},"properties":{"iaml_id":"1059-8","name":"Great Western","kind":"feature","hazard":"","mining_district":"Northport","county":"Stevens","production":"","years_of_operation":"","underground_mine":"","surface_mine":"","mill":"","visited":"","feature_description":"Stope (trend 310 degrees, plunge 60 degrees), open, on vein (strike 180 degrees, dip 40 degrees), partly filled portal, opening 6x3ft, dry.","development":1,"dumps":0,"water":0,"structure":0}},
{"type":"Feature","geometry":{"type":"Point","coordinates":[-117.69836,48.86824]},"properties":{"iaml_id":"1059-9","name":"Great Western","kind":"feature","hazard":"","mining_district":"Northport","county":"Stevens","production":"","years_of_operation":"","underground_mine":"","surface_mine":"","mill":"","visited":"","feature_description":"Stope (trend 305 degrees, plunge 51 degrees), open, on vein (strike 40 degrees, dip 51 degrees), dry.","development":1,"dumps":0,"water":0,"structure":0}},
{"type":"Feature","geometry":{"type":"Point","coordinates":[-117.715106,48.863586]},"properties":{"iaml_id":"1060","name":"Deep Creek","kind":"site","hazard":"yes","mining_district":"Northport","county":"Stevens","production":"Remnants of compressor plant include some electrical equipment (including a small bank of capacitors). Milling was done at the Sierra Zinc mine by Goldfield Consolidated. Most production is from the Goldfield years, 1947 - 1956","years_of_operation":"1917-1956","underground_mine":"Yes","surface_mine":"","mill":"Yes","visited":"Yes","feature_description":""}},
{"type":"Feature","geometry":{"type":"Point","coordinates":[-117.71616,48.86341]},"properties":{"iaml_id":"1060-1","name":"Deep Creek","kind":"feature","hazard":"","mining_district":"Northport","county":"Stevens","production":"","years_of_operation":"","underground_mine":"","surface_mine":"","mill":"","visited":"","feature_description":"Adit, open, dry at time of visit, but evidence of seasonal discharge. No mention of this adit in the literature. Footpath across marsh leads to boardwalk in adit. Waddell (1963) reports a \"powder magazine in an abandoned adit 250 feet from its portal.\" Average storage was 8 tons powder.","development":1,"dumps":0,"water":1,"structure":0}},
{"type":"Feature","geometry":{"type":"Point","coordinates":[-117.71616,48.86341]},"properties":{"iaml_id":"1060-2","name":"Deep Creek","kind":"feature","hazard":"","mining_district":"Northport","county":"Stevens","production":"","years_of_operation":"","underground_mine":"","surface_mine":"","mill":"","visited":"","feature_description":"Shaft, inclined 65 degrees, flooded to surface. Collapsed rudimentary barbed wire fence once surrounded shaft. Shaft reported to be draining 20gpm during May 4, 2000 START visit. Vegetated berm of waste rock around shaft.","development":1,"dumps":1,"water":1,"structure":0}},
{"type":"Feature","geometry":{"type":"Point","coordinates":[-117.71616,48.86341]},"properties":{"iaml_id":"1060-3","name":"Deep Creek","kind":"feature","hazard":"","mining_district":"Northport","county":"Stevens","production":"","years_of_operation":"","underground_mine":"","surface_mine":"","mill":"","visited":"","feature_description":"shaft, mostly closed.Pipes and conduit cut off near ground level. Pipes include 8\", 6\", 2-4\", 2\" conduit with 3 1/0 wires. 8\" pipe has water about15' beneath surface.","development":1,"dumps":0,"water":0,"structure":0}},
{"type":"Feature","geometry":{"type":"Point","coordinates":[-117.71479,48.86365]},"properties":{"iaml_id":"1060-5","name":"Deep Creek","kind":"feature","hazard":"","mining_district":"Northport","county":"Stevens","production":"","years_of_operation":"","underground_mine":"","surface_mine":"","mill":"","visited":"","feature_description":"Waste Rock Dumps","development":0,"dumps":1,"water":0,"structure":0}},
{"type":"Feature","geometry":{"type":"Point","coordinates":[-117.539678,48.951672]},"properties":{"iaml_id":"1061","name":"Iroquois","kind":"site","hazard":"unknown","mining_district":"Northport","county":"Stevens","production":"Total ore production 6000 tons.","years_of_operation":"1917-1975","underground_mine":"Yes","surface_mine":"Yes","mill":"No mill on site","visited":"Yes","feature_description":""}},
{"type":"Feature","geometry":{"type":"Point","coordinates":[-117.54084,48.9518]},"properties":{"iaml_id":"1061-1","name":"Iroquois","kind":"feature","hazard":"","mining_district":"Northport","county":"Stevens","production":"","years_of_operation":"","underground_mine":"","surface_mine":"","mill":"","visited":"","feature_description":"Adit, portal open, caved 20ft inside, two structures. 1) quanset hut, center collapsed. Conctrete slab and foundation, corrugated steel. 2) wood frame, corrugated steel cladding, intact. WRD (40ft x 100ft x 50ft slope).","development":1,"dumps":1,"water":1,"structure":1}},
{"type":"Feature","geometry":{"type":"Point","coordinates":[-117.54012,48.95262]},"properties":{"iaml_id":"1061-2","name":"Iroquois","kind":"feature","hazard":"","mining_district":"Northport","county":"Stevens","production":"","years_of_operation":"","underground_mine":"","surface_mine":"","mill":"","visited":"","feature_description":"Possible millsite. Includes remains of what may be timber and rail platform, 2 steel vats (crushed, 4ft diameter), some scrap timber and steel. All steel (including FS Cadastral Survey marker) has beige coating (which fizzes with acid","development":0,"dumps":0,"water":0,"structure":1}},
{"type":"Feature","geometry":{"type":"Point","coordinates":[-117.706144,48.870403]},"properties":{"iaml_id":"1062","name":"Black Rock","kind":"site","hazard":"yes","mining_district":"Northport","county":"Stevens","production":"Ore shipped to smelter at Mineral Springs, WI [Patty 1921 p. 111]. On-site concentrating mill is mostly collapsed.","years_of_operation":"1920-1943, intermittent","underground_mine":"Yes","surface_mine":"","mill":"Yes","visited":"Unknown","feature_description":""}},
{"type":"Feature","geometry":{"type":"Point","coordinates":[-117.70809,48.87048]},"properties":{"iaml_id":"1062-1","name":"Black Rock","kind":"feature","hazard":"","mining_district":"Northport","county":"Stevens","production":"","years_of_operation":"","underground_mine":"","surface_mine":"","mill":"","visited":"","feature_description":"Adit, mostly caved at portal, small opening, air exhausting, WRD 200ft x 50ft x 40ft slope.","development":1,"dumps":1,"water":0,"structure":0}},
{"type":"Feature","geometry":{"type":"Point","coordinates":[-117.70733,48.87007]},"properties":{"iaml_id":"1062-2","name":"Black Rock","kind":"feature","hazard":"","mining_district":"Northport","county":"Stevens","production":"","years_of_operation":"","underground_mine":"","surface_mine":"","mill":"","visited":"","feature_description":"Incline (funnel-like collar plunges at 37 degrees below horizontal) on vein with stopes to either side (strike 40 degrees). Wooden headframe, steep WRD.","development":1,"dumps":1,"water":0,"structure":1}},
{"type":"Feature","geometry":{"type":"Point","coordinates":[-117.70809,48.87048]},"properties":{"iaml_id":"1062-3","name":"Black Rock","kind":"feature","hazard":"","mining_district":"Northport","county":"Stevens","production":"","years_of_operation":"","underground_mine":"","surface_mine":"","mill":"","visited":"","feature_description":"Mill building. Ruins include leaning concrete wall, very small amount of concentrate waste on and under wooden platform on S side of building ruins. Mill tailings may have been deposited where road and farm buildings now lie.","development":0,"dumps":0,"water":0,"structure":1}},
{"type":"Feature","geometry":{"type":"Point","coordinates":[-118.033492,48.758636]},"properties":{"iaml_id":"1064","name":"Young America","kind":"site","hazard":"yes","mining_district":"Bossburg","county":"Stevens","production":"Production prior to 1904 unknown. 1905-1953 was 13,389 tons yielding 70,000 ozs. Ag, 939,719 lbs Pb, 771,629 lbs Zn. More or less continuous small shipments through those years.","years_of_operation":"1885-1954","underground_mine":"Yes","surface_mine":"","mill":"flotation","visited":"Yes","feature_description":""}},
{"type":"Feature","geometry":{"type":"Point","coordinates":[-118.03586,48.75819]},"properties":{"iaml_id":"1064-1","name":"Young America","kind":"feature","hazard":"","mining_district":"Bossburg","county":"Stevens","production":"","years_of_operation":"","underground_mine":"","surface_mine":"","mill":"","visited":"","feature_description":"No. 1 Level adit, open, baldheaded, water impounded behind 3ft concrete wall at portal. WRD (no dimensions).","development":1,"dumps":0,"water":1,"structure":0}},
{"type":"Feature","geometry":{"type":"Point","coordinates":[-118.03523,48.75879]},"properties":{"iaml_id":"1064-11","name":"Young America","kind":"feature","hazard":"","mining_district":"Bossburg","county":"Stevens","production":"","years_of_operation":"","underground_mine":"","surface_mine":"","mill":"","visited":"","feature_description":"Ore bin, collapsed. At base of main adit level WRD. Water seep here.","development":0,"dumps":1,"water":1,"structure":1}},
{"type":"Feature","geometry":{"type":"Point","coordinates":[-118.03821,48.76034]},"properties":{"iaml_id":"1064-12","name":"Young America","kind":"feature","hazard":"","mining_district":"Bossburg","county":"Stevens","production":"","years_of_operation":"","underground_mine":"","surface_mine":"","mill":"","visited":"","feature_description":"Mill site and tailings repository. Immediately off highway to NW lies ruins including collapsed wooden structure, concrete footings and pads. All equipment removed. Approx 0.7 acre area appears to be capped tailings. Area encircled by berm. Lies approx 200ft horizontally and 50ft vertically from shore of Lake Roosevelt. Dry. Recommend investigating larger area for tailings, especially to S and SW.","development":0,"dumps":1,"water":0,"structure":1}},
{"type":"Feature","geometry":{"type":"Point","coordinates":[-118.03549,48.75791]},"properties":{"iaml_id":"1064-2","name":"Young America","kind":"feature","hazard":"","mining_district":"Bossburg","county":"Stevens","production":"","years_of_operation":"","underground_mine":"","surface_mine":"","mill":"","visited":"","feature_description":"Two structures. First: collapsed, on flat platform adjacent to road. Empty about200gal black rubber bladder/tank lies nearby. Second: standing wood structure, roof caving.","development":0,"dumps":0,"water":0,"structure":1}},
{"type":"Feature","geometry":{"type":"Point","coordinates":[-118.03507,48.75791]},"properties":{"iaml_id":"1064-3","name":"Young America","kind":"feature","hazard":"","mining_district":"Bossburg","county":"Stevens","production":"","years_of_operation":"","underground_mine":"","surface_mine":"","mill":"","visited":"","feature_description":"Adit, caved completely at portal, possibly No. 5 Level. Small WRD (20ft x 3ft x 30ft slope), 20\" diameter fir growing sideways across portal, dry, scrap timbers, 10\"x4' air pressure tank.","development":1,"dumps":1,"water":0,"structure":0}},
{"type":"Feature","geometry":{"type":"Point","coordinates":[-118.03465,48.75812]},"properties":{"iaml_id":"1064-4","name":"Young America","kind":"feature","hazard":"","mining_district":"Bossburg","county":"Stevens","production":"","years_of_operation":"","underground_mine":"","surface_mine":"","mill":"","visited":"","feature_description":"Shaft/incline/stope feature. Possibly the short adit and adjacent raise from No. 5 Level (depicted in Hundhausen, 1949, Figure 2). Small WRD. Adit in photo bears 120 degrees, raise/stope strikes 20 degrees, plunges 50 degrees. Dry.","development":1,"dumps":1,"water":0,"structure":0}},
{"type":"Feature","geometry":{"type":"Point","coordinates":[-118.03465,48.75808]},"properties":{"iaml_id":"1064-5","name":"Young America","kind":"feature","hazard":"","mining_district":"Bossburg","county":"Stevens","production":"","years_of_operation":"","underground_mine":"","surface_mine":"","mill":"","visited":"","feature_description":"Adit/prospect, 4ft long, at cliff base.","development":1,"dumps":0,"water":0,"structure":0}},
{"type":"Feature","geometry":{"type":"Point","coordinates":[-118.03462,48.75877]},"properties":{"iaml_id":"1064-8","name":"Young America","kind":"feature","hazard":"","mining_district":"Bossburg","county":"Stevens","production":"","years_of_operation":"","underground_mine":"","surface_mine":"","mill":"","visited":"","feature_description":"Adit, open. This is the \"No. 2 or main adit level [which] has served as the principal  haulageway for the removal of ore\u2026\" (Hundhausen 1949, p. 6). Stoped out room immediately inside. This is part of the main (hanging wall) ore zone (Hundhausen 1949, p. 6) which is developed along its strike for 300ft and along its dip for 200ft. Bats observed flying into and out of this room. They may pass between this and the previous room (1064-7).","development":1,"dumps":1,"water":0,"structure":0}},
{"type":"Feature","geometry":{"type":"Point","coordinates":[-118.03471,48.75907]},"properties":{"iaml_id":"1064-9","name":"Young America","kind":"feature","hazard":"","mining_district":"Bossburg","county":"Stevens","production":"","years_of_operation":"","underground_mine":"","surface_mine":"","mill":"","visited":"","feature_description":"Adit, open, \"No. 6 Level.\" Baldheaded, tracks, portal bears 135 degrees, curves to left, much air exhausting. Moisture at portal supports grasses, rushes, groundcovers, maple. Area in shade in evening. Would receive direct sun in middle afternoon. WRD has slid, extends unknown distance down slope. 24\" diameter fir growing from WRD slope.","development":1,"dumps":1,"water":0,"structure":0}},
{"type":"Feature","geometry":{"type":"Point","coordinates":[-119.01934,48.15703]},"properties":{"iaml_id":"1065","name":"Apache","kind":"site","hazard":"unknown","mining_district":"Nespelem","county":"Okanogan","production":"$270,000 to 1940 (Huntting, 1956)","years_of_operation":"1908-1940 intermittent","underground_mine":"Yes","surface_mine":"","mill":"unknown","visited":"No","feature_description":""}},
{"type":"Feature","geometry":{"type":"Point","coordinates":[-118.078497,48.379392]},"properties":{"iaml_id":"1066","name":"Daisy","kind":"site","hazard":"unknown","mining_district":"Kettle Falls/Summit","county":"Stevens","production":"unknown","years_of_operation":"1890-1935 intermittent","underground_mine":"Yes","surface_mine":"","mill":"Yes","visited":"Yes","feature_description":""}},
{"type":"Feature","geometry":{"type":"Point","coordinates":[-118.08244,48.37986]},"properties":{"iaml_id":"1066-1","name":"Daisy","kind":"feature","hazard":"","mining_district":"Kettle Falls/Summit","county":"Stevens","production":"","years_of_operation":"","underground_mine":"","surface_mine":"","mill":"","visited":"","feature_description":"Mill Building, various tailings dumps, water tank (8ft tall, 18ft dia. empty, no cover, photo 2353), remnants of other wooden tanks immediately below building. Includes crushed 16\" metal piping, concrete, fire bricks, metal junk. Mill building is post and beam wood construction, most of siding gone. Gasoline engine lies inside mill building. Approx 6 distinct small tailings dumps (total volume observed <50 cu yds): 1) <20 cu yds fines in and under bin inside mill; 2) 50ft long waste pile on N side of bldg; 3) top: 6\" fines, 4\" 1/2\" crushed, bottom: soil (?), slight musty H2S odor; 4) see photos 2344, 2345; 5) \"Slag Pile\" on slope, <20 cu yds; 6) Area where most tailings would have been dumped, recently logged, no sign of tailings.","development":0,"dumps":1,"water":0,"structure":1}},
{"type":"Feature","geometry":{"type":"Point","coordinates":[-118.08066,48.37947]},"properties":{"iaml_id":"1066-2","name":"Daisy","kind":"feature","hazard":"","mining_district":"Kettle Falls/Summit","county":"Stevens","production":"","years_of_operation":"","underground_mine":"","surface_mine":"","mill":"","visited":"","feature_description":"Adit, caved, discharge approx 10gpm, small pool 10ft from where water emerges from ground, WRD (120x60x30ft slope). Mostly intact wood frame building \"maintenance shop.\"","development":1,"dumps":1,"water":1,"structure":1}},
{"type":"Feature","geometry":{"type":"Point","coordinates":[-118.08066,48.37947]},"properties":{"iaml_id":"1066-3","name":"Daisy","kind":"feature","hazard":"","mining_district":"Kettle Falls/Summit","county":"Stevens","production":"","years_of_operation":"","underground_mine":"","surface_mine":"","mill":"","visited":"","feature_description":"partly collapsed log building (examined only from distance), appears to be 12ft x40ft","development":0,"dumps":0,"water":0,"structure":1}},
{"type":"Feature","geometry":{"type":"Point","coordinates":[-118.077503,48.372864]},"properties":{"iaml_id":"1067","name":"Tempest","kind":"site","hazard":"unknown","mining_district":"Kettle Falls/Summit","county":"Stevens","production":"2000 tons prior to 1890. Later, 1842 tons 1916-1935 average 10 opt Ag, 4527 lbs cu, 29,000 lbs Pb","years_of_operation":"","underground_mine":"Yes","surface_mine":"","mill":"No","visited":"Yes","feature_description":""}},
{"type":"Feature","geometry":{"type":"Point","coordinates":[-118.0841,48.37253]},"properties":{"iaml_id":"1067-1","name":"Tempest","kind":"feature","hazard":"","mining_district":"Kettle Falls/Summit","county":"Stevens","production":"","years_of_operation":"","underground_mine":"","surface_mine":"","mill":"","visited":"","feature_description":"Adit, caved, probably short, dry, WRD mingled with that of 1067-2.","development":1,"dumps":1,"water":0,"structure":0}},
{"type":"Feature","geometry":{"type":"Point","coordinates":[-118.08223,48.37515]},"properties":{"iaml_id":"1067-10","name":"Tempest","kind":"feature","hazard":"","mining_district":"Kettle Falls/Summit","county":"Stevens","production":"","years_of_operation":"","underground_mine":"","surface_mine":"","mill":"","visited":"","feature_description":"Prospect pit, 5 cu yd WRD.","development":1,"dumps":1,"water":0,"structure":0}},
{"type":"Feature","geometry":{"type":"Point","coordinates":[-118.0832,48.37352]},"properties":{"iaml_id":"1067-11","name":"Tempest","kind":"feature","hazard":"","mining_district":"Kettle Falls/Summit","county":"Stevens","production":"","years_of_operation":"","underground_mine":"","surface_mine":"","mill":"","visited":"","feature_description":"Trench/open cut, dry, 50ft x 5ft on 10 degrees slope","development":1,"dumps":0,"water":0,"structure":0}},
{"type":"Feature","geometry":{"type":"Point","coordinates":[-118.084,48.37246]},"properties":{"iaml_id":"1067-12","name":"Tempest","kind":"feature","hazard":"","mining_district":"Kettle Falls/Summit","county":"Stevens","production":"","years_of_operation":"","underground_mine":"","surface_mine":"","mill":"","visited":"","feature_description":"Concrete vault, empty, wooden door, open. Possibly used as powder magazine.","development":0,"dumps":0,"water":0,"structure":1}},
{"type":"Feature","geometry":{"type":"Point","coordinates":[-118.08392,48.37295]},"properties":{"iaml_id":"1067-2","name":"Tempest","kind":"feature","hazard":"","mining_district":"Kettle Falls/Summit","county":"Stevens","production":"","years_of_operation":"","underground_mine":"","surface_mine":"","mill":"","visited":"","feature_description":"Adit, open, length unknown (>100ft), timber collar, hinged wooden door with hasp (pried, door open), standing water on floor few inches deep, discharge trickle (<1gpm), whiffs of sulfurous smell. WRD (60ft x 100ft x 30ft slope).","development":1,"dumps":1,"water":1,"structure":0}},
{"type":"Feature","geometry":{"type":"Point","coordinates":[-118.08348,48.37245]},"properties":{"iaml_id":"1067-3","name":"Tempest","kind":"feature","hazard":"","mining_district":"Kettle Falls/Summit","county":"Stevens","production":"","years_of_operation":"","underground_mine":"","surface_mine":"","mill":"","visited":"","feature_description":"Surface excavation with WRD (40ft x 60ft x 15ft). Dry, 10ft vertical highwalls on two sides. Not thought to be a caved or filled underground opening.","development":1,"dumps":1,"water":0,"structure":0}},
{"type":"Feature","geometry":{"type":"Point","coordinates":[-118.08342,48.37307]},"properties":{"iaml_id":"1067-4","name":"Tempest","kind":"feature","hazard":"","mining_district":"Kettle Falls/Summit","county":"Stevens","production":"","years_of_operation":"","underground_mine":"","surface_mine":"","mill":"","visited":"","feature_description":"Area of 3 small openings: 1) open cut,  30ft long x12ft wide x 4ft deep, small WRD; 2) open pit, possible glory hole above 1067-2, 30ft wide x12ft deep; 3) caved shaft, collapsed collar, rotten timbers inside, 10ft diameter x 8ft deep, several cu yds WRD around collar. All dry.","development":1,"dumps":1,"water":0,"structure":0}},
{"type":"Feature","geometry":{"type":"Point","coordinates":[-118.08351,48.37198]},"properties":{"iaml_id":"1067-5","name":"Tempest","kind":"feature","hazard":"","mining_district":"Kettle Falls/Summit","county":"Stevens","production":"","years_of_operation":"","underground_mine":"","surface_mine":"","mill":"","visited":"","feature_description":"Dwelling. Includes house and two out-buildings, all intact","development":0,"dumps":0,"water":0,"structure":1}},
{"type":"Feature","geometry":{"type":"Point","coordinates":[-118.08085,48.37241]},"properties":{"iaml_id":"1067-6","name":"Tempest","kind":"feature","hazard":"","mining_district":"Kettle Falls/Summit","county":"Stevens","production":"","years_of_operation":"","underground_mine":"","surface_mine":"","mill":"","visited":"","feature_description":"Adit, caved, old road passes between caved portal and WRD (60ft x 10ft x 30ft slope). Current road passes through portal area.","development":1,"dumps":1,"water":0,"structure":0}},
{"type":"Feature","geometry":{"type":"Point","coordinates":[-118.0805,48.37209]},"properties":{"iaml_id":"1067-7","name":"Tempest","kind":"feature","hazard":"","mining_district":"Kettle Falls/Summit","county":"Stevens","production":"","years_of_operation":"","underground_mine":"","surface_mine":"","mill":"","visited":"","feature_description":"Adit, baldheaded, length unknown, 5ft high berm at portal impounding water, opening 28\" x 8\", inside dimensions 5ft wide x 5.5ft high, water seeping, and discharge 2gpm approx 100ft from portal. Blacksmith's shop (all containers inside shop are empty). 55gal drum, 1/2 full of black petroleum product, drum is very rusted, numerous small leaks, product spilled on ground. WRD naturally revegetated, dimensions unknown.","development":1,"dumps":1,"water":1,"structure":1}},
{"type":"Feature","geometry":{"type":"Point","coordinates":[-118.07888,48.37224]},"properties":{"iaml_id":"1067-8","name":"Tempest","kind":"feature","hazard":"","mining_district":"Kettle Falls/Summit","county":"Stevens","production":"","years_of_operation":"","underground_mine":"","surface_mine":"","mill":"","visited":"","feature_description":"Adit, caved,  water seep, WRD has become large leveled area for timber harvesting operation, old compressors (one 6\" diesel in tank, not capped; other with full, capped diesel tank).","development":1,"dumps":1,"water":1,"structure":0}},
{"type":"Feature","geometry":{"type":"Point","coordinates":[-118.08245,48.37471]},"properties":{"iaml_id":"1067-9","name":"Tempest","kind":"feature","hazard":"","mining_district":"Kettle Falls/Summit","county":"Stevens","production":"","years_of_operation":"","underground_mine":"","surface_mine":"","mill":"","visited":"","feature_description":"Adit, caved, dry. WRD (40ft x 20ft x 20ft slope).","development":1,"dumps":0,"water":0,"structure":0}},
{"type":"Feature","geometry":{"type":"Point","coordinates":[-118.101544,48.032]},"properties":{"iaml_id":"1068","name":"Deer Trail","kind":"site","hazard":"yes","mining_district":"Deer Trail","county":"Stevens","production":"1939: 10 ton flotation 1954: milling Cu ore stockpiles from Turk mine. 1981: 150 ton mill. Silver concentrate trucked to Trail, B. C.","years_of_operation":"1894-1975, intermittent; 1981-1984.","underground_mine":"Yes","surface_mine":"","mill":"Yes","visited":"Yes","feature_description":""}},
{"type":"Feature","geometry":{"type":"Point","coordinates":[-118.09759,48.03551]},"properties":{"iaml_id":"1068-1","name":"Deer Trail","kind":"feature","hazard":"","mining_district":"Deer Trail","county":"Stevens","production":"","years_of_operation":"","underground_mine":"","surface_mine":"","mill":"","visited":"","feature_description":"Tailings repositories, 3 levels. Each level can collect water, each dry 9/13/01; lower level contained 40ft x 25ft x 10 inch deep pool 5/7/02. Pond/marsh area below tailings includes three distinct pools. Lower pool dammed by beavers. One sample analysed. FW Beaver Dam 45, 5.0, 160, BMI present.","development":0,"dumps":1,"water":1,"structure":0}},
{"type":"Feature","geometry":{"type":"Point","coordinates":[-118.10422,48.03246]},"properties":{"iaml_id":"1068-10","name":"Deer Trail","kind":"feature","hazard":"","mining_district":"Deer Trail","county":"Stevens","production":"","years_of_operation":"","underground_mine":"","surface_mine":"","mill":"","visited":"","feature_description":"Adit, caved, timbered collar, WRD 50ft x 70ft x 30ft slope, dry. Structure below (East), pipes to west.","development":1,"dumps":1,"water":0,"structure":0}},
{"type":"Feature","geometry":{"type":"Point","coordinates":[-118.10381,48.03136]},"properties":{"iaml_id":"1068-11","name":"Deer Trail","kind":"feature","hazard":"","mining_district":"Deer Trail","county":"Stevens","production":"","years_of_operation":"","underground_mine":"","surface_mine":"","mill":"","visited":"","feature_description":"Adit, unstable, mostly caved portal, bears 315 degrees, timber collar, dry, possible small (2ft x 1ft) opening. WRD (no dimensions).","development":1,"dumps":1,"water":0,"structure":0}},
{"type":"Feature","geometry":{"type":"Point","coordinates":[-118.10079,48.03271]},"properties":{"iaml_id":"1068-12","name":"Deer Trail","kind":"feature","hazard":"","mining_district":"Deer Trail","county":"Stevens","production":"","years_of_operation":"","underground_mine":"","surface_mine":"","mill":"","visited":"","feature_description":"Adit, caved, timbered collar, pipe, garbage, thick vegetation. Drainage ditch 3ft wide, 100ft long: dry 9/13/01; draining approx 5gpm 5/7/02, much algae, misquito larve, 1 frog. WRD.","development":1,"dumps":0,"water":1,"structure":0}},
{"type":"Feature","geometry":{"type":"Point","coordinates":[-118.09759,48.03551]},"properties":{"iaml_id":"1068-13","name":"Deer Trail","kind":"feature","hazard":"","mining_district":"Deer Trail","county":"Stevens","production":"","years_of_operation":"","underground_mine":"","surface_mine":"","mill":"","visited":"","feature_description":"Main haul adit, caved, timbers, piping.","development":1,"dumps":0,"water":0,"structure":0}},
{"type":"Feature","geometry":{"type":"Point","coordinates":[-118.09759,48.03551]},"properties":{"iaml_id":"1068-2","name":"Deer Trail","kind":"feature","hazard":"","mining_district":"Deer Trail","county":"Stevens","production":"","years_of_operation":"","underground_mine":"","surface_mine":"","mill":"","visited":"","feature_description":"Mill site: Various structures including: mill building, shop, both steel construction,  Equipment removed, structures collapsing, beams removed, vandalized. about15000gal RR tank car, 20000gal tank used for water, both appear empty.","development":0,"dumps":0,"water":0,"structure":1}},
{"type":"Feature","geometry":{"type":"Point","coordinates":[-118.09924,48.03637]},"properties":{"iaml_id":"1068-3","name":"Deer Trail","kind":"feature","hazard":"","mining_district":"Deer Trail","county":"Stevens","production":"","years_of_operation":"","underground_mine":"","surface_mine":"","mill":"","visited":"","feature_description":"Adit, caved, bears 305 degrees, 40ft x 20ft x 70ft slope WRD, dry.","development":1,"dumps":1,"water":0,"structure":0}},
{"type":"Feature","geometry":{"type":"Point","coordinates":[-118.1006,48.03542]},"properties":{"iaml_id":"1068-4","name":"Deer Trail","kind":"feature","hazard":"","mining_district":"Deer Trail","county":"Stevens","production":"","years_of_operation":"","underground_mine":"","surface_mine":"","mill":"","visited":"","feature_description":"Adit, caved, bears 290 degrees, WRD (80ft x 70ft x 80ft slope), WRD platform apparently used in timber harvesting operation. Timbered collar: posts and beams in place, planks collapsed, trees to 18 inch diameter collapsed onto collar, dry.","development":1,"dumps":1,"water":0,"structure":0}},
{"type":"Feature","geometry":{"type":"Point","coordinates":[-118.10046,48.03668]},"properties":{"iaml_id":"1068-5","name":"Deer Trail","kind":"feature","hazard":"","mining_district":"Deer Trail","county":"Stevens","production":"","years_of_operation":"","underground_mine":"","surface_mine":"","mill":"","visited":"","feature_description":"Platform possibly used in timber harvesting operation, no apparent opening, dry. Drill platform?","development":0,"dumps":0,"water":0,"structure":0}},
{"type":"Feature","geometry":{"type":"Point","coordinates":[-118.10372,48.03393]},"properties":{"iaml_id":"1068-6","name":"Deer Trail","kind":"feature","hazard":"","mining_district":"Deer Trail","county":"Stevens","production":"","years_of_operation":"","underground_mine":"","surface_mine":"","mill":"","visited":"","feature_description":"Adit or prospect, caved, <200cu yds WRD, dry.","development":1,"dumps":1,"water":0,"structure":0}},
{"type":"Feature","geometry":{"type":"Point","coordinates":[-118.10376,48.03368]},"properties":{"iaml_id":"1068-7","name":"Deer Trail","kind":"feature","hazard":"","mining_district":"Deer Trail","county":"Stevens","production":"","years_of_operation":"","underground_mine":"","surface_mine":"","mill":"","visited":"","feature_description":"Adit, caved, <500 cu yds, WRD, dry.","development":1,"dumps":1,"water":0,"structure":0}},
{"type":"Feature","geometry":{"type":"Point","coordinates":[-118.10442,48.03321]},"properties":{"iaml_id":"1068-8","name":"Deer Trail","kind":"feature","hazard":"","mining_district":"Deer Trail","county":"Stevens","production":"","years_of_operation":"","underground_mine":"","surface_mine":"","mill":"","visited":"","feature_description":"Adit or prospect, caved, <200cu yds WRD, dry.","development":1,"dumps":1,"water":0,"structure":0}},
{"type":"Feature","geometry":{"type":"Point","coordinates":[-118.10431,48.03349]},"properties":{"iaml_id":"1068-9","name":"Deer Trail","kind":"feature","hazard":"","mining_district":"Deer Trail","county":"Stevens","production":"","years_of_operation":"","underground_mine":"","surface_mine":"","mill":"","visited":"","feature_description":"Adit, caved, 20ft x 30ft x 40ft slope WRD, dry.","development":1,"dumps":1,"water":0,"structure":0}},
{"type":"Feature","geometry":{"type":"Point","coordinates":[-117.77768,48.55317]},"properties":{"iaml_id":"1069","name":"Old Dominion","kind":"site","hazard":"yes","mining_district":"Colville","county":"Stevens","production":"High grade ore hauled by packhorse to Spokane then rail to Tacoma and Helena, MT. Since 1927 old tailings reworked. Present heap leach pile thought to have been created sometime since 1976.","years_of_operation":"1885-1953","underground_mine":"Yes","surface_mine":"No","mill":"Yes","visited":"Yes","feature_description":""}},
{"type":"Feature","geometry":{"type":"Point","coordinates":[-117.77815,48.55466]},"properties":{"iaml_id":"1069-1","name":"Old Dominion","kind":"feature","hazard":"","mining_district":"Colville","county":"Stevens","production":"","years_of_operation":"","underground_mine":"","surface_mine":"","mill":"","visited":"","feature_description":"Adit, open,  baldheaded, portal slightly unstable, unknown length. Thought to be the \"Ophir\" adit, worked in 1951-52. Reported to have several thousand feet of workings (Moen1976,). WRD (100ft x 100ft x 60ft slope).","development":1,"dumps":1,"water":0,"structure":0}},
{"type":"Feature","geometry":{"type":"Point","coordinates":[-117.77825,48.55002]},"properties":{"iaml_id":"1069-10","name":"Old Dominion","kind":"feature","hazard":"","mining_district":"Colville","county":"Stevens","production":"","years_of_operation":"","underground_mine":"","surface_mine":"","mill":"","visited":"","feature_description":"Tailings area. 1.5 acre barren flat area below No. 1 adit (Feature 1069-9) thought to once contain tailings dump up to 5ft thick. Thickness and extent difficult to determine due to presumed dozer and loader work and area used in timber harvesting operation. Tailings extracted from this area and piled on WRD platform for heap leach operation (Feature 1069-9). No evidence that leaching occurred (no piping, etc.). Tailings can be traced downstream for 1600ft with an average width of 70ft. Depth 0 to 1ft. Present extent of tailings area approx. 3.25 acres. Material is described as \"jig tailings.\" It is of uniform size and apparently no chemical processes performed in it.","development":0,"dumps":1,"water":1,"structure":0}},
{"type":"Feature","geometry":{"type":"Point","coordinates":[-117.77859,48.5534]},"properties":{"iaml_id":"1069-2","name":"Old Dominion","kind":"feature","hazard":"","mining_district":"Colville","county":"Stevens","production":"","years_of_operation":"","underground_mine":"","surface_mine":"","mill":"","visited":"","feature_description":"Shaft, vertical, caved collar, old timbers at bottom and at surface, visible depth 12ft.","development":1,"dumps":0,"water":0,"structure":0}},
{"type":"Feature","geometry":{"type":"Point","coordinates":[-117.77768,48.55317]},"properties":{"iaml_id":"1069-4","name":"Old Dominion","kind":"feature","hazard":"","mining_district":"Colville","county":"Stevens","production":"","years_of_operation":"","underground_mine":"","surface_mine":"","mill":"","visited":"","feature_description":"Ore bin","development":0,"dumps":0,"water":0,"structure":1}},
{"type":"Feature","geometry":{"type":"Point","coordinates":[-117.7769,48.55358]},"properties":{"iaml_id":"1069-5","name":"Old Dominion","kind":"feature","hazard":"","mining_district":"Colville","county":"Stevens","production":"","years_of_operation":"","underground_mine":"","surface_mine":"","mill":"","visited":"","feature_description":"Adit,open, baldheaded, floor covered with sluffed quartzite waste. WRD (40ft x 12ft x 40ft slope).","development":1,"dumps":1,"water":0,"structure":0}},
{"type":"Feature","geometry":{"type":"Point","coordinates":[-117.77649,48.55307]},"properties":{"iaml_id":"1069-6","name":"Old Dominion","kind":"feature","hazard":"","mining_district":"Colville","county":"Stevens","production":"","years_of_operation":"","underground_mine":"","surface_mine":"","mill":"","visited":"","feature_description":"Area of 4 or 5 parallel stopes, each up to 100ft long, trend on fall line, to 6ft wide.","development":1,"dumps":0,"water":0,"structure":0}},
{"type":"Feature","geometry":{"type":"Point","coordinates":[-117.77569,48.55371]},"properties":{"iaml_id":"1069-7","name":"Old Dominion","kind":"feature","hazard":"","mining_district":"Colville","county":"Stevens","production":"","years_of_operation":"","underground_mine":"","surface_mine":"","mill":"","visited":"","feature_description":"Shaft, vertical, appears 40ft deep, steep funnel-like opening appears to be 3x3ft. Edge surrounded by thick bushes.","development":1,"dumps":0,"water":0,"structure":0}},
{"type":"Feature","geometry":{"type":"Point","coordinates":[-117.77695,48.55465]},"properties":{"iaml_id":"1069-8","name":"Old Dominion","kind":"feature","hazard":"","mining_district":"Colville","county":"Stevens","production":"","years_of_operation":"","underground_mine":"","surface_mine":"","mill":"","visited":"","feature_description":"Adit, caved (or open cut).","development":1,"dumps":0,"water":0,"structure":0}},
{"type":"Feature","geometry":{"type":"Point","coordinates":[-117.77972,48.55137]},"properties":{"iaml_id":"1069-9a","name":"Old Dominion","kind":"feature","hazard":"","mining_district":"Colville","county":"Stevens","production":"","years_of_operation":"","underground_mine":"","surface_mine":"","mill":"","visited":"","feature_description":"No. 1 adit, open, baldheaded, discharging water at 15gpm. Water sample (OLD DOMINION). Rectangular mound of jig tailings (160ft x 90ft) lie on MSHA IC-77 liner on WRD platform. Lined pit NW of this heap contains garbage and debris. WRD area approx 1 acre. Heap leach jig tailings sampled.","development":1,"dumps":1,"water":1,"structure":0}},
{"type":"Feature","geometry":{"type":"Point","coordinates":[-117.77972,48.55137]},"properties":{"iaml_id":"1069-9d","name":"Old Dominion","kind":"feature","hazard":"","mining_district":"Colville","county":"Stevens","production":"","years_of_operation":"","underground_mine":"","surface_mine":"","mill":"","visited":"","feature_description":"No. 1 adit discharge measured below WRD. See also water parameter measurements for 1069-9a.","development":0,"dumps":1,"water":1,"structure":0}},
{"type":"Feature","geometry":{"type":"Point","coordinates":[-118.099928,48.00815]},"properties":{"iaml_id":"1070","name":"Germania","kind":"site","hazard":"yes","mining_district":"Deer Trail; Cedar Canyon","county":"Stevens","production":"1,400 units 1904-1931; 57,436 units 1931-1940; 38 tons concentrate 1936; 60 tons concentrate 1937; 326 tons concentrate 1938; 221 tons concentrate 1939; 86 tons concentrate 1940. A \"unit\" is one-hundredth part of a ton of contained tungstic acid (WO3). Total production: greater than 1,300 tons concentrate. 32,848 tons tailings reworked in 1939. [Huntting 1956, p. 348.] Some time after 1950: 25 ton gravity mill.","years_of_operation":"1904-1955","underground_mine":"Yes","surface_mine":"","mill":"gravity","visited":"Yes","feature_description":""}},
{"type":"Feature","geometry":{"type":"Point","coordinates":[-118.10199,48.00811]},"properties":{"iaml_id":"1070-1","name":"Germania","kind":"feature","hazard":"","mining_district":"Deer Trail; Cedar Canyon","county":"Stevens","production":"","years_of_operation":"","underground_mine":"","surface_mine":"","mill":"","visited":"","feature_description":"Pit or possible adit subsidence at junction of bedrock and soil/colluvium, 15x10x15ft deep, vertical to over vertical sides, 40 degrees slope to bdrk outcrop face. Possibly associated with Level 2 adit.","development":1,"dumps":0,"water":0,"structure":0}},
{"type":"Feature","geometry":{"type":"Point","coordinates":[-118.10199,48.00816]},"properties":{"iaml_id":"1070-2","name":"Germania","kind":"feature","hazard":"","mining_district":"Deer Trail; Cedar Canyon","county":"Stevens","production":"","years_of_operation":"","underground_mine":"","surface_mine":"","mill":"","visited":"","feature_description":"Pit or possible adit subsidence similar to 1070-1. Possibly associated with Level 2 adit.","development":1,"dumps":0,"water":0,"structure":0}},
{"type":"Feature","geometry":{"type":"Point","coordinates":[-118.10031,48.00776]},"properties":{"iaml_id":"1070-3","name":"Germania","kind":"feature","hazard":"","mining_district":"Deer Trail; Cedar Canyon","county":"Stevens","production":"","years_of_operation":"","underground_mine":"","surface_mine":"","mill":"","visited":"","feature_description":"Mill site, large flat platform, all building completely collapsed, 150ft from road, 150x60ft face, sparse vege, mill building leaning, partly collapsed, approx 1ft tailings at mill floor. .","development":0,"dumps":1,"water":0,"structure":1}},
{"type":"Feature","geometry":{"type":"Point","coordinates":[-118.09999,48.00894]},"properties":{"iaml_id":"1070-4","name":"Germania","kind":"feature","hazard":"","mining_district":"Deer Trail; Cedar Canyon","county":"Stevens","production":"","years_of_operation":"","underground_mine":"","surface_mine":"","mill":"","visited":"","feature_description":"Concrete foundations, footings. May be associated with NNE trending adit portal.","development":0,"dumps":0,"water":0,"structure":1}},
{"type":"Feature","geometry":{"type":"Point","coordinates":[-118.09905,48.00885]},"properties":{"iaml_id":"1070-5","name":"Germania","kind":"feature","hazard":"","mining_district":"Deer Trail; Cedar Canyon","county":"Stevens","production":"","years_of_operation":"","underground_mine":"","surface_mine":"","mill":"","visited":"","feature_description":"Log building, mostly collapsed, 20x20ft","development":0,"dumps":0,"water":0,"structure":1}},
{"type":"Feature","geometry":{"type":"Point","coordinates":[-118.10181,48.00697]},"properties":{"iaml_id":"1070-6","name":"Germania","kind":"feature","hazard":"","mining_district":"Deer Trail; Cedar Canyon","county":"Stevens","production":"","years_of_operation":"","underground_mine":"","surface_mine":"","mill":"","visited":"","feature_description":"Area of possible tunnel subsidence features, surface cuts, trenches above and below road at curve on W portion of site. Level 1 portal presumably above here.","development":1,"dumps":0,"water":0,"structure":0}},
{"type":"Feature","geometry":{"type":"Point","coordinates":[-118.09821,48.00746]},"properties":{"iaml_id":"1070-7","name":"Germania","kind":"feature","hazard":"","mining_district":"Deer Trail; Cedar Canyon","county":"Stevens","production":"","years_of_operation":"","underground_mine":"","surface_mine":"","mill":"","visited":"","feature_description":"Tailings. Approx 1ft thick tailings beneath mill building. Mounds of tailings and water flowing through tailings in unnamed gully. Water sample (GER). Stream bed sediment bright orange.","development":0,"dumps":1,"water":1,"structure":0}},
{"type":"Feature","geometry":{"type":"Point","coordinates":[-118.10031,48.00776]},"properties":{"iaml_id":"1070-8","name":"Germania","kind":"feature","hazard":"","mining_district":"Deer Trail; Cedar Canyon","county":"Stevens","production":"","years_of_operation":"","underground_mine":"","surface_mine":"","mill":"","visited":"","feature_description":"WRD. Upper level is platform (with collapsed buildings) 150ft x 150ft x 60ft face at 32 degrees slope. Toe at gully bottom. WRD extends to E and S for 400ft total width and 100ft slope length at 34 degrees. Much of dump composed of 6-12 inch cobbles.","development":0,"dumps":1,"water":0,"structure":1}},
{"type":"Feature","geometry":{"type":"Point","coordinates":[-118.023911,48.116322]},"properties":{"iaml_id":"1072","name":"Cleveland","kind":"site","hazard":"yes","mining_district":"Deer Trail; Cedar Canyon","county":"Stevens","production":"Approximately 47,000 tons including undergr. and surface mining. Zn, Pb, Cu, Ag","years_of_operation":"1918-1970 intermittent","underground_mine":"Yes","surface_mine":"Yes","mill":"Yes","visited":"Yes","feature_description":""}},
{"type":"Feature","geometry":{"type":"Point","coordinates":[-118.0241,48.1171]},"properties":{"iaml_id":"1072-1","name":"Cleveland","kind":"feature","hazard":"","mining_district":"Deer Trail; Cedar Canyon","county":"Stevens","production":"","years_of_operation":"","underground_mine":"","surface_mine":"","mill":"","visited":"","feature_description":"Shaft, open, 80 degrees incline, trend 110 degrees, depth unknown, unstable edges, dangerous. Some timbers in opening.","development":1,"dumps":0,"water":0,"structure":0}},
{"type":"Feature","geometry":{"type":"Point","coordinates":[-118.0241,48.1171]},"properties":{"iaml_id":"1072-2","name":"Cleveland","kind":"feature","hazard":"","mining_district":"Deer Trail; Cedar Canyon","county":"Stevens","production":"","years_of_operation":"","underground_mine":"","surface_mine":"","mill":"","visited":"","feature_description":"Open pit area, approx 0.9 acres, dangerous vertical shaft (1072-1) near center E edge of open pit area. Machinery parked includes large bulldozer, tracked drill. 55gal drums (all empty except one which contains about20gal petroleum product), diesel tank about1/4 full, trailer. S, just across road lies several 5gal buckets partially filled with unknown contents, presumably petroleum lubricants as labeled. Crane, pile of pipe.","development":1,"dumps":0,"water":0,"structure":0}},
{"type":"Feature","geometry":{"type":"Point","coordinates":[-118.02658,48.11581]},"properties":{"iaml_id":"1072-3","name":"Cleveland","kind":"feature","hazard":"","mining_district":"Deer Trail; Cedar Canyon","county":"Stevens","production":"","years_of_operation":"","underground_mine":"","surface_mine":"","mill":"","visited":"","feature_description":"millsite 1, remains include: stone foundations, machinery pads.","development":0,"dumps":0,"water":0,"structure":1}},
{"type":"Feature","geometry":{"type":"Point","coordinates":[-118.02771,48.11673]},"properties":{"iaml_id":"1072-4","name":"Cleveland","kind":"feature","hazard":"","mining_district":"Deer Trail; Cedar Canyon","county":"Stevens","production":"","years_of_operation":"","underground_mine":"","surface_mine":"","mill":"","visited":"","feature_description":"Adit, open, discharging discolored water into creek,  WRD (250x70x30ft). Water sample (Cleve 1) and measurements taken 9/15/01.","development":1,"dumps":1,"water":1,"structure":0}},
{"type":"Feature","geometry":{"type":"Point","coordinates":[-118.02771,48.11673]},"properties":{"iaml_id":"1072-5","name":"Cleveland","kind":"feature","hazard":"","mining_district":"Deer Trail; Cedar Canyon","county":"Stevens","production":"","years_of_operation":"","underground_mine":"","surface_mine":"","mill":"","visited":"","feature_description":"Same as 1072-4. Water measurements taken 5/7/02.","development":0,"dumps":0,"water":0,"structure":0}},
{"type":"Feature","geometry":{"type":"Point","coordinates":[-118.02914,48.11723]},"properties":{"iaml_id":"1072-6","name":"Cleveland","kind":"feature","hazard":"","mining_district":"Deer Trail; Cedar Canyon","county":"Stevens","production":"","years_of_operation":"","underground_mine":"","surface_mine":"","mill":"","visited":"","feature_description":"millsite 2, mostly collapsed wood building in and adjacent to creek bed","development":0,"dumps":0,"water":0,"structure":1}},
{"type":"Feature","geometry":{"type":"Point","coordinates":[-118.03869,48.12037]},"properties":{"iaml_id":"1072-7","name":"Cleveland","kind":"feature","hazard":"","mining_district":"Deer Trail; Cedar Canyon","county":"Stevens","production":"","years_of_operation":"","underground_mine":"","surface_mine":"","mill":"","visited":"","feature_description":"two tailings repositories. Tailings removed from creek. Repositories fenced, slopes armored, creek re-graded.","development":0,"dumps":1,"water":1,"structure":0}},
{"type":"Feature","geometry":{"type":"Point","coordinates":[-118.02737,48.1136]},"properties":{"iaml_id":"1072-8","name":"Cleveland","kind":"feature","hazard":"","mining_district":"Deer Trail; Cedar Canyon","county":"Stevens","production":"","years_of_operation":"","underground_mine":"","surface_mine":"","mill":"","visited":"","feature_description":"Area of surface cuts, open pits, explorations, approx 30 acres.","development":1,"dumps":0,"water":0,"structure":0}},
{"type":"Feature","geometry":{"type":"Point","coordinates":[-117.66835,48.77445]},"properties":{"iaml_id":"1073","name":"Sierra Zinc","kind":"site","hazard":"yes","mining_district":"Northport","county":"Stevens","production":"1954: 100 ton flotation mill expanded to 500 tons (Lucas 1976, p 52).","years_of_operation":"1906 - 1956, intermittent","underground_mine":"Yes","surface_mine":"No","mill":"flotation","visited":"Yes","feature_description":""}},
{"type":"Feature","geometry":{"type":"Point","coordinates":[-117.66695,48.77527]},"properties":{"iaml_id":"1073-1","name":"Sierra Zinc","kind":"feature","hazard":"","mining_district":"Northport","county":"Stevens","production":"","years_of_operation":"","underground_mine":"","surface_mine":"","mill":"","visited":"","feature_description":"Tailings dump, approx 25 acres loose very fine sand, mostly light colored grey, darker at low points, black and silty on surface on NW corner of pile. Crust where not disturbed. Faint sulfur smell. Devoid of vegetation. 4 inch concrete-asbestos pipe on surface. Two samples analysed.","development":0,"dumps":1,"water":0,"structure":0}},
{"type":"Feature","geometry":{"type":"Point","coordinates":[-117.66784,48.77431]},"properties":{"iaml_id":"1073-2","name":"Sierra Zinc","kind":"feature","hazard":"","mining_district":"Northport","county":"Stevens","production":"","years_of_operation":"","underground_mine":"","surface_mine":"","mill":"","visited":"","feature_description":"Adit, open, draining, caving at portal and inside. Adit plug blew-out approx 1998, seriously eroded road to homes, moved 1 meter boulders. WRD (approx 100ft x 200ft x 40ft slope). Water Samples (SZ1, this record (9/12/01), and \"Sierra Zinc\" 6/12/02, see record 1073-6.).","development":1,"dumps":1,"water":1,"structure":0}},
{"type":"Feature","geometry":{"type":"Point","coordinates":[-117.6688,48.77446]},"properties":{"iaml_id":"1073-3","name":"Sierra Zinc","kind":"feature","hazard":"","mining_district":"Northport","county":"Stevens","production":"","years_of_operation":"","underground_mine":"","surface_mine":"","mill":"","visited":"","feature_description":"Adit, partly caved, unstable portal. Noticeable air flow; soft, deteriorating timbers (posts and beams). WRD (40ft x 30ft x 40ft slope).","development":1,"dumps":1,"water":0,"structure":0}},
{"type":"Feature","geometry":{"type":"Point","coordinates":[-117.66785,48.77185]},"properties":{"iaml_id":"1073-5","name":"Sierra Zinc","kind":"feature","hazard":"","mining_district":"Northport","county":"Stevens","production":"","years_of_operation":"","underground_mine":"","surface_mine":"","mill":"","visited":"","feature_description":"Area of minor explorations, 4 inch steel pipe, waste rock, possible ore car, no sign of opening. Timber harvesting debris.","development":1,"dumps":0,"water":0,"structure":0}},
{"type":"Feature","geometry":{"type":"Point","coordinates":[-117.186942,47.95365]},"properties":{"iaml_id":"1074","name":"Dahl","kind":"site","hazard":"no","mining_district":"Mt. Spokane","county":"Spokane","production":"A few carloads reported in 1956 (Huntting 1956). Processing mill at Ford, WA.","years_of_operation":"","underground_mine":"","surface_mine":"Yes","mill":"No mill on site","visited":"Yes","feature_description":""}},
{"type":"Feature","geometry":{"type":"Point","coordinates":[-117.18749,47.95374]},"properties":{"iaml_id":"1074-1","name":"Dahl","kind":"feature","hazard":"","mining_district":"Mt. Spokane","county":"Spokane","production":"","years_of_operation":"","underground_mine":"","surface_mine":"","mill":"","visited":"","feature_description":"Pit, shallow, low angle <30ft highwall, <50ft long. Dry. Substrate composed of very weathered granitic rock.","development":1,"dumps":0,"water":0,"structure":1}},
{"type":"Feature","geometry":{"type":"Point","coordinates":[-117.196869,47.943978]},"properties":{"iaml_id":"1075","name":"Daybreak","kind":"site","hazard":"yes","mining_district":"Mt. Spokane","county":"Spokane","production":"Production began Aug. 1955. Total of 5,196 tons through Sept. 1956 av. 0.3346 percent U3O8. Also 7 carloads from nearby Huffman lease in Sept. 1956 (Huntting 1956). No evidence on ground of any structure, machinery or anything else to suggest milling on site. Ore trucked to Dawn mill located at Ford, WA.","years_of_operation":"1955-","underground_mine":"No","surface_mine":"Yes","mill":"No mill on site","visited":"Yes","feature_description":""}},
{"type":"Feature","geometry":{"type":"Point","coordinates":[-117.198,47.94389]},"properties":{"iaml_id":"1075-1","name":"Daybreak","kind":"feature","hazard":"","mining_district":"Mt. Spokane","county":"Spokane","production":"","years_of_operation":"","underground_mine":"","surface_mine":"","mill":"","visited":"","feature_description":"Pit, 40ft highwall, 350ft long. Weathered granite, unstable edges. Pond, 60ft diameter, 6ft deep. Area of hummocky ground (shallow pits and mounds) between spring and W end of highwall.","development":1,"dumps":0,"water":1,"structure":0}},
{"type":"Feature","geometry":{"type":"Point","coordinates":[-120.78165,48.6828]},"properties":{"iaml_id":"1076","name":"Azurite","kind":"site","hazard":"yes","mining_district":"Slate Creek","county":"Whatcom","production":"Original mill at main adit portal (west side of mill creek), mill on east side mill creek produced significant tailings dump. Mill burned, mostly obliterated. Mill build in 1937 by As &R. Cyanide Precipitation using gravity separation. Approx 73,000 tons milled.","years_of_operation":"1916 - 1941, intermittent","underground_mine":"Yes","surface_mine":"","mill":"cyanide","visited":"Yes","feature_description":""}},
{"type":"Feature","geometry":{"type":"Point","coordinates":[-120.77989,48.68332]},"properties":{"iaml_id":"1076-2","name":"Azurite","kind":"feature","hazard":"","mining_district":"Slate Creek","county":"Whatcom","production":"","years_of_operation":"","underground_mine":"","surface_mine":"","mill":"","visited":"","feature_description":"Mill tailings. 5.4 acres of dense, predominately silt and clay sized material, tailings. predominately barren of vegetation, sloping from 10 to 30 degrees. 2 to 3 ft deep gullies eroded in dump surface. Water seeping from under tailings. Water sample (W-Az3). Faint smell of sulfur. Four tailings samples (AzS1, AzS2, AzS3, Az3A).","development":0,"dumps":1,"water":1,"structure":0}},
{"type":"Feature","geometry":{"type":"Point","coordinates":[-120.77951,48.68247]},"properties":{"iaml_id":"1076-3","name":"Azurite","kind":"feature","hazard":"","mining_district":"Slate Creek","county":"Whatcom","production":"","years_of_operation":"","underground_mine":"","surface_mine":"","mill":"","visited":"","feature_description":"Mill site. approx 1 acre, mill completely burned, remains include: some footings, partly buried timbers, very rusted metal debris, muck, engine block.","development":0,"dumps":0,"water":0,"structure":1}},
{"type":"Feature","geometry":{"type":"Point","coordinates":[-120.78165,48.6828]},"properties":{"iaml_id":"1076-5","name":"Azurite","kind":"feature","hazard":"","mining_district":"Slate Creek","county":"Whatcom","production":"","years_of_operation":"","underground_mine":"","surface_mine":"","mill":"","visited":"","feature_description":"Historic name: Wenatchee Tunnel. Portal bears 220 degrees. Mostly caved just inside and outside collar, but appears easily entered by crawling. Timbers and posts inside concrete collar. Very strongly exhausting cold air. WRD (470ft x 220ft x 30ft slope), approx 2 acres, actively eroding into Mill Creek for at least 200ft. Much iron cemented material. Surface scattered with metal equipment, including empty 10,000 gal tank and aerial tramway headworks. Site of original portable rudementary smelter. Surface sampled.","development":1,"dumps":1,"water":1,"structure":0}},
{"type":"Feature","geometry":{"type":"Point","coordinates":[-120.78491,48.681]},"properties":{"iaml_id":"1076-6","name":"Azurite","kind":"feature","hazard":"","mining_district":"Slate Creek","county":"Whatcom","production":"","years_of_operation":"","underground_mine":"","surface_mine":"","mill":"","visited":"","feature_description":"Historic name: Tinson Tunnel. Portal bears 245 degrees, but adit immediately curves left. RR ties, but no rails. Corrugated iron sheets partly block entrance. Water discharge at about10gpm. Cool air exhausting. Small WRD.","development":1,"dumps":1,"water":1,"structure":0}},
{"type":"Feature","geometry":{"type":"Point","coordinates":[-120.7844,48.68036]},"properties":{"iaml_id":"1076-7","name":"Azurite","kind":"feature","hazard":"","mining_district":"Slate Creek","county":"Whatcom","production":"","years_of_operation":"","underground_mine":"","surface_mine":"","mill":"","visited":"","feature_description":"Possible location of the Burnham Tunnel. WRD and stained angular to subangular cobble field. Minor water flow in cliffy gully immediately down slope. No opening observed. Evidence is the obvious WRD with slide alder thicket growing on it.","development":0,"dumps":1,"water":1,"structure":0}},
{"type":"Feature","geometry":{"type":"Point","coordinates":[-120.78464,48.67941]},"properties":{"iaml_id":"1076-8","name":"Azurite","kind":"feature","hazard":"","mining_district":"Slate Creek","county":"Whatcom","production":"","years_of_operation":"","underground_mine":"","surface_mine":"","mill":"","visited":"","feature_description":"Historic name: Discovery Tunnel. Portal bears 250 degrees. 20ft inside portal stope strikes 200 degrees, dips 46 degrees. Width of stope 4-10ft. Great, but undetermined depth (>100ft).","development":1,"dumps":0,"water":0,"structure":0}},
{"type":"Feature","geometry":{"type":"Point","coordinates":[-120.78454,48.67894]},"properties":{"iaml_id":"1076-9","name":"Azurite","kind":"feature","hazard":"","mining_district":"Slate Creek","county":"Whatcom","production":"","years_of_operation":"","underground_mine":"","surface_mine":"","mill":"","visited":"","feature_description":"Steeply plunging (47 degrees) decline, water dripping inside. Indication that thin timbers once covered opening. Great, but undetermined depth.","development":1,"dumps":0,"water":0,"structure":0}},
{"type":"Feature","geometry":{"type":"Point","coordinates":[-121.63187,48.99556]},"properties":{"iaml_id":"1077","name":"Boundary Red Mountain","kind":"site","hazard":"no","mining_district":"Mount Baker","county":"Whatcom","production":"1912-1917, ($148, 578 in 1916, $ 131,918 in 1917) 1920-1922, ($95,000 in 1922). 1925, 1929--1930, 1935, 1936 (200 tons), 1937-1942, 1947 (Huntting 1956). An attempt to reprocess tailings in 1946.","years_of_operation":"1912-1996, intermittent.","underground_mine":"Yes","surface_mine":"","mill":"amalgamation","visited":"Yes","feature_description":""}},
{"type":"Feature","geometry":{"type":"Point","coordinates":[-121.804831,48.899014]},"properties":{"iaml_id":"1078","name":"Great Excelsior","kind":"site","hazard":"yes","mining_district":"Mount Baker","county":"Whatcom","production":"10,000 tons with net return of $20,276 to 1915. 305.10 tons of conc. shipped av. 1.857 oz. Au per ton Huntting 1956). 1902: 20 stamp mill; 1914: cyanide mill; after 1916: flotation mill.","years_of_operation":"1902-1990s","underground_mine":"Yes","surface_mine":"No","mill":"cyanide","visited":"Yes","feature_description":""}},
{"type":"Feature","geometry":{"type":"Point","coordinates":[-121.80651,48.89964]},"properties":{"iaml_id":"1078-1","name":"Great Excelsior","kind":"feature","hazard":"","mining_district":"Mount Baker","county":"Whatcom","production":"","years_of_operation":"","underground_mine":"","surface_mine":"","mill":"","visited":"","feature_description":"\"Mill Level Tunnel\", open adit, Timbered collar leaning slightly and deteriorating, minor water seep, exhausting air, WRD (100ft x 120ft) naturally revegetated.","development":1,"dumps":1,"water":1,"structure":0}},
{"type":"Feature","geometry":{"type":"Point","coordinates":[-121.80651,48.89964]},"properties":{"iaml_id":"1078-2","name":"Great Excelsior","kind":"feature","hazard":"","mining_district":"Mount Baker","county":"Whatcom","production":"","years_of_operation":"","underground_mine":"","surface_mine":"","mill":"","visited":"","feature_description":"Mill site. Includes collapsed, mostly rotten timbers, steel hoops, rods and other hardware, and 12 inch diameter thinwall steel piping, mostly rusted through. One concrete footing at top, one skid-like cart, cribbing thet supported the 5 tanks is partly collapsed. Pipes at lower end of site suggest tailings were poured directly into Mill Creek.","development":0,"dumps":0,"water":0,"structure":1}},
{"type":"Feature","geometry":{"type":"Point","coordinates":[-120.713781,48.753261]},"properties":{"iaml_id":"1079","name":"Mammoth","kind":"site","hazard":"yes","mining_district":"Slate Creek","county":"Whatcom","production":"Reportedly produced 15,000 tons of ore prior to 1900 and 30,000 tons by 1942. Reportedly more than $1,000,000 total prior to 1942 (Huntting 1956). 1898-1901: 5 stamp, steam powered mill at corner of Mammoth claim, 15,000 tons production. 1902-1905: 10 stamp, water powered mill near jct Bonita and Mill Creeks. 1942: ore shipped to Tacoma. Observed remnants include: collapsed building, ore cars (pushed down steep hill), engine flywheels/pulleys.","years_of_operation":"1898-1942, intermittent","underground_mine":"Yes","surface_mine":"","mill":"Yes","visited":"Yes","feature_description":""}},
{"type":"Feature","geometry":{"type":"Point","coordinates":[-120.71499,48.75303]},"properties":{"iaml_id":"1079-1","name":"Mammoth","kind":"feature","hazard":"","mining_district":"Slate Creek","county":"Whatcom","production":"","years_of_operation":"","underground_mine":"","surface_mine":"","mill":"","visited":"","feature_description":"\"D\" Level adit. Open, material covering portal recently removed. Adit curves to right, has rails. Cabin under construction on WRD (30ft x 50ft x 150ft slope). Report of deteriorated dynamite charge in drill hole on face of (at the end of) \"D level\" adit.","development":1,"dumps":1,"water":1,"structure":1}},
{"type":"Feature","geometry":{"type":"Point","coordinates":[-120.71542,48.75184]},"properties":{"iaml_id":"1079-2","name":"Mammoth","kind":"feature","hazard":"","mining_district":"Slate Creek","county":"Whatcom","production":"","years_of_operation":"","underground_mine":"","surface_mine":"","mill":"","visited":"","feature_description":"Mill site. Observed remnants include: collapsed building, ore cars (pushed down sttep hill), engine flywheels.","development":0,"dumps":0,"water":0,"structure":1}},
{"type":"Feature","geometry":{"type":"Point","coordinates":[-120.725492,48.761381]},"properties":{"iaml_id":"1080","name":"New Light","kind":"site","hazard":"yes","mining_district":"Slate Creek","county":"Whatcom","production":"1896: Lane Chilean Wheel and 10 stamp mill. 1907: 10 stamp mill and cyanide plant. 1935: 50 ton flotation mill. 1938: flotation mill capacity increased to 80 tons. 1939: cyanide equipment added. 1956: flotation mill capacity increased to 120 tons. 1961: 120 ton capacity utilizing jigs, flotation cells, Wilfley tables, cyaniding plant. See cover photo of DMG Bulletin 57. Mill site destroyed by avalanche in 1980. Huntting (1956): 60,000 tons of ore in the 1900's and several tons of good-grade ore in 1940 to 1942. Small amount 1949.","years_of_operation":"1895-1980, intermittent","underground_mine":"Yes","surface_mine":"Yes","mill":"flotation","visited":"Yes","feature_description":""}},
{"type":"Feature","geometry":{"type":"Point","coordinates":[-120.72633,48.7611]},"properties":{"iaml_id":"1080-1","name":"New Light","kind":"feature","hazard":"","mining_district":"Slate Creek","county":"Whatcom","production":"","years_of_operation":"","underground_mine":"","surface_mine":"","mill":"","visited":"","feature_description":"\"No. 1 Level Adit.\" Portal partly caved, floor damp with patches of standing water 1/2 inch deep. WRD (not measured).","development":1,"dumps":1,"water":1,"structure":0}},
{"type":"Feature","geometry":{"type":"Point","coordinates":[-120.72502,48.76147]},"properties":{"iaml_id":"1080-2","name":"New Light","kind":"feature","hazard":"","mining_district":"Slate Creek","county":"Whatcom","production":"","years_of_operation":"","underground_mine":"","surface_mine":"","mill":"","visited":"","feature_description":"\"No. 2 Level Adit.\" Open, water discharge. Highest point accessible by vehicle. WRD (60ft x 350ft x 90ft slope).","development":1,"dumps":1,"water":1,"structure":0}},
{"type":"Feature","geometry":{"type":"Point","coordinates":[-120.72005,48.7615]},"properties":{"iaml_id":"1080-3","name":"New Light","kind":"feature","hazard":"","mining_district":"Slate Creek","county":"Whatcom","production":"","years_of_operation":"","underground_mine":"","surface_mine":"","mill":"","visited":"","feature_description":"\"North Portal No. 3 Level.\" Portal caved. Dry channel passes through site. It comes over top of caved area, crosses road, passes over WRD slope. WRD (40ft x 150ft x 100ft slope).","development":1,"dumps":1,"water":0,"structure":0}},
{"type":"Feature","geometry":{"type":"Point","coordinates":[-120.72749,48.76171]},"properties":{"iaml_id":"1080-4","name":"New Light","kind":"feature","hazard":"","mining_district":"Slate Creek","county":"Whatcom","production":"","years_of_operation":"","underground_mine":"","surface_mine":"","mill":"","visited":"","feature_description":"\"Glory Hole.\" 100x150ft x up to 90ft highwall.","development":1,"dumps":0,"water":0,"structure":0}},
{"type":"Feature","geometry":{"type":"Point","coordinates":[-120.72713,48.76163]},"properties":{"iaml_id":"1080-5","name":"New Light","kind":"feature","hazard":"","mining_district":"Slate Creek","county":"Whatcom","production":"","years_of_operation":"","underground_mine":"","surface_mine":"","mill":"","visited":"","feature_description":"Surface excavation","development":1,"dumps":1,"water":0,"structure":0}},
{"type":"Feature","geometry":{"type":"Point","coordinates":[-120.71812,48.75924]},"properties":{"iaml_id":"1080-7","name":"New Light","kind":"feature","hazard":"","mining_district":"Slate Creek","county":"Whatcom","production":"","years_of_operation":"","underground_mine":"","surface_mine":"","mill":"","visited":"","feature_description":"Mill site. Lies in avalanche path. Structures destroyed by avalanche in 1980s. Debris cleaned up by FS. Remnants include: concrete pad with 222 hp Atlas engine, two leaking containers of petroleum product, scrap steel, lumber. Concrete cistern-like structure, draining water. Dry pond on one of five terraces of tailings. Area of tailings are mostly vegetation covered. Sampled.","development":0,"dumps":1,"water":1,"structure":1}},
{"type":"Feature","geometry":{"type":"Point","coordinates":[-121.619156,48.945092]},"properties":{"iaml_id":"1081","name":"Lone Jack","kind":"site","hazard":"yes","mining_district":"Mount Baker","county":"Whatcom","production":"In 2009 producing during the summer months (Diversified Develop.)1900: ten stamp mill; 1901 5 additional stamps; 1915: 10ft Lane grinding mill; 1923: 100 ton mill; 1924: 75 ton amalgamation mill. 1990s: ore trucked to Bellingham, railroaded to Helena, MT. Huntting (1956): 1902-1905 ($360,000). Produced 1915-1918. Total production reported to be 9,463 oz Au, 1,961 oz. Ag.","years_of_operation":"1900-1928, early 1990s","underground_mine":"Yes","surface_mine":"No","mill":"amalgamation","visited":"Yes","feature_description":""}},
{"type":"Feature","geometry":{"type":"Point","coordinates":[-121.62304,48.94587]},"properties":{"iaml_id":"1081-1","name":"Lone Jack","kind":"feature","hazard":"","mining_district":"Mount Baker","county":"Whatcom","production":"","years_of_operation":"","underground_mine":"","surface_mine":"","mill":"","visited":"","feature_description":"Stope on quartz vein, two openings observed. Horizontal opening enters into vertical stope.  Interior is wet with dripping water. No discharge observed (area of potential discharge covered with snow). Timbers and steel anchors drilled into rock deteriorated.  Chainlink fencing draped over 2.5ft wide vein between upper and lower (horizontal) opening. Opening observed from snowfield. WRD under snow.","development":1,"dumps":1,"water":1,"structure":0}},
{"type":"Feature","geometry":{"type":"Point","coordinates":[-121.62323,48.9456]},"properties":{"iaml_id":"1081-2","name":"Lone Jack","kind":"feature","hazard":"","mining_district":"Mount Baker","county":"Whatcom","production":"","years_of_operation":"","underground_mine":"","surface_mine":"","mill":"","visited":"","feature_description":"Vertical opening on stoped out vein. Approx 80ft higher elevation than horizontal opening (1081-1). Chain-link fencing protects upper vertical opening from some rockfall. Chainlink fencing draped over 2.5ft wide vein between upper (vertical) and lower (horizontal) opening. Opening lies near edge of precipitious cliff.","development":1,"dumps":0,"water":0,"structure":0}},
{"type":"Feature","geometry":{"type":"Point","coordinates":[-121.62009,48.94515]},"properties":{"iaml_id":"1081-3","name":"Lone Jack","kind":"feature","hazard":"","mining_district":"Mount Baker","county":"Whatcom","production":"","years_of_operation":"","underground_mine":"","surface_mine":"","mill":"","visited":"","feature_description":"\"Lulu portal\", open, horizontal adit, two openings. Right portal contains rails, ties, 2 inch steel pipe, \"steel shop\" room on left. Left portal enters on \"steel shop.\" Steel Shop room measures approx 25x12x8ft high, contains rusted rail, some pipe, pile of coal in corner. Date on wall \"1988.\" Adit continues back unknown distance. Where adit leaves \"Steel Shop\" room concrete and steel angle form framework. Presumed purpose is for inserting dam to impound water. Water discharges at approx 50gpm. Water sample (Lone Jack no. W1LJ). WRD is several hundred feet long, partially vegetated at edges, slope is approx 40 degrees. WRD not examined, appears brown to red-brown from distance. Rockfall hazard from cliffs above portal area.","development":1,"dumps":1,"water":1,"structure":0}},
{"type":"Feature","geometry":{"type":"Point","coordinates":[-121.62009,48.94516]},"properties":{"iaml_id":"1081-4","name":"Lone Jack","kind":"feature","hazard":"","mining_district":"Mount Baker","county":"Whatcom","production":"","years_of_operation":"","underground_mine":"","surface_mine":"","mill":"","visited":"","feature_description":"Adit, caved portal. Immediately left (SE) of Lulu (approx 40ft away). 6x12 inch opening exhausting air. Pile of 4\" aluminum pipe lies in shallow gully at filled portal. Rockfall hazard. Shares WRD with Lulu.","development":1,"dumps":1,"water":0,"structure":0}},
{"type":"Feature","geometry":{"type":"Point","coordinates":[-119.727528,48.476844]},"properties":{"iaml_id":"1082","name":"Fourth of July","kind":"site","hazard":"yes","mining_district":"Conconully","county":"Okanogan","production":"1889: high grade shipped to Helena, MT; 1890-1893: ore shipped to Ruby City. 1958-1964: hand-sorted ore shipped to Trail, BC. 1967: one small shipment.","years_of_operation":"1889-1972, intermittent","underground_mine":"Yes","surface_mine":"","mill":"No mill","visited":"Yes","feature_description":""}},
{"type":"Feature","geometry":{"type":"Point","coordinates":[-119.72937,48.47668]},"properties":{"iaml_id":"1082-1","name":"Fourth of July","kind":"feature","hazard":"","mining_district":"Conconully","county":"Okanogan","production":"","years_of_operation":"","underground_mine":"","surface_mine":"","mill":"","visited":"","feature_description":"Shaft, filled to within 8ft of surface, Reported to be single compartment, 200ft deep. Fill and collar unstable. WRD 30ft l x 60ft w x 20ft slope.","development":1,"dumps":1,"water":0,"structure":0}},
{"type":"Feature","geometry":{"type":"Point","coordinates":[-119.72937,48.47668]},"properties":{"iaml_id":"1082-2","name":"Fourth of July","kind":"feature","hazard":"","mining_district":"Conconully","county":"Okanogan","production":"","years_of_operation":"","underground_mine":"","surface_mine":"","mill":"","visited":"","feature_description":"Shaft, filled to within 50ft of surface, reported to be double compartment, 500ft deep. Timbered collar, some sluffing/subsidence around collar. Stone retaining wall behind shaft. Second dump on site: 60ft l x 20ft w x 45ft slope.","development":1,"dumps":1,"water":0,"structure":0}},
{"type":"Feature","geometry":{"type":"Point","coordinates":[-119.72937,48.47668]},"properties":{"iaml_id":"1082-3","name":"Fourth of July","kind":"feature","hazard":"","mining_district":"Conconully","county":"Okanogan","production":"","years_of_operation":"","underground_mine":"","surface_mine":"","mill":"","visited":"","feature_description":"Third WRD noted on site. 40ft l x 20ft w x 30ft slope.","development":0,"dumps":1,"water":0,"structure":0}},
{"type":"Feature","geometry":{"type":"Point","coordinates":[-119.72937,48.47668]},"properties":{"iaml_id":"1082-4","name":"Fourth of July","kind":"feature","hazard":"","mining_district":"Conconully","county":"Okanogan","production":"","years_of_operation":"","underground_mine":"","surface_mine":"","mill":"","visited":"","feature_description":"Shallow depressions: caved stopes, subsidence, or deep trenches. Possibly follows trend of vein. (200ft shaft reportedly has drift on vein at 30ft depth.)","development":1,"dumps":0,"water":0,"structure":0}},
{"type":"Feature","geometry":{"type":"Point","coordinates":[-119.739978,48.491719]},"properties":{"iaml_id":"1083","name":"Last Chance (Conconully District)","kind":"site","hazard":"yes","mining_district":"Conconully","county":"Okanogan","production":"1888 - 1893: 1905 - 1920,1921,1924. Lease in 1949 of unknown output.","years_of_operation":"1886-1949, intermittent","underground_mine":"Yes","surface_mine":"","mill":"","visited":"Yes","feature_description":""}},
{"type":"Feature","geometry":{"type":"Point","coordinates":[-119.74126,48.49169]},"properties":{"iaml_id":"1083-1","name":"Last Chance","kind":"feature","hazard":"","mining_district":"Conconully","county":"Okanogan","production":"","years_of_operation":"","underground_mine":"","surface_mine":"","mill":"","visited":"","feature_description":"Water filled pit, stagnant, appears to be excavated through waste rock and into undisturbed ground.","development":0,"dumps":0,"water":1,"structure":0}},
{"type":"Feature","geometry":{"type":"Point","coordinates":[-119.74101,48.49151]},"properties":{"iaml_id":"1083-2","name":"Last Chance","kind":"feature","hazard":"","mining_district":"Conconully","county":"Okanogan","production":"","years_of_operation":"","underground_mine":"","surface_mine":"","mill":"","visited":"","feature_description":"Adit, caved, WRD (100ft x 80ft x 80ft slope).","development":1,"dumps":1,"water":0,"structure":0}},
{"type":"Feature","geometry":{"type":"Point","coordinates":[-119.74101,48.49151]},"properties":{"iaml_id":"1083-3","name":"Last Chance","kind":"feature","hazard":"","mining_district":"Conconully","county":"Okanogan","production":"","years_of_operation":"","underground_mine":"","surface_mine":"","mill":"","visited":"","feature_description":"Shaft, caved, WRD (see 1083-2). There is no sign of water in a shaft as described by Moen (1973, p. 18). The caved feature immediately behind the caved adit portal may be the feature described by Moen, but is not obviously a shaft.","development":1,"dumps":1,"water":0,"structure":0}},
{"type":"Feature","geometry":{"type":"Point","coordinates":[-119.738797,48.493119]},"properties":{"iaml_id":"1084","name":"First Thought (Conconully District)","kind":"site","hazard":"yes","mining_district":"Conconully","county":"Okanogan","production":"1892-1893: ore tramway to Ruby City mill. Small tonnages produced during the 1920s. Mine never fully operational after 1893.","years_of_operation":"1886-1920s","underground_mine":"Yes","surface_mine":"","mill":"No mill","visited":"Yes","feature_description":""}},
{"type":"Feature","geometry":{"type":"Point","coordinates":[-119.74001,48.49286]},"properties":{"iaml_id":"1084-1","name":"First Thought","kind":"feature","hazard":"","mining_district":"Conconully","county":"Okanogan","production":"","years_of_operation":"","underground_mine":"","surface_mine":"","mill":"","visited":"","feature_description":"Adit 1, open. Impound, flowing at about2gpm, greater discharge seasonally. Large WRD (100ft x 120ft x 40ft slope).","development":1,"dumps":1,"water":1,"structure":0}},
{"type":"Feature","geometry":{"type":"Point","coordinates":[-119.73782,48.4917]},"properties":{"iaml_id":"1084-2","name":"First Thought","kind":"feature","hazard":"","mining_district":"Conconully","county":"Okanogan","production":"","years_of_operation":"","underground_mine":"","surface_mine":"","mill":"","visited":"","feature_description":"Adit 3, partly caved at portal and inside, dry, WRD (40ft x 60ft x 120ft slope), bulldozed and serves as platform for timber harvesting.","development":1,"dumps":1,"water":0,"structure":0}},
{"type":"Feature","geometry":{"type":"Point","coordinates":[-119.73754,48.49197]},"properties":{"iaml_id":"1084-3","name":"First Thought","kind":"feature","hazard":"","mining_district":"Conconully","county":"Okanogan","production":"","years_of_operation":"","underground_mine":"","surface_mine":"","mill":"","visited":"","feature_description":"Shaft, plugged with large diameter log and partially filled, depth to log: 7ft, no reported total depth, but total vertical extent of mine reported as 350ft. <50 cu yds waste rock around collar, some presumably pushed into shaft. Recent road building/timber harvesting activity.","development":1,"dumps":1,"water":0,"structure":0}},
{"type":"Feature","geometry":{"type":"Point","coordinates":[-119.73816,48.4922]},"properties":{"iaml_id":"1084-4","name":"First Thought","kind":"feature","hazard":"","mining_district":"Conconully","county":"Okanogan","production":"","years_of_operation":"","underground_mine":"","surface_mine":"","mill":"","visited":"","feature_description":"Adit 2, partly caved 20ft inside portal, floor damp, evidence of past discharge. WRD (40ft x 100ft x 40ft slope).","development":1,"dumps":1,"water":1,"structure":0}},
{"type":"Feature","geometry":{"type":"Point","coordinates":[-119.73793,48.48322]},"properties":{"iaml_id":"1085","name":"Sonny Boy","kind":"site","hazard":"unknown","mining_district":"Conconully","county":"Okanogan","production":"1937: 5 tons shipped to Tacoma Smelter. 1939: 25 ton concentrating mill built on site, 10 truck loads concentrates hauled to Kellog, ID and Tacoma.","years_of_operation":"1886-1940, intermittent","underground_mine":"Yes","surface_mine":"","mill":"No mill on site","visited":"Yes","feature_description":""}},
{"type":"Feature","geometry":{"type":"Point","coordinates":[-119.73902,48.48331]},"properties":{"iaml_id":"1085-1","name":"Sonny Boy","kind":"feature","hazard":"","mining_district":"Conconully","county":"Okanogan","production":"","years_of_operation":"","underground_mine":"","surface_mine":"","mill":"","visited":"","feature_description":"Adit, open, 2ft deep water impounded behind berm at portal, WRD (30ft x 60ft x 40ft slope).","development":1,"dumps":1,"water":1,"structure":0}},
{"type":"Feature","geometry":{"type":"Point","coordinates":[-119.74659,48.47547]},"properties":{"iaml_id":"1086","name":"Houghs","kind":"site","hazard":"unknown","mining_district":"Conconully","county":"Okanogan","production":"no production","years_of_operation":"","underground_mine":"Yes","surface_mine":"","mill":"No mill on site","visited":"Yes","feature_description":""}},
{"type":"Feature","geometry":{"type":"Point","coordinates":[-117.552,48.89119]},"properties":{"iaml_id":"1087","name":"Wildcat","kind":"site","hazard":"unknown","mining_district":"Northport","county":"Stevens","production":"None reported.","years_of_operation":"","underground_mine":"Yes","surface_mine":"","mill":"No","visited":"Yes","feature_description":""}},
{"type":"Feature","geometry":{"type":"Point","coordinates":[-117.55202,48.89119]},"properties":{"iaml_id":"1087-1","name":"Wildcat","kind":"feature","hazard":"","mining_district":"Northport","county":"Stevens","production":"","years_of_operation":"","underground_mine":"","surface_mine":"","mill":"","visited":"","feature_description":"Two filled shafts. Site consists of intact log cabin and disturbed ground. Appears that two shafts noted on USGS Topo are filled.","development":1,"dumps":0,"water":0,"structure":1}},
{"type":"Feature","geometry":{"type":"Point","coordinates":[-118.119911,48.025822]},"properties":{"iaml_id":"1092","name":"Queen Seal","kind":"site","hazard":"yes","mining_district":"Deer Trail","county":"Stevens","production":"3000 tons of reported production= 285,700 ozs. Ag. Data prior to 1902 unknown.","years_of_operation":"1900-1941","underground_mine":"Yes","surface_mine":"No","mill":"flotation","visited":"Yes","feature_description":""}},
{"type":"Feature","geometry":{"type":"Point","coordinates":[-118.12096,48.02715]},"properties":{"iaml_id":"1092-1","name":"Queen Seal","kind":"feature","hazard":"","mining_district":"Deer Trail","county":"Stevens","production":"","years_of_operation":"","underground_mine":"","surface_mine":"","mill":"","visited":"","feature_description":"Prospect/open cut. Trends 0 degrees, horizontal, trench-like pit, 150x40x20ft vertical highwall,","development":1,"dumps":0,"water":0,"structure":0}},
{"type":"Feature","geometry":{"type":"Point","coordinates":[-118.12184,48.02621]},"properties":{"iaml_id":"1092-2","name":"Queen Seal","kind":"feature","hazard":"","mining_district":"Deer Trail","county":"Stevens","production":"","years_of_operation":"","underground_mine":"","surface_mine":"","mill":"","visited":"","feature_description":"Shaft, filled to depth of 40ft, unstable rim, 40ft diameter, WRD approx 100x100x35ft slope length at 40. Rabbit fencing once installed around shaft presently collapsed (actually presents trip hazard at edge of shaft).","development":1,"dumps":1,"water":0,"structure":0}},
{"type":"Feature","geometry":{"type":"Point","coordinates":[-118.12156,48.02538]},"properties":{"iaml_id":"1092-3","name":"Queen Seal","kind":"feature","hazard":"","mining_district":"Deer Trail","county":"Stevens","production":"","years_of_operation":"","underground_mine":"","surface_mine":"","mill":"","visited":"","feature_description":"Adit, caved; Mill; pond. Caved adit portal area 40x50x20ft high. Collapsed unhewn timber (logs), sheet metal collar. WRD vegetated and shaped as platform. Crude mill abuts WRD platform. Small pond 25ft SW of mill. Water sample (W-QS1). Possible hazmat inside mill ruins (see site table entry). Crusty white powder (approx 1/2 ton) (QS-Unknown) in mill analysed as NaCO3.","development":1,"dumps":1,"water":1,"structure":1}},
{"type":"Feature","geometry":{"type":"Point","coordinates":[-118.12095,48.02592]},"properties":{"iaml_id":"1092-4","name":"Queen Seal","kind":"feature","hazard":"","mining_district":"Deer Trail","county":"Stevens","production":"","years_of_operation":"","underground_mine":"","surface_mine":"","mill":"","visited":"","feature_description":"Adit, caved. Water sump with underground PVC piping. Large WRD platform.","development":1,"dumps":1,"water":1,"structure":0}},
{"type":"Feature","geometry":{"type":"Point","coordinates":[-118.12031,48.02459]},"properties":{"iaml_id":"1092-5","name":"Queen Seal","kind":"feature","hazard":"","mining_district":"Deer Trail","county":"Stevens","production":"","years_of_operation":"","underground_mine":"","surface_mine":"","mill":"","visited":"","feature_description":"Mill site. Tipple with collapsed mill building and collapsing trestle, possible tailings. Adjacent to 1092-4. Possible tailings sampled (QS-T).","development":0,"dumps":1,"water":0,"structure":1}},
{"type":"Feature","geometry":{"type":"Point","coordinates":[-117.68699,48.31354]},"properties":{"iaml_id":"1093","name":"High Grade","kind":"site","hazard":"yes","mining_district":"Chewelah","county":"Stevens","production":"In 20 years preceeding 1916: approx 2 tons production. Analysis from one ton shipped to Trail approx 1906: Cu 7.7 percent, Ag 85.20 oz, Au 0.08 oz, Pb 20.10 percent (Campbell 1916).","years_of_operation":"","underground_mine":"Yes","surface_mine":"","mill":"No mill on site","visited":"Yes","feature_description":""}},
{"type":"Feature","geometry":{"type":"Point","coordinates":[-117.68823,48.31357]},"properties":{"iaml_id":"1093-1","name":"High Grade","kind":"feature","hazard":"","mining_district":"Chewelah","county":"Stevens","production":"","years_of_operation":"","underground_mine":"","surface_mine":"","mill":"","visited":"","feature_description":"Area explored with trenches, shallow or caved shafts. On side of small hill opposite headframe is 3ft diameter incline approx 15 ft long. Main shaft (under deteriorating wooden headframe), vertical, maintained, depth reported at 100 or 125ft, covered by unlocked, hinged 4 inch thick timber hatch.","development":1,"dumps":0,"water":0,"structure":1}},
{"type":"Feature","geometry":{"type":"Point","coordinates":[-119.651308,48.954481]},"properties":{"iaml_id":"1094","name":"Kaaba Texas","kind":"site","hazard":"unknown","mining_district":"Nighthawk(?)","county":"Okanogan","production":"","years_of_operation":"","underground_mine":"Yes","surface_mine":"","mill":"Yes","visited":"No","feature_description":""}},
{"type":"Feature","geometry":{"type":"Point","coordinates":[-119.998908,48.348586]},"properties":{"iaml_id":"1095","name":"Red Shirt Mine","kind":"site","hazard":"unknown","mining_district":"Twisp","county":"Okanogan","production":"","years_of_operation":"","underground_mine":"","surface_mine":"","mill":"","visited":"No","feature_description":""}},
{"type":"Feature","geometry":{"type":"Point","coordinates":[-118.767358,48.679767]},"properties":{"iaml_id":"1096","name":"Mountain Lion","kind":"site","hazard":"unknown","mining_district":"Republic","county":"Ferry","production":"(a)20,000 tons at 0.24 opt Au, 2.0 opt Ag (b)30,000 tons at 0.116 opt Au, 0.23 opt Ag","years_of_operation":"1900-1913 (a)    1939-1945(b)","underground_mine":"Yes","surface_mine":"Yes","mill":"Yes","visited":"Yes","feature_description":""}},
{"type":"Feature","geometry":{"type":"Point","coordinates":[-118.071456,48.048281]},"properties":{"iaml_id":"1097","name":"Togo Mine","kind":"site","hazard":"unknown","mining_district":"","county":"Stevens","production":"","years_of_operation":"","underground_mine":"","surface_mine":"","mill":"","visited":"Yes","feature_description":""}},
{"type":"Feature","geometry":{"type":"Point","coordinates":[-117.5438,48.88663]},"properties":{"iaml_id":"1098","name":"Gladstone","kind":"site","hazard":"yes","mining_district":"Northport","county":"Stevens","production":"Total ore production 1910-1956 77,470 tons.","years_of_operation":"1902-1956, continuously except for 1945 and 1946.","underground_mine":"Yes","surface_mine":"Yes","mill":"","visited":"Yes","feature_description":""}},
{"type":"Feature","geometry":{"type":"Point","coordinates":[-117.54608,48.89538]},"properties":{"iaml_id":"1098-1","name":"Gladstone","kind":"feature","hazard":"","mining_district":"Northport","county":"Stevens","production":"","years_of_operation":"","underground_mine":"","surface_mine":"","mill":"","visited":"","feature_description":"Adit, open, length unknown.","development":1,"dumps":0,"water":0,"structure":0}},
{"type":"Feature","geometry":{"type":"Point","coordinates":[-117.54376,48.88639]},"properties":{"iaml_id":"1098-10","name":"Gladstone","kind":"feature","hazard":"","mining_district":"Northport","county":"Stevens","production":"","years_of_operation":"","underground_mine":"","surface_mine":"","mill":"","visited":"","feature_description":"Possible millsite (suggested by 7x3x2.5ft concrete footing with 1\" anchor bolts protruding, large orange fines pile immediately across road).","development":0,"dumps":1,"water":0,"structure":1}},
{"type":"Feature","geometry":{"type":"Point","coordinates":[-117.54478,48.88736]},"properties":{"iaml_id":"1098-11","name":"Gladstone","kind":"feature","hazard":"","mining_district":"Northport","county":"Stevens","production":"","years_of_operation":"","underground_mine":"","surface_mine":"","mill":"","visited":"","feature_description":"Open pit, 50x50x30ft highwall.","development":1,"dumps":0,"water":0,"structure":0}},
{"type":"Feature","geometry":{"type":"Point","coordinates":[-117.54388,48.88765]},"properties":{"iaml_id":"1098-12","name":"Gladstone","kind":"feature","hazard":"","mining_district":"Northport","county":"Stevens","production":"","years_of_operation":"","underground_mine":"","surface_mine":"","mill":"","visited":"","feature_description":"Ore bin/hopper, intact except where logging operation pushed waste tree tops into and collapsed platform. Supporting timbers stained orange. Sample GL-A from orange tailings pile on S side of bin.","development":0,"dumps":1,"water":0,"structure":1}},
{"type":"Feature","geometry":{"type":"Point","coordinates":[-117.54392,48.88729]},"properties":{"iaml_id":"1098-13","name":"Gladstone","kind":"feature","hazard":"","mining_district":"Northport","county":"Stevens","production":"","years_of_operation":"","underground_mine":"","surface_mine":"","mill":"","visited":"","feature_description":"Building, collapsed","development":0,"dumps":0,"water":0,"structure":1}},
{"type":"Feature","geometry":{"type":"Point","coordinates":[-117.54325,48.88653]},"properties":{"iaml_id":"1098-14","name":"Gladstone","kind":"feature","hazard":"","mining_district":"Northport","county":"Stevens","production":"","years_of_operation":"","underground_mine":"","surface_mine":"","mill":"","visited":"","feature_description":"Pile of mill waste, ore or waste rock. 40ft diameter x 30ft tall. Composed of orange fines and gravel sized angular dolomite or limestone. Adjacent structure.","development":0,"dumps":0,"water":0,"structure":1}},
{"type":"Feature","geometry":{"type":"Point","coordinates":[-117.5466,48.88468]},"properties":{"iaml_id":"1098-15","name":"Gladstone","kind":"feature","hazard":"","mining_district":"Northport","county":"Stevens","production":"","years_of_operation":"","underground_mine":"","surface_mine":"","mill":"","visited":"","feature_description":"Pit/ dozer cut. 30ft x 40ft x 15ft highwall. On road.","development":1,"dumps":0,"water":0,"structure":0}},
{"type":"Feature","geometry":{"type":"Point","coordinates":[-117.5459,48.88542]},"properties":{"iaml_id":"1098-16","name":"Gladstone","kind":"feature","hazard":"","mining_district":"Northport","county":"Stevens","production":"","years_of_operation":"","underground_mine":"","surface_mine":"","mill":"","visited":"","feature_description":"Possibly the \"Setting Sun\" shaft, caved, forms a pit 40ft x 40ft x 30ft deep. Reported caved in 1949 (Cole). Weaver reports (1920) a depth of 275ft with 4 levels of drifts. Immediate area includes shallow prospect pit and \"gin pole\" fabricated from logs.","development":1,"dumps":0,"water":0,"structure":0}},
{"type":"Feature","geometry":{"type":"Point","coordinates":[-117.5458,48.88598]},"properties":{"iaml_id":"1098-17","name":"Gladstone","kind":"feature","hazard":"","mining_district":"Northport","county":"Stevens","production":"","years_of_operation":"","underground_mine":"","surface_mine":"","mill":"","visited":"","feature_description":"Open cut/dozer trench. 40ft w x 150ft l x 25ft deep.","development":1,"dumps":0,"water":0,"structure":0}},
{"type":"Feature","geometry":{"type":"Point","coordinates":[-117.54317,48.88538]},"properties":{"iaml_id":"1098-2","name":"Gladstone","kind":"feature","hazard":"","mining_district":"Northport","county":"Stevens","production":"","years_of_operation":"","underground_mine":"","surface_mine":"","mill":"","visited":"","feature_description":"Open pit (caved shaft?), 50x30x15ft deep","development":1,"dumps":0,"water":0,"structure":0}},
{"type":"Feature","geometry":{"type":"Point","coordinates":[-117.54346,48.88549]},"properties":{"iaml_id":"1098-3","name":"Gladstone","kind":"feature","hazard":"","mining_district":"Northport","county":"Stevens","production":"","years_of_operation":"","underground_mine":"","surface_mine":"","mill":"","visited":"","feature_description":"Open pit (caved shaft?), 30ft dia, 8ft deep","development":1,"dumps":0,"water":0,"structure":0}},
{"type":"Feature","geometry":{"type":"Point","coordinates":[-117.54388,48.88592]},"properties":{"iaml_id":"1098-4","name":"Gladstone","kind":"feature","hazard":"","mining_district":"Northport","county":"Stevens","production":"","years_of_operation":"","underground_mine":"","surface_mine":"","mill":"","visited":"","feature_description":"Shaft, open, 12ft dia, 40ft deep (9/16/01), bridged by two logs, timbers falling in. Adjacent to remains of collapsed structure. 9/5/02 this shaft now approx 100ft deep. Possibly the Moonlight shaft, reported to be 300ft deep with drifts on 3 levels (Cole 1949).","development":1,"dumps":0,"water":0,"structure":0}},
{"type":"Feature","geometry":{"type":"Point","coordinates":[-117.54406,48.88588]},"properties":{"iaml_id":"1098-5","name":"Gladstone","kind":"feature","hazard":"","mining_district":"Northport","county":"Stevens","production":"","years_of_operation":"","underground_mine":"","surface_mine":"","mill":"","visited":"","feature_description":"Caved feature, rails protruding.","development":1,"dumps":0,"water":0,"structure":0}},
{"type":"Feature","geometry":{"type":"Point","coordinates":[-117.54422,48.88621]},"properties":{"iaml_id":"1098-6","name":"Gladstone","kind":"feature","hazard":"","mining_district":"Northport","county":"Stevens","production":"","years_of_operation":"","underground_mine":"","surface_mine":"","mill":"","visited":"","feature_description":"Appears to be filled shaft, 30ft vertical highwall against hillside above 30ft wide pit. In vicinity of Anderson and Moonlight shafts. Moonlight shaft is reportedly 300ft deep with drifts on 3 levels (Cole 1949).","development":1,"dumps":0,"water":0,"structure":0}},
{"type":"Feature","geometry":{"type":"Point","coordinates":[-117.54426,48.88683]},"properties":{"iaml_id":"1098-7","name":"Gladstone","kind":"feature","hazard":"","mining_district":"Northport","county":"Stevens","production":"","years_of_operation":"","underground_mine":"","surface_mine":"","mill":"","visited":"","feature_description":"Open pit, 50x50x30ft deep, Surficial rocks include: calcite and oolitic dolomite, feldspathic (xtals to 1\") weathered, rounded granitic boulder 1x2ft.","development":1,"dumps":0,"water":0,"structure":0}},
{"type":"Feature","geometry":{"type":"Point","coordinates":[-117.54412,48.88667]},"properties":{"iaml_id":"1098-8","name":"Gladstone","kind":"feature","hazard":"","mining_district":"Northport","county":"Stevens","production":"","years_of_operation":"","underground_mine":"","surface_mine":"","mill":"","visited":"","feature_description":"Open pit, 40x40x20ft deep, many cobbles of heavy metallic black material, glassy rhime on some.","development":1,"dumps":0,"water":0,"structure":0}},
{"type":"Feature","geometry":{"type":"Point","coordinates":[-117.54379,48.88663]},"properties":{"iaml_id":"1098-9","name":"Gladstone","kind":"feature","hazard":"","mining_district":"Northport","county":"Stevens","production":"","years_of_operation":"","underground_mine":"","surface_mine":"","mill":"","visited":"","feature_description":"Subsidence in road bed, 10x8x6ft deep. In vicinity of Anderson and Moonlight shafts. Moonlight shaft is reportedly 300ft deep with drifts on 3 levels (Cole 1949).","development":1,"dumps":0,"water":0,"structure":0}},
{"type":"Feature","geometry":{"type":"Point","coordinates":[-118.74922,48.662829]},"properties":{"iaml_id":"1100","name":"Eureka Gulch","kind":"site","hazard":"yes","mining_district":"Republic","county":"Ferry","production":"4,940,286 tons and 437,089 ozs. Au","years_of_operation":"1896-1995","underground_mine":"Yes","surface_mine":"Yes","mill":"See individual sites","visited":"Yes","feature_description":""}},
{"type":"Feature","geometry":{"type":"Point","coordinates":[-118.74833,48.65929]},"properties":{"iaml_id":"1100-1","name":"Eureka Gulch","kind":"feature","hazard":"","mining_district":"Republic","county":"Ferry","production":"","years_of_operation":"","underground_mine":"","surface_mine":"","mill":"","visited":"","feature_description":"Quilp glory hole on outcrop on NE side of mouth of Eureka Gulch. Includes open adits, stopes, short tunnel. Fenced with warning signs.","development":1,"dumps":1,"water":0,"structure":0}},
{"type":"Feature","geometry":{"type":"Point","coordinates":[-118.74978,48.66552]},"properties":{"iaml_id":"1100-10","name":"Eureka Gulch","kind":"feature","hazard":"","mining_district":"Republic","county":"Ferry","production":"","years_of_operation":"","underground_mine":"","surface_mine":"","mill":"","visited":"","feature_description":"Thought to be the Lone Pine. Openings blasted closed, site, including waste rock, graded. Dry.","development":1,"dumps":1,"water":0,"structure":0}},
{"type":"Feature","geometry":{"type":"Point","coordinates":[-118.75003,48.66591]},"properties":{"iaml_id":"1100-11","name":"Eureka Gulch","kind":"feature","hazard":"","mining_district":"Republic","county":"Ferry","production":"","years_of_operation":"","underground_mine":"","surface_mine":"","mill":"","visited":"","feature_description":"Thought to be the Lone Pine. Prospect pit/shaft, caved. <50cu yds WRD. Trees to 14 inch diameter at base on WRD. Dry.","development":1,"dumps":1,"water":0,"structure":0}},
{"type":"Feature","geometry":{"type":"Point","coordinates":[-118.75102,48.66682]},"properties":{"iaml_id":"1100-13","name":"Eureka Gulch","kind":"feature","hazard":"","mining_district":"Republic","county":"Ferry","production":"","years_of_operation":"","underground_mine":"","surface_mine":"","mill":"","visited":"","feature_description":"Thought to be the Lone Pine. prospect, 5ft deep, about20 cu yds WRD. Dry.","development":1,"dumps":0,"water":0,"structure":0}},
{"type":"Feature","geometry":{"type":"Point","coordinates":[-118.75118,48.66742]},"properties":{"iaml_id":"1100-14","name":"Eureka Gulch","kind":"feature","hazard":"","mining_district":"Republic","county":"Ferry","production":"","years_of_operation":"","underground_mine":"","surface_mine":"","mill":"","visited":"","feature_description":"Thought to be the Lone Pine. trench 70x5ft. Dry.","development":1,"dumps":0,"water":0,"structure":0}},
{"type":"Feature","geometry":{"type":"Point","coordinates":[-118.75313,48.66611]},"properties":{"iaml_id":"1100-15","name":"Eureka Gulch","kind":"feature","hazard":"","mining_district":"Republic","county":"Ferry","production":"","years_of_operation":"","underground_mine":"","surface_mine":"","mill":"","visited":"","feature_description":"Possibly the Pearl. Caved stope(?). Dry.","development":1,"dumps":0,"water":0,"structure":0}},
{"type":"Feature","geometry":{"type":"Point","coordinates":[-118.75104,48.66438]},"properties":{"iaml_id":"1100-16","name":"Eureka Gulch","kind":"feature","hazard":"","mining_district":"Republic","county":"Ferry","production":"","years_of_operation":"","underground_mine":"","surface_mine":"","mill":"","visited":"","feature_description":"Possibly the Pearl. Subsidence in old RR grade. Dry.","development":1,"dumps":0,"water":0,"structure":0}},
{"type":"Feature","geometry":{"type":"Point","coordinates":[-118.75849,48.66815]},"properties":{"iaml_id":"1100-17","name":"Eureka Gulch","kind":"feature","hazard":"","mining_district":"Republic","county":"Ferry","production":"","years_of_operation":"","underground_mine":"","surface_mine":"","mill":"","visited":"","feature_description":"Thought to be the Ben Hur. Adit, filled portal, waste rock platform, concrete pad. Dry.","development":1,"dumps":1,"water":0,"structure":0}},
{"type":"Feature","geometry":{"type":"Point","coordinates":[-118.75578,48.66597]},"properties":{"iaml_id":"1100-18","name":"Eureka Gulch","kind":"feature","hazard":"","mining_district":"Republic","county":"Ferry","production":"","years_of_operation":"","underground_mine":"","surface_mine":"","mill":"","visited":"","feature_description":"Thought to be the San Poil. Adit, open, 30ft long. Dry.","development":1,"dumps":0,"water":0,"structure":0}},
{"type":"Feature","geometry":{"type":"Point","coordinates":[-118.75585,48.66552]},"properties":{"iaml_id":"1100-19","name":"Eureka Gulch","kind":"feature","hazard":"","mining_district":"Republic","county":"Ferry","production":"","years_of_operation":"","underground_mine":"","surface_mine":"","mill":"","visited":"","feature_description":"Thought to be the San Poil. Adit, caved, about200 cu yds WRD, much qtz, chalcedony in WRD. Dry.","development":1,"dumps":1,"water":0,"structure":0}},
{"type":"Feature","geometry":{"type":"Point","coordinates":[-118.74833,48.65929]},"properties":{"iaml_id":"1100-2","name":"Eureka Gulch","kind":"feature","hazard":"","mining_district":"Republic","county":"Ferry","production":"","years_of_operation":"","underground_mine":"","surface_mine":"","mill":"","visited":"","feature_description":"Golden Promise haul decline. Leveled platform area 350x80ft. WRD 380x100ft. Mostly devoid of vegetation, mineralized waste rock in/adjacent to Eureka Gulch creek. Some long dead trees, sulfurous smell. Haul decline portal filled. Equipment removed. Adjacent Quilp workings (open pit/glory hole) fenced, warning signs.","development":1,"dumps":1,"water":1,"structure":1}},
{"type":"Feature","geometry":{"type":"Point","coordinates":[-118.75656,48.66512]},"properties":{"iaml_id":"1100-20","name":"Eureka Gulch","kind":"feature","hazard":"","mining_district":"Republic","county":"Ferry","production":"","years_of_operation":"","underground_mine":"","surface_mine":"","mill":"","visited":"","feature_description":"Ben Hur or San Poil. Intentionally filled opening (stope?),  surface graded.","development":1,"dumps":0,"water":0,"structure":0}},
{"type":"Feature","geometry":{"type":"Point","coordinates":[-118.75744,48.66621]},"properties":{"iaml_id":"1100-21","name":"Eureka Gulch","kind":"feature","hazard":"","mining_district":"Republic","county":"Ferry","production":"","years_of_operation":"","underground_mine":"","surface_mine":"","mill":"","visited":"","feature_description":"Ben Hur or San Poil. Intentionally filled opening (stope?),  surface graded. Dry.","development":1,"dumps":0,"water":0,"structure":0}},
{"type":"Feature","geometry":{"type":"Point","coordinates":[-118.75595,48.66714]},"properties":{"iaml_id":"1100-22","name":"Eureka Gulch","kind":"feature","hazard":"","mining_district":"Republic","county":"Ferry","production":"","years_of_operation":"","underground_mine":"","surface_mine":"","mill":"","visited":"","feature_description":"Ben Hur or San Poil. Adit, open, 15ft length. Dry.","development":1,"dumps":0,"water":0,"structure":0}},
{"type":"Feature","geometry":{"type":"Point","coordinates":[-118.75595,48.66714]},"properties":{"iaml_id":"1100-23","name":"Eureka Gulch","kind":"feature","hazard":"","mining_district":"Republic","county":"Ferry","production":"","years_of_operation":"","underground_mine":"","surface_mine":"","mill":"","visited":"","feature_description":"San Poil mill site, concrete foundations/footings. Dry.","development":0,"dumps":0,"water":0,"structure":1}},
{"type":"Feature","geometry":{"type":"Point","coordinates":[-118.74967,48.66096]},"properties":{"iaml_id":"1100-3","name":"Eureka Gulch","kind":"feature","hazard":"","mining_district":"Republic","county":"Ferry","production":"","years_of_operation":"","underground_mine":"","surface_mine":"","mill":"","visited":"","feature_description":"Thought to be the Surprise. Open stopes, adits at and above access road. Fenced, warning signs. Some openings caved. Concrete foundation just below RR grade. Capped bore hole. Dry.","development":1,"dumps":0,"water":0,"structure":1}},
{"type":"Feature","geometry":{"type":"Point","coordinates":[-118.74965,48.66225]},"properties":{"iaml_id":"1100-4","name":"Eureka Gulch","kind":"feature","hazard":"","mining_district":"Republic","county":"Ferry","production":"","years_of_operation":"","underground_mine":"","surface_mine":"","mill":"","visited":"","feature_description":"Thought to be the Blacktail. Incline, caved. Dry.","development":1,"dumps":0,"water":0,"structure":0}},
{"type":"Feature","geometry":{"type":"Point","coordinates":[-118.74999,48.66293]},"properties":{"iaml_id":"1100-5","name":"Eureka Gulch","kind":"feature","hazard":"","mining_district":"Republic","county":"Ferry","production":"","years_of_operation":"","underground_mine":"","surface_mine":"","mill":"","visited":"","feature_description":"Thought to be the Blacktail. Open cut, road excavation. Dry.","development":1,"dumps":0,"water":0,"structure":0}},
{"type":"Feature","geometry":{"type":"Point","coordinates":[-118.74982,48.66328]},"properties":{"iaml_id":"1100-6","name":"Eureka Gulch","kind":"feature","hazard":"","mining_district":"Republic","county":"Ferry","production":"","years_of_operation":"","underground_mine":"","surface_mine":"","mill":"","visited":"","feature_description":"Thought to be the Blacktail. Adit, closed. Last Chance Gully debris apparently bulldozed into adit. Dry.","development":1,"dumps":0,"water":0,"structure":0}},
{"type":"Feature","geometry":{"type":"Point","coordinates":[-118.74948,48.6636]},"properties":{"iaml_id":"1100-7","name":"Eureka Gulch","kind":"feature","hazard":"","mining_district":"Republic","county":"Ferry","production":"","years_of_operation":"","underground_mine":"","surface_mine":"","mill":"","visited":"","feature_description":"Thought to be the Blacktail. Adit, caved. Collapsed timber structure. Dry.","development":1,"dumps":0,"water":0,"structure":1}},
{"type":"Feature","geometry":{"type":"Point","coordinates":[-118.74904,48.66397]},"properties":{"iaml_id":"1100-8","name":"Eureka Gulch","kind":"feature","hazard":"","mining_district":"Republic","county":"Ferry","production":"","years_of_operation":"","underground_mine":"","surface_mine":"","mill":"","visited":"","feature_description":"Thought to be the Blacktail. Shaft, 30ft deep. Collapsed brick structure. Oxidized WRD. Dry.","development":1,"dumps":1,"water":0,"structure":0}},
{"type":"Feature","geometry":{"type":"Point","coordinates":[-118.74875,48.66451]},"properties":{"iaml_id":"1100-9","name":"Eureka Gulch","kind":"feature","hazard":"","mining_district":"Republic","county":"Ferry","production":"","years_of_operation":"","underground_mine":"","surface_mine":"","mill":"","visited":"","feature_description":"Thought to be the Blacktail. Open stope, 70x10ft, depth unknown (>100ft). Fenced, warning signs. Dry.","development":1,"dumps":0,"water":0,"structure":0}},
{"type":"Feature","geometry":{"type":"Point","coordinates":[-118.757828,48.668936]},"properties":{"iaml_id":"1100a","name":"Ben Hur","kind":"site","hazard":"unknown","mining_district":"Republic","county":"Ferry","production":"Ore shipped to Republic Mill, and Sanpoil mill 1910-1925.","years_of_operation":"1907 - 1970s intermittent Later accessed undgrnd.","underground_mine":"Yes","surface_mine":"No","mill":"No","visited":"Yes","feature_description":""}},
{"type":"Feature","geometry":{"type":"Point","coordinates":[-118.749547,48.662492]},"properties":{"iaml_id":"1100b","name":"Black Tail","kind":"site","hazard":"unknown","mining_district":"Republic","county":"Ferry","production":"13,611 tons","years_of_operation":"1902-1918, 1937 - 1945","underground_mine":"Yes","surface_mine":"No","mill":"No","visited":"Yes","feature_description":""}},
{"type":"Feature","geometry":{"type":"Point","coordinates":[-118.748653,48.659647]},"properties":{"iaml_id":"1100c","name":"Surprise","kind":"site","hazard":"unknown","mining_district":"Republic","county":"Ferry","production":"172,662 tons yielding  ave. 0.501 opt Au, 3.17 opt Ag","years_of_operation":"","underground_mine":"Yes","surface_mine":"","mill":"No mill on site","visited":"Yes","feature_description":""}},
{"type":"Feature","geometry":{"type":"Point","coordinates":[-118.746681,48.665481]},"properties":{"iaml_id":"1100d","name":"Last Chance","kind":"site","hazard":"yes","mining_district":"Republic","county":"Ferry","production":"","years_of_operation":"","underground_mine":"Yes","surface_mine":"","mill":"","visited":"Yes","feature_description":""}},
{"type":"Feature","geometry":{"type":"Point","coordinates":[-118.75656,48.66512]},"properties":{"iaml_id":"1100e","name":"San Poil","kind":"site","hazard":"unknown","mining_district":"Republic","county":"Ferry","production":"101,000 tons ave. .303 opt Au, 1.3 opt Ag","years_of_operation":"1902-1945 intermittent","underground_mine":"Yes","surface_mine":"","mill":"Yes","visited":"Yes","feature_description":""}},
{"type":"Feature","geometry":{"type":"Point","coordinates":[-118.746156,48.666894]},"properties":{"iaml_id":"1100f","name":"Insurgent","kind":"site","hazard":"unknown","mining_district":"Republic","county":"Ferry","production":"","years_of_operation":"","underground_mine":"Not determined","surface_mine":"","mill":"","visited":"Yes","feature_description":""}},
{"type":"Feature","geometry":{"type":"Point","coordinates":[-118.749167,48.6637]},"properties":{"iaml_id":"1100g","name":"Lone Pine","kind":"site","hazard":"unknown","mining_district":"Republic","county":"Ferry","production":"","years_of_operation":"","underground_mine":"Yes","surface_mine":"","mill":"","visited":"Yes","feature_description":""}},
{"type":"Feature","geometry":{"type":"Point","coordinates":[-118.752061,48.664781]},"properties":{"iaml_id":"1100h","name":"Pearl","kind":"site","hazard":"unknown","mining_district":"Republic","county":"Ferry","production":"","years_of_operation":"","underground_mine":"Yes","surface_mine":"","mill":"","visited":"Yes","feature_description":""}},
{"type":"Feature","geometry":{"type":"Point","coordinates":[-118.748272,48.658019]},"properties":{"iaml_id":"1100i","name":"Quilp","kind":"site","hazard":"yes","mining_district":"Republic","county":"Ferry","production":"","years_of_operation":"","underground_mine":"Yes","surface_mine":"Yes","mill":"","visited":"Yes","feature_description":""}},
{"type":"Feature","geometry":{"type":"Point","coordinates":[-118.760006,48.66985]},"properties":{"iaml_id":"1100j","name":"Trade Dollar","kind":"site","hazard":"unknown","mining_district":"Republic","county":"Ferry","production":"19,268 tons at 0.292 opt Au, 1.61 opt Ag.","years_of_operation":"1903-1915; 1918-1948","underground_mine":"Yes","surface_mine":"","mill":"No mill on site","visited":"Yes","feature_description":""}},
{"type":"Feature","geometry":{"type":"Point","coordinates":[-118.742411,48.661147]},"properties":{"iaml_id":"1100k","name":"Golden Promise","kind":"site","hazard":"unknown","mining_district":"Republic","county":"Ferry","production":"Ceased operation in 1995 (MAS/MILS).","years_of_operation":"","underground_mine":"Yes","surface_mine":"","mill":"","visited":"Yes","feature_description":""}},
{"type":"Feature","geometry":{"type":"Point","coordinates":[-121.238706,47.559069]},"properties":{"iaml_id":"1101","name":"Dutch Miller","kind":"site","hazard":"yes","mining_district":"Burns","county":"King","production":"Some high grade ore packed out.","years_of_operation":"late 19th century-early 20th century","underground_mine":"Yes","surface_mine":"","mill":"No mill on site","visited":"Yes","feature_description":""}},
{"type":"Feature","geometry":{"type":"Point","coordinates":[-121.2442,47.55159]},"properties":{"iaml_id":"1101-1","name":"Dutch Miller","kind":"feature","hazard":"","mining_district":"Burns","county":"King","production":"","years_of_operation":"","underground_mine":"","surface_mine":"","mill":"","visited":"","feature_description":"Williams Lake adit, open, water impound, <1gpm discharge, about500 cu yd wrd. Rails dangle over edge of wrd. Adit contains aluminum pipe, scaffolding, rail, drill steels, 2-55gal drums, 1-5gal bucket, contents unknown. WRD (40ft x 12ft x 40ft slope).","development":1,"dumps":1,"water":1,"structure":0}},
{"type":"Feature","geometry":{"type":"Point","coordinates":[-121.23913,47.55949]},"properties":{"iaml_id":"1101-2","name":"Dutch Miller","kind":"feature","hazard":"","mining_district":"Burns","county":"King","production":"","years_of_operation":"","underground_mine":"","surface_mine":"","mill":"","visited":"","feature_description":"Main adit, open, water impound and discharge. Chalcopyrite boulders to 750cm length caved from portal ceiling. Portal lies on vein. Steel wheelbarrow at portal extremely rusted. Water sampled here (Dutch Miller no. W-CH1). Literature locates a flooded 100ft shaft (main shaft or no. 1 shaft, Stephens photograph 10 and others) immediately in front of this adit. At time of this visit, however, area in front of adit is covered with 3 - 6ft compact snow (neve). As the adit is an attraction, this shaft may pose a significant hazard when the snow melts to where it no longer can support the weight of a person standing on the shaft or walking over the shaft toward the adit. WRD between portal and largest of the Chain Lakes includes much high grade ore. Much iron staining along lake shorelines and in streams between lakes. \"Slusher\" bucket and Ingersol Rand hydraulic winch near feature.","development":1,"dumps":1,"water":1,"structure":0}},
{"type":"Feature","geometry":{"type":"Point","coordinates":[-121.23992,47.55943]},"properties":{"iaml_id":"1101-3","name":"Dutch Miller","kind":"feature","hazard":"","mining_district":"Burns","county":"King","production":"","years_of_operation":"","underground_mine":"","surface_mine":"","mill":"","visited":"","feature_description":"Shaft, vertical, flooded 20ft from surface, approx 200 cu yd WRD, remnants of cabin foundation logs.","development":1,"dumps":1,"water":1,"structure":1}},
{"type":"Feature","geometry":{"type":"Point","coordinates":[-121.24101,47.55955]},"properties":{"iaml_id":"1101-4","name":"Dutch Miller","kind":"feature","hazard":"","mining_district":"Burns","county":"King","production":"","years_of_operation":"","underground_mine":"","surface_mine":"","mill":"","visited":"","feature_description":"Adit, open, 25ft length. Dripping water, discharge <1gpm.","development":1,"dumps":1,"water":1,"structure":0}},
{"type":"Feature","geometry":{"type":"Point","coordinates":[-121.24359,47.56257]},"properties":{"iaml_id":"1101-5","name":"Dutch Miller","kind":"feature","hazard":"","mining_district":"Burns","county":"King","production":"","years_of_operation":"","underground_mine":"","surface_mine":"","mill":"","visited":"","feature_description":"3 prospects. 1) 4x4x5ft, dry, <10yds waste rock, photo 3105, N side small ridge at 6040ft, waypoint 45. 2) shaft, 5x5x4ft deep, dry, photo 3109, top of small ridge at6080ft, waypoint 46. 3) similar, not visited.","development":1,"dumps":1,"water":0,"structure":0}},
{"type":"Feature","geometry":{"type":"Point","coordinates":[-117.197067,48.970189]},"properties":{"iaml_id":"1102","name":"Lead Hill","kind":"site","hazard":"unknown","mining_district":"Metaline","county":"Pend Oreille","production":"Small carload of handpicked galena shipped in 1937. Milled 1,230 tons in 1951, 9,570 tons in 1952 (Huntting 1956).","years_of_operation":"","underground_mine":"Yes","surface_mine":"No","mill":"","visited":"Yes","feature_description":""}},
{"type":"Feature","geometry":{"type":"Point","coordinates":[-119.01441,48.14963]},"properties":{"iaml_id":"1103","name":"Little Chief","kind":"site","hazard":"unknown","mining_district":"","county":"Okanogan","production":"greater than $10,000 by 1921","years_of_operation":"1911-1954 intermittent","underground_mine":"Yes","surface_mine":"","mill":"unknown","visited":"No","feature_description":""}},
{"type":"Feature","geometry":{"type":"Point","coordinates":[-117.76004,48.76584]},"properties":{"iaml_id":"1105","name":"Van Stone","kind":"site","hazard":"yes","mining_district":"Northport","county":"Stevens","production":"about 5.7 million tons through the mill. Overall including waste rock about 8.8 million tons. 90 percent of the production during Asarco ownership, 1950-1970.","years_of_operation":"1920-1993","underground_mine":"Yes","surface_mine":"Yes","mill":"flotation","visited":"Yes","feature_description":""}},
{"type":"Feature","geometry":{"type":"Point","coordinates":[-118.23191,48.99181]},"properties":{"iaml_id":"5009","name":"Talisman Mill","kind":"site","hazard":"unknown","mining_district":"Orient","county":"Ferry","production":"Mill bldg presently used for experimentation.","years_of_operation":"1915/16, 1946-53","underground_mine":"No","surface_mine":"No","mill":"gravity-flotation","visited":"Yes","feature_description":""}},
{"type":"Feature","geometry":{"type":"Point","coordinates":[-118.23191,48.99174]},"properties":{"iaml_id":"5009-1","name":"TALISMAN MILL","kind":"feature","hazard":"","mining_district":"Orient","county":"Ferry","production":"","years_of_operation":"","underground_mine":"","surface_mine":"","mill":"","visited":"","feature_description":"Mill building, mostly intact, some interior walls removed. Current hobby scale milling operation.","development":0,"dumps":0,"water":0,"structure":1}},
{"type":"Feature","geometry":{"type":"Point","coordinates":[-118.73378,48.63733]},"properties":{"iaml_id":"5024","name":"Republic Mill","kind":"site","hazard":"unknown","mining_district":"Republic","county":"Ferry","production":"Foundations and tailings remain.","years_of_operation":"1898-1900; 1937-1938","underground_mine":"","surface_mine":"","mill":"Yes","visited":"Yes","feature_description":""}},
{"type":"Feature","geometry":{"type":"Point","coordinates":[-117.9561,48.57909]},"properties":{"iaml_id":"5052","name":"Bonanza Mill","kind":"site","hazard":"unknown","mining_district":"Colville","county":"Stevens","production":"1950: 80 tons/day, with plans to expand to 150 tons/day (Orlob, p. 8). Milled ore from many different mines.","years_of_operation":"1885-1952 (EPA PA)","underground_mine":"No","surface_mine":"No","mill":"flotation","visited":"Yes","feature_description":""}},
{"type":"Feature","geometry":{"type":"Point","coordinates":[-117.95538,48.57759]},"properties":{"iaml_id":"5052-1","name":"Bonanza Mill","kind":"feature","hazard":"","mining_district":"Colville","county":"Stevens","production":"","years_of_operation":"","underground_mine":"","surface_mine":"","mill":"","visited":"","feature_description":"Ditch, trends NE-SW, 4 to 5ft deep, crosses site. Recently cleaned, with orange brown tailings dumped on SW bank. Four 20\" steel pipes (scrap from mill) form culvert at dike on shore of Colville River.","development":0,"dumps":0,"water":0,"structure":0}},
{"type":"Feature","geometry":{"type":"Point","coordinates":[-117.95572,48.57777]},"properties":{"iaml_id":"5052-2","name":"Bonanza Mill","kind":"feature","hazard":"","mining_district":"Colville","county":"Stevens","production":"","years_of_operation":"","underground_mine":"","surface_mine":"","mill":"","visited":"","feature_description":"Tailings, EPA/E and E estimate 14,800 cu yds tailings. Colville River lies within 10 to 50ft of tailings. Seven solids samples collected: S-PS77 (near center of site); S-PS79a (top, edge of tails near river); S-PS79b (middle, edge of tails near river); S-PS79c (bottom, edge of tails near river); S-PS80 stream sediment from Colville River); S-PS120a (grey tailings); S-PS120b (salts).","development":0,"dumps":1,"water":1,"structure":1}},
{"type":"Feature","geometry":{"type":"Point","coordinates":[-120.09983,48.35142]},"properties":{"iaml_id":"5095","name":"Red Shirt Mill","kind":"site","hazard":"unknown","mining_district":"Twisp","county":"Okanogan","production":"","years_of_operation":"","underground_mine":"","surface_mine":"","mill":"Yes","visited":"Yes","feature_description":""}},
{"type":"Feature","geometry":{"type":"Point","coordinates":[-120.10164,48.35084]},"properties":{"iaml_id":"5095-1","name":"Red Shirt Mill","kind":"feature","hazard":"","mining_district":"Twisp","county":"Okanogan","production":"","years_of_operation":"","underground_mine":"","surface_mine":"","mill":"","visited":"","feature_description":"Mill building. Mostly intact, upper levels leaning. Building used for storage of building materials (doors, etc.)","development":0,"dumps":0,"water":0,"structure":1}},
{"type":"Feature","geometry":{"type":"Point","coordinates":[-120.10164,48.35084]},"properties":{"iaml_id":"5095-2","name":"Red Shirt Mill","kind":"feature","hazard":"","mining_district":"Twisp","county":"Okanogan","production":"","years_of_operation":"","underground_mine":"","surface_mine":"","mill":"","visited":"","feature_description":"Tailings dump.","development":0,"dumps":1,"water":1,"structure":0}},
{"type":"Feature","geometry":{"type":"Point","coordinates":[-117.77299,48.92002]},"properties":{"iaml_id":"5501","name":"Northport Smelter","kind":"site","hazard":"unknown","mining_district":"Northport","county":"Stevens","production":"","years_of_operation":"1897-1924, sporadic","underground_mine":"No","surface_mine":"No","mill":"smelter","visited":"Yes","feature_description":""}}
]}
