{"type":"FeatureCollection",
"properties":{"source":"WA_DNR_WGS_Mines_and_Minerals","built_at":"2026-08-13T02:08:38+00:00","layers":["Mining_Distircts_WA"],"count":68,"note":"Boundaries simplified to 0.0005 deg (~55 m); total area changed by 7.72e-05. Attribute columns other than name/other_name/county/district_link/citation are NULL for every row in this release of the geodatabase."},
"features":[
{"type":"Feature","geometry":{"type":"MultiPolygon","coordinates":[[[[-120.570117,47.32182],[-120.576921,47.326261],[-120.5767,47.329357],[-120.578772,47.332189],[-120.578227,47.33671],[-120.579845,47.33761],[-120.585964,47.338084],[-120.591448,47.339957],[-120.595735,47.339597],[-120.598738,47.340924],[-120.603046,47.339093],[-120.606604,47.339371],[-120.608465,47.342164],[-120.617406,47.345334],[-120.61914,47.345402],[-120.622145,47.343479],[-120.624521,47.343678],[-120.627198,47.342143],[-120.628427,47.342533],[-120.631596,47.341674],[-120.639227,47.343587],[-120.642719,47.343603],[-120.649784,47.341857],[-120.655619,47.342258],[-120.658008,47.344231],[-120.664201,47.343265],[-120.671749,47.34693],[-120.676417,47.351416],[-120.679612,47.349554],[-120.68188,47.35037],[-120.682686,47.352553],[-120.691066,47.357133],[-120.693221,47.361304],[-120.700299,47.365238],[-120.708452,47.365316],[-120.710153,47.365905],[-120.711567,47.367727],[-120.718399,47.368845],[-120.721275,47.370106],[-120.72175,47.371698],[-120.723232,47.372803],[-120.724496,47.37747],[-120.727261,47.38077],[-120.726711,47.383451],[-120.727901,47.384479],[-120.726529,47.387938],[-120.731819,47.391182],[-120.732826,47.39288],[-120.734667,47.393809],[-120.739962,47.39328],[-120.743849,47.394143],[-120.747618,47.393799],[-120.754851,47.395693],[-120.757199,47.397743],[-120.764129,47.398089],[-120.768815,47.399684],[-120.772439,47.398972],[-120.77574,47.400056],[-120.783274,47.399585],[-120.785267,47.401303],[-120.787075,47.404753],[-120.791503,47.406506],[-120.79352,47.408379],[-120.794348,47.413946],[-120.799055,47.417019],[-120.803345,47.423056],[-120.806987,47.420817],[-120.813512,47.419689],[-120.828662,47.423885],[-120.836775,47.41817],[-120.837726,47.414759],[-120.843284,47.411605],[-120.849866,47.413769],[-120.861485,47.420642],[-120.866497,47.418248],[-120.868073,47.416227],[-120.872033,47.415307],[-120.87604,47.417448],[-120.878667,47.419911],[-120.884949,47.42256],[-120.887463,47.425525],[-120.891377,47.427735],[-120.894613,47.426071],[-120.902005,47.42702],[-120.905038,47.426312],[-120.909965,47.614324],[-120.525041,47.619833],[-120.528667,47.333769],[-120.530515,47.334334],[-120.53022,47.332421],[-120.532077,47.329546],[-120.5303,47.325749],[-120.530592,47.321197],[-120.528014,47.31701],[-120.530782,47.315428],[-120.547513,47.311968],[-120.547364,47.307548],[-120.553299,47.308758],[-120.558001,47.306583],[-120.564448,47.308229],[-120.570554,47.311073],[-120.570111,47.314596],[-120.568524,47.315736],[-120.568738,47.318596],[-120.570117,47.32182]]]]},"properties":{"district_id":"WA0001","name":"Blewett","other_name":"","county":"Chelan","commodity_primary":"","other_commodities":"","discovery":"","production_years":"","production_amount":"","production_unit":"","deposit_type":"","district_link":"https://d92019.eos-intl.net/D92019/OPAC/Details/Record.aspx?BibCode=28452886","production_link":"","citation":"[Washington Geological Survey], [1980], Mining districts of Washington: [Washington Geological Survey], 1 plate, 1 p. text.","notes":""}},
{"type":"Feature","geometry":{"type":"MultiPolygon","coordinates":[[[[-117.826417,48.814514],[-117.829905,48.746486],[-117.841249,48.745591],[-117.843885,48.659722],[-117.990907,48.662341],[-118.078155,48.662241],[-118.04705,48.665807],[-118.038328,48.67171],[-118.023671,48.673944],[-118.014071,48.680811],[-118.014196,48.690701],[-118.01342,48.697869],[-118.017279,48.708007],[-118.025993,48.716522],[-118.036487,48.72421],[-118.041599,48.726327],[-118.047824,48.73249],[-118.050064,48.740294],[-118.048451,48.74687],[-118.044627,48.754262],[-118.03376,48.76352],[-118.013571,48.776606],[-118.004386,48.783502],[-118.002739,48.789985],[-118.003111,48.797026],[-118.005468,48.805941],[-118.003172,48.813329],[-117.994417,48.817761],[-117.986148,48.820151],[-117.969855,48.819807],[-117.960983,48.818593],[-117.953209,48.812941],[-117.94816,48.811497],[-117.923311,48.817219],[-117.826417,48.814514]]]]},"properties":{"district_id":"WA0002","name":"Bossburg","other_name":"Clugston Creek","county":"Stevens","commodity_primary":"","other_commodities":"","discovery":"","production_years":"","production_amount":"","production_unit":"","deposit_type":"","district_link":"https://d92019.eos-intl.net/D92019/OPAC/Details/Record.aspx?BibCode=28452886","production_link":"","citation":"[Washington Geological Survey], [1980], Mining districts of Washington: [Washington Geological Survey], 1 plate, 1 p. text.","notes":""}},
{"type":"Feature","geometry":{"type":"MultiPolygon","coordinates":[[[[-121.446828,46.767757],[-121.44779,46.773116],[-121.449752,46.773945],[-121.454804,46.77999],[-121.455576,46.785887],[-121.453361,46.788756],[-121.450193,46.790077],[-121.448477,46.791858],[-121.442524,46.792985],[-121.444137,46.794849],[-121.449338,46.797496],[-121.450625,46.800583],[-121.453883,46.801302],[-121.455416,46.802449],[-121.456776,46.805304],[-121.456679,46.806825],[-121.458278,46.808075],[-121.456912,46.810181],[-121.457893,46.811779],[-121.461863,46.812309],[-121.464591,46.814753],[-121.474454,46.820232],[-121.471452,46.821902],[-121.472432,46.823181],[-121.470906,46.823972],[-121.470188,46.82641],[-121.471407,46.826408],[-121.471202,46.827137],[-121.474712,46.831407],[-121.484212,46.83428],[-121.48545,46.84102],[-121.495554,46.854916],[-121.497359,46.862871],[-121.507547,46.864809],[-121.515183,46.870974],[-121.523085,46.872789],[-121.520299,46.879183],[-121.51328,46.884811],[-121.51426,46.890993],[-121.510458,46.896617],[-121.502855,46.901277],[-121.497001,46.908348],[-121.491719,46.909116],[-121.489664,46.910021],[-121.488144,46.911868],[-121.484969,46.912841],[-121.475393,46.913278],[-121.472598,46.916259],[-121.470181,46.917699],[-121.467224,46.918187],[-121.465504,46.920444],[-121.460299,46.921468],[-121.456462,46.923583],[-121.456937,46.928263],[-121.454108,46.929403],[-121.450578,46.932847],[-121.449505,46.935336],[-121.450523,46.938838],[-121.45245,46.941866],[-121.451894,46.943743],[-121.452386,46.945294],[-121.450362,46.948355],[-121.453566,46.952466],[-121.4527,46.95653],[-121.456475,46.958439],[-121.458395,46.960576],[-121.457583,46.964247],[-121.455093,46.964788],[-121.442158,46.972942],[-121.442109,46.974263],[-121.443818,46.974664],[-121.445727,46.977509],[-121.446291,46.979987],[-121.443242,46.980653],[-121.441378,46.982704],[-121.433622,46.984803],[-121.427809,46.987888],[-121.420577,46.988729],[-121.419269,46.991914],[-121.417351,46.993175],[-121.413517,46.995185],[-121.409137,46.995195],[-121.407104,46.997496],[-121.40649,47.000539],[-121.409583,47.003585],[-121.406171,47.009022],[-121.406208,47.012182],[-121.404525,47.013399],[-121.4043,47.014784],[-121.401676,47.015385],[-121.396652,47.018749],[-121.39481,47.022781],[-121.395372,47.024504],[-121.397045,47.025732],[-121.396656,47.029376],[-121.399389,47.031413],[-121.399816,47.03347],[-121.397036,47.035572],[-121.393559,47.039638],[-121.39351,47.040623],[-121.386368,47.046089],[-121.386278,47.048925],[-121.381083,47.050377],[-121.37906,47.052534],[-121.379209,47.054042],[-121.374265,47.056442],[-121.376798,47.062459],[-121.376594,47.064981],[-121.375093,47.067689],[-121.375856,47.070889],[-121.375162,47.072902],[-121.379632,47.07627],[-121.379842,47.079073],[-121.383634,47.084149],[-121.379976,47.087254],[-121.37674,47.0818],[-121.369867,47.078807],[-121.366484,47.076332],[-121.366425,47.073928],[-121.36501,47.072386],[-121.363151,47.071215],[-121.359251,47.070745],[-121.357443,47.071145],[-121.350952,47.076891],[-121.347151,47.078744],[-121.340904,47.079371],[-121.335286,47.075803],[-121.32824,47.075136],[-121.325799,47.076438],[-121.318289,47.075598],[-121.310301,47.077239],[-121.306596,47.082233],[-121.30139,47.085194],[-121.297943,47.086099],[-121.290405,47.086199],[-121.280712,47.088736],[-121.272676,47.084668],[-121.268324,47.084619],[-121.26408,47.082817],[-121.256538,47.082019],[-121.256395,47.079538],[-121.251843,47.076349],[-121.247056,47.075035],[-121.245127,47.073644],[-121.240371,47.073368],[-121.237747,47.072268],[-121.229451,47.066717],[-121.224492,47.065762],[-121.22242,47.066857],[-121.218857,47.065646],[-121.218133,47.064964],[-121.218161,47.061932],[-121.214982,47.060314],[-121.215204,47.058593],[-121.212552,47.055561],[-121.210966,47.055219],[-121.209913,47.053233],[-121.20709,47.052721],[-121.206183,47.051111],[-121.199523,47.050526],[-121.198888,47.049828],[-121.200635,47.048996],[-121.194658,47.045626],[-121.194712,47.044173],[-121.189768,47.042455],[-121.185507,47.044573],[-121.181383,47.044262],[-121.181142,47.042901],[-121.178616,47.041428],[-121.178776,47.039824],[-121.172206,47.037827],[-121.168529,47.035679],[-121.165583,47.035502],[-121.163256,47.032831],[-121.160251,47.031272],[-121.15927,47.029109],[-121.157453,47.028106],[-121.155933,47.028374],[-121.155818,47.027182],[-121.154689,47.026713],[-121.150584,47.026434],[-121.147935,47.024905],[-121.147553,47.023393],[-121.142935,47.021793],[-121.141179,47.019014],[-121.135779,47.017239],[-121.134041,47.015338],[-121.132398,47.010614],[-121.128938,47.009177],[-121.127011,47.006912],[-121.127029,47.005281],[-121.122853,47.002943],[-121.122394,47.001727],[-121.12373,47.000069],[-121.123492,46.998976],[-121.121624,46.999217],[-121.120524,46.998018],[-121.11462,46.997295],[-121.111879,46.995159],[-121.105102,46.995517],[-121.102041,46.993449],[-121.100828,46.991029],[-121.090068,46.991013],[-121.089972,46.969301],[-121.084712,46.969263],[-121.084762,46.96573],[-121.079414,46.965636],[-121.079427,46.962071],[-121.074176,46.962026],[-121.074126,46.958439],[-121.068864,46.958471],[-121.06883,46.947582],[-121.063552,46.947538],[-121.063551,46.943961],[-121.058277,46.94391],[-121.058275,46.936696],[-121.052987,46.936678],[-121.053001,46.93303],[-121.042478,46.933027],[-121.042457,46.922159],[-121.037182,46.922152],[-121.037175,46.918575],[-121.031872,46.91854],[-121.03188,46.914897],[-121.026606,46.914933],[-121.026634,46.911314],[-120.990535,46.911297],[-120.99181,46.73945],[-121.367615,46.739089],[-121.367148,46.725068],[-121.368853,46.726174],[-121.377081,46.727034],[-121.381754,46.728429],[-121.387034,46.727254],[-121.392822,46.727648],[-121.39569,46.726826],[-121.400737,46.726951],[-121.401948,46.728152],[-121.406029,46.7274],[-121.408235,46.72843],[-121.409878,46.73277],[-121.412449,46.735565],[-121.417125,46.736215],[-121.422637,46.738396],[-121.429366,46.739357],[-121.43114,46.74238],[-121.423682,46.75257],[-121.425085,46.754015],[-121.424343,46.756661],[-121.425671,46.757526],[-121.430651,46.758151],[-121.431851,46.759076],[-121.441841,46.758189],[-121.44215,46.759437],[-121.439178,46.760618],[-121.438509,46.762255],[-121.443215,46.767625],[-121.444774,46.768194],[-121.446828,46.767757]]]]},"properties":{"district_id":"WA0003","name":"Bumping Lake","other_name":"","county":"Yakima","commodity_primary":"","other_commodities":"","discovery":"","production_years":"","production_amount":"","production_unit":"","deposit_type":"","district_link":"https://d92019.eos-intl.net/D92019/OPAC/Details/Record.aspx?BibCode=28452886","production_link":"","citation":"[Washington Geological Survey], [1980], Mining districts of Washington: [Washington Geological Survey], 1 plate, 1 p. text.","notes":""}},
{"type":"Feature","geometry":{"type":"MultiPolygon","coordinates":[[[[-121.001685,48.296014],[-121.477772,48.296119],[-121.57758,48.297368],[-121.577592,48.298972],[-121.771396,48.298805],[-121.842823,48.297808],[-121.84199,48.384311],[-121.704405,48.384543],[-121.710252,48.561446],[-121.855882,48.56086],[-121.858431,48.64471],[-121.808068,48.643565],[-121.361425,48.641335],[-121.118579,48.640907],[-121.115593,48.493341],[-121.038035,48.492959],[-121.045932,48.48826],[-121.052777,48.482019],[-121.056548,48.476375],[-121.056763,48.471416],[-121.060054,48.467193],[-121.060573,48.462675],[-121.063317,48.460039],[-121.061276,48.458216],[-121.060431,48.454041],[-121.058891,48.452438],[-121.056161,48.451573],[-121.055552,48.450181],[-121.052884,48.448738],[-121.04766,48.447182],[-121.045877,48.448041],[-121.042707,48.447076],[-121.040385,48.444407],[-121.040699,48.442912],[-121.03828,48.438081],[-121.03884,48.435334],[-121.037265,48.432421],[-121.042545,48.430592],[-121.043765,48.423706],[-121.046262,48.418898],[-121.041602,48.411276],[-121.047059,48.410458],[-121.054101,48.412585],[-121.056478,48.412144],[-121.057064,48.410646],[-121.062008,48.406023],[-121.06229,48.401633],[-121.065035,48.399256],[-121.064725,48.396424],[-121.066444,48.393545],[-121.065786,48.391801],[-121.059887,48.387869],[-121.058972,48.385703],[-121.058833,48.382408],[-121.061787,48.379368],[-121.052884,48.37391],[-121.049177,48.370265],[-121.046741,48.366365],[-121.043087,48.363434],[-121.040853,48.356419],[-121.042346,48.353724],[-121.041912,48.350869],[-121.040696,48.350119],[-121.040524,48.348477],[-121.043047,48.345732],[-121.053371,48.344958],[-121.057802,48.346393],[-121.0607,48.34648],[-121.063956,48.343585],[-121.06536,48.338451],[-121.069515,48.33897],[-121.069937,48.333899],[-121.071127,48.332326],[-121.070069,48.330411],[-121.067221,48.329956],[-121.0659,48.32802],[-121.065809,48.326279],[-121.068534,48.323115],[-121.068883,48.319989],[-121.071604,48.317808],[-121.067227,48.315137],[-121.060418,48.31648],[-121.058058,48.316172],[-121.045743,48.308904],[-121.04092,48.309606],[-121.036696,48.311558],[-121.034633,48.31149],[-121.028902,48.307629],[-121.029374,48.306057],[-121.028541,48.303884],[-121.026532,48.302481],[-121.0208,48.302838],[-121.010868,48.300169],[-121.003765,48.299434],[-121.001685,48.296014]]]]},"properties":{"district_id":"WA0004","name":"Cascade","other_name":"","county":"Skagit","commodity_primary":"","other_commodities":"","discovery":"","production_years":"","production_amount":"","production_unit":"","deposit_type":"","district_link":"https://d92019.eos-intl.net/D92019/OPAC/Details/Record.aspx?BibCode=28452886","production_link":"","citation":"[Washington Geological Survey], [1980], Mining districts of Washington: [Washington Geological Survey], 1 plate, 1 p. text.","notes":""}},
{"type":"Feature","geometry":{"type":"MultiPolygon","coordinates":[[[[-117.999159,48.144467],[-118.002902,48.054917],[-118.007313,47.818531],[-118.009235,47.815346],[-118.010861,47.808268],[-118.012877,47.80598],[-118.024273,47.802135],[-118.031547,47.803846],[-118.035968,47.802722],[-118.046204,47.795176],[-118.046811,47.792337],[-118.048167,47.792301],[-118.052604,47.79795],[-118.054633,47.79913],[-118.057652,47.79892],[-118.061516,47.797204],[-118.063495,47.797294],[-118.069795,47.800184],[-118.075482,47.799454],[-118.078196,47.800068],[-118.081078,47.803745],[-118.083635,47.809557],[-118.099273,47.823631],[-118.099214,47.82494],[-118.096729,47.827786],[-118.097145,47.828455],[-118.105498,47.830397],[-118.108269,47.832703],[-118.117232,47.832549],[-118.119259,47.833524],[-118.118912,47.836819],[-118.120051,47.839669],[-118.11857,47.843498],[-118.118955,47.846379],[-118.122909,47.857278],[-118.126139,47.861908],[-118.133913,47.869735],[-118.142672,47.883594],[-118.1453,47.885625],[-118.150848,47.887083],[-118.154398,47.886598],[-118.157319,47.883823],[-118.1606,47.885108],[-118.162494,47.88954],[-118.161826,47.892931],[-118.159632,47.895182],[-118.16022,47.897216],[-118.16684,47.902773],[-118.170039,47.902892],[-118.176533,47.901261],[-118.178523,47.901992],[-118.178705,47.904267],[-118.176627,47.910461],[-118.177324,47.911781],[-118.187602,47.918792],[-118.19025,47.92628],[-118.193706,47.927846],[-118.200045,47.928391],[-118.201876,47.934655],[-118.206258,47.942254],[-118.210628,47.945236],[-118.218048,47.944729],[-118.223963,47.941685],[-118.231273,47.940031],[-118.237841,47.940128],[-118.243966,47.943589],[-118.252707,47.942373],[-118.259252,47.937596],[-118.259992,47.934788],[-118.260881,47.934172],[-118.270013,47.933722],[-118.271878,47.932691],[-118.273042,47.929846],[-118.276824,47.927233],[-118.293793,47.918967],[-118.316452,47.90946],[-118.320973,47.901663],[-118.319722,47.898178],[-118.321725,47.896295],[-118.326736,47.896355],[-118.334505,47.8938],[-118.341328,47.894384],[-118.340081,47.898079],[-118.340172,47.901448],[-118.341674,47.904627],[-118.349608,47.914772],[-118.353756,47.922774],[-118.356565,47.930317],[-118.355747,47.933958],[-118.356353,47.938345],[-118.352135,47.952148],[-118.35142,47.963144],[-118.349334,47.970489],[-118.349535,47.972427],[-118.351103,47.974312],[-118.361368,47.979428],[-118.365571,47.982789],[-118.370676,47.989699],[-118.376804,48.001464],[-118.381926,48.007019],[-118.393011,48.013864],[-118.396736,48.018432],[-118.398239,48.021698],[-118.401356,48.023683],[-118.401204,48.027515],[-118.397361,48.031305],[-118.380017,48.039076],[-118.368053,48.043378],[-118.361077,48.048004],[-118.356363,48.049662],[-118.341385,48.049956],[-118.321455,48.042611],[-118.313127,48.040676],[-118.298787,48.041032],[-118.275078,48.040252],[-118.270607,48.041954],[-118.266904,48.046082],[-118.265578,48.049901],[-118.26632,48.055233],[-118.26547,48.058028],[-118.257734,48.059908],[-118.251436,48.055505],[-118.247876,48.05441],[-118.241108,48.055944],[-118.237413,48.057901],[-118.234977,48.060713],[-118.233525,48.064442],[-118.233424,48.070721],[-118.235405,48.075845],[-118.235486,48.078778],[-118.231431,48.086471],[-118.231427,48.090002],[-118.238293,48.105171],[-118.240121,48.106938],[-118.251363,48.111142],[-118.254199,48.113321],[-118.255391,48.116253],[-118.254338,48.122236],[-118.255375,48.128151],[-118.252263,48.132407],[-118.246148,48.13497],[-118.233595,48.134991],[-118.222309,48.137433],[-118.204813,48.138891],[-118.198932,48.142095],[-118.195273,48.145982],[-118.19199,48.152618],[-118.190835,48.15851],[-118.195528,48.17688],[-118.196876,48.189927],[-118.194928,48.193457],[-118.188712,48.196173],[-118.187164,48.198732],[-118.190408,48.208748],[-118.194611,48.211301],[-118.19167,48.214407],[-118.159823,48.233144],[-117.959352,48.225872],[-117.960825,48.145558],[-117.999159,48.144467]]]]},"properties":{"district_id":"WA0005","name":"Cedar Canyon","other_name":"Deer Trail","county":"Stevens","commodity_primary":"","other_commodities":"","discovery":"","production_years":"","production_amount":"","production_unit":"","deposit_type":"","district_link":"https://d92019.eos-intl.net/D92019/OPAC/Details/Record.aspx?BibCode=28452886","production_link":"","citation":"[Washington Geological Survey], [1980], Mining districts of Washington: [Washington Geological Survey], 1 plate, 1 p. text.","notes":""}},
{"type":"Feature","geometry":{"type":"MultiPolygon","coordinates":[[[[-120.133231,47.776235],[-120.133305,47.812839],[-120.136893,47.914961],[-120.139872,47.963947],[-120.04866,47.960634],[-119.872413,47.96057],[-119.87061,47.960461],[-119.867947,47.95839],[-119.86151,47.947039],[-119.860124,47.942917],[-119.860582,47.940646],[-119.863322,47.93737],[-119.869892,47.931952],[-119.881521,47.925261],[-119.882645,47.922875],[-119.889414,47.917251],[-119.905217,47.910286],[-119.912733,47.904343],[-119.915805,47.899851],[-119.915694,47.897146],[-119.913235,47.89101],[-119.909179,47.88434],[-119.90844,47.880114],[-119.915511,47.867033],[-119.920086,47.861745],[-119.924289,47.859899],[-119.930541,47.855588],[-119.956336,47.848096],[-119.960137,47.845923],[-119.962251,47.840844],[-119.963895,47.828178],[-119.97118,47.81545],[-119.975731,47.810861],[-119.978311,47.800867],[-119.982879,47.795127],[-119.98717,47.792202],[-119.991475,47.784902],[-119.994842,47.781481],[-120.001191,47.77925],[-120.010259,47.780238],[-120.015284,47.77886],[-120.021249,47.779233],[-120.027562,47.778178],[-120.068744,47.76698],[-120.087894,47.763004],[-120.096173,47.764178],[-120.09907,47.766859],[-120.107347,47.7708],[-120.11105,47.771564],[-120.117174,47.774818],[-120.127648,47.776576],[-120.133231,47.776235]]]]},"properties":{"district_id":"WA0006","name":"Chelan Butte","other_name":"","county":"Chelan","commodity_primary":"","other_commodities":"","discovery":"","production_years":"","production_amount":"","production_unit":"","deposit_type":"","district_link":"https://d92019.eos-intl.net/D92019/OPAC/Details/Record.aspx?BibCode=28452886","production_link":"","citation":"[Washington Geological Survey], [1980], Mining districts of Washington: [Washington Geological Survey], 1 plate, 1 p. text.","notes":""}},
{"type":"Feature","geometry":{"type":"MultiPolygon","coordinates":[[[[-119.921435,48.498964],[-120.148636,48.497495],[-120.157573,48.752266],[-120.158592,48.999916],[-119.927635,48.999726],[-119.921435,48.498964]]]]},"properties":{"district_id":"WA0007","name":"Chewak","other_name":"","county":"Okanogan","commodity_primary":"","other_commodities":"","discovery":"","production_years":"","production_amount":"","production_unit":"","deposit_type":"","district_link":"https://d92019.eos-intl.net/D92019/OPAC/Details/Record.aspx?BibCode=28452886","production_link":"","citation":"[Washington Geological Survey], [1980], Mining districts of Washington: [Washington Geological Survey], 1 plate, 1 p. text.","notes":""}},
{"type":"Feature","geometry":{"type":"MultiPolygon","coordinates":[[[[-117.500562,48.405219],[-117.502114,48.134902],[-117.960825,48.145558],[-117.958176,48.289848],[-117.952411,48.408911],[-117.500562,48.405219]]]]},"properties":{"district_id":"WA0008","name":"Chewelah","other_name":"","county":"Stevens","commodity_primary":"","other_commodities":"","discovery":"","production_years":"","production_amount":"","production_unit":"","deposit_type":"","district_link":"https://d92019.eos-intl.net/D92019/OPAC/Details/Record.aspx?BibCode=28452886","production_link":"","citation":"[Washington Geological Survey], [1980], Mining districts of Washington: [Washington Geological Survey], 1 plate, 1 p. text.","notes":""}},
{"type":"Feature","geometry":{"type":"MultiPolygon","coordinates":[[[[-120.955255,48.148444],[-120.826881,48.146541],[-120.732908,48.147403],[-120.659432,48.146913],[-120.656685,47.936092],[-120.656248,47.787718],[-121.042926,47.794506],[-121.043222,47.780678],[-121.119192,47.779949],[-121.120711,47.78261],[-121.120326,47.784284],[-121.116439,47.78685],[-121.111725,47.787764],[-121.109417,47.789728],[-121.109368,47.792775],[-121.105176,47.795701],[-121.099899,47.797136],[-121.092585,47.800731],[-121.092395,47.805135],[-121.084714,47.807713],[-121.081754,47.816018],[-121.074524,47.822841],[-121.073378,47.824976],[-121.070699,47.826622],[-121.07053,47.828012],[-121.070886,47.830188],[-121.076694,47.831647],[-121.078047,47.833563],[-121.080236,47.834129],[-121.087692,47.832538],[-121.095823,47.832698],[-121.098087,47.831273],[-121.106947,47.828979],[-121.115646,47.830215],[-121.118821,47.831004],[-121.121253,47.83272],[-121.121291,47.836632],[-121.123732,47.838403],[-121.133426,47.839751],[-121.134357,47.843049],[-121.146919,47.843465],[-121.153526,47.845317],[-121.153245,47.851052],[-121.147244,47.857539],[-121.150993,47.863848],[-121.152336,47.868961],[-121.158278,47.87637],[-121.157035,47.88223],[-121.162959,47.879426],[-121.166811,47.879592],[-121.16956,47.883159],[-121.175205,47.88563],[-121.176279,47.889066],[-121.176675,47.895361],[-121.180638,47.897981],[-121.18052,47.899292],[-121.177339,47.903874],[-121.177362,47.905464],[-121.173694,47.908267],[-121.171281,47.912726],[-121.173696,47.915355],[-121.17877,47.917005],[-121.179528,47.918784],[-121.173607,47.923259],[-121.170502,47.924408],[-121.172758,47.929676],[-121.172801,47.933702],[-121.171153,47.93643],[-121.165963,47.938623],[-121.161934,47.944689],[-121.162014,47.948973],[-121.164983,47.954512],[-121.164838,47.956704],[-121.162966,47.958161],[-121.158134,47.959585],[-121.157522,47.960871],[-121.153248,47.964182],[-121.152059,47.967983],[-121.14857,47.970433],[-121.148771,47.978256],[-121.147296,47.981406],[-121.14116,47.983497],[-121.13595,47.98284],[-121.134898,47.985215],[-121.130587,47.986801],[-121.124822,47.993726],[-121.121309,47.996287],[-121.118198,47.997109],[-121.117738,47.998803],[-121.118989,48.003146],[-121.117949,48.006288],[-121.123036,48.008691],[-121.125444,48.010529],[-121.126415,48.012979],[-121.128717,48.014051],[-121.129694,48.020568],[-121.131114,48.021628],[-121.133959,48.021843],[-121.136027,48.023965],[-121.148209,48.030107],[-121.148982,48.034162],[-121.153373,48.040539],[-121.150289,48.042021],[-121.143151,48.042512],[-121.138284,48.044267],[-121.131645,48.044414],[-121.128998,48.047623],[-121.120444,48.052299],[-121.117528,48.056973],[-121.11599,48.057969],[-121.10986,48.056686],[-121.105212,48.057775],[-121.101611,48.062676],[-121.097044,48.064407],[-121.090159,48.064948],[-121.084634,48.061939],[-121.081397,48.06176],[-121.0721,48.067688],[-121.06702,48.069417],[-121.064608,48.070153],[-121.048647,48.070226],[-121.042474,48.072878],[-121.041261,48.072703],[-121.036232,48.076844],[-121.030135,48.078151],[-121.025171,48.078174],[-121.015956,48.074801],[-121.011175,48.079182],[-121.006715,48.080182],[-121.004682,48.081432],[-120.998837,48.088264],[-120.999377,48.089724],[-120.995543,48.089178],[-120.993018,48.089938],[-120.987347,48.093869],[-120.984772,48.093272],[-120.981325,48.094384],[-120.980464,48.095195],[-120.980413,48.098108],[-120.977801,48.101138],[-120.972223,48.104054],[-120.971411,48.106164],[-120.972496,48.10854],[-120.963756,48.109727],[-120.956177,48.108078],[-120.954783,48.108643],[-120.952962,48.11129],[-120.948771,48.112098],[-120.947115,48.113333],[-120.946326,48.115186],[-120.952643,48.117229],[-120.953456,48.119018],[-120.955406,48.12027],[-120.956747,48.122647],[-120.955738,48.125212],[-120.9583,48.129208],[-120.963144,48.131416],[-120.96523,48.133968],[-120.963764,48.13546],[-120.965633,48.140339],[-120.964431,48.142989],[-120.955255,48.148444]]]]},"properties":{"district_id":"WA0009","name":"Chiwawa","other_name":"","county":"Chelan","commodity_primary":"","other_commodities":"","discovery":"","production_years":"","production_amount":"","production_unit":"","deposit_type":"","district_link":"https://d92019.eos-intl.net/D92019/OPAC/Details/Record.aspx?BibCode=28452886","production_link":"","citation":"[Washington Geological Survey], [1980], Mining districts of Washington: [Washington Geological Survey], 1 plate, 1 p. text.","notes":""}},
{"type":"Feature","geometry":{"type":"MultiPolygon","coordinates":[[[[-120.902593,47.257285],[-121.220804,47.254352],[-121.226042,47.566611],[-121.216867,47.569779],[-121.212879,47.568791],[-121.208553,47.565963],[-121.194716,47.566131],[-121.188476,47.568752],[-121.182693,47.565326],[-121.179863,47.564987],[-121.176686,47.566751],[-121.177034,47.569627],[-121.175175,47.572324],[-121.171746,47.57439],[-121.169861,47.5785],[-121.170017,47.579369],[-121.172172,47.580716],[-121.173,47.58339],[-121.170762,47.58608],[-121.172206,47.590239],[-121.168018,47.590667],[-121.164326,47.592547],[-121.156239,47.593649],[-121.154622,47.595176],[-121.152089,47.595586],[-121.142609,47.591985],[-121.141348,47.592405],[-121.141037,47.594012],[-121.137624,47.595751],[-121.134227,47.595392],[-121.128984,47.593086],[-121.119824,47.591339],[-121.117935,47.596764],[-121.115987,47.597946],[-121.113584,47.597294],[-121.110818,47.594899],[-121.11077,47.593138],[-121.109859,47.592237],[-121.108289,47.592448],[-121.104239,47.589615],[-121.10016,47.590498],[-121.096923,47.589679],[-121.092893,47.586352],[-121.092112,47.585092],[-121.092344,47.581877],[-121.09065,47.580947],[-121.091088,47.579212],[-121.088242,47.576586],[-121.087289,47.574277],[-121.085862,47.574027],[-121.089386,47.571992],[-121.090153,47.56993],[-121.087764,47.566479],[-121.078799,47.559392],[-121.077839,47.555587],[-121.075055,47.550943],[-121.070949,47.550958],[-121.065877,47.548636],[-121.064563,47.547002],[-121.060795,47.545345],[-121.059959,47.543689],[-121.060543,47.541861],[-121.058883,47.542259],[-121.054405,47.538318],[-121.048656,47.535687],[-121.047192,47.534132],[-121.045583,47.535279],[-121.04039,47.535606],[-121.030836,47.531557],[-121.025876,47.528938],[-121.025119,47.525314],[-121.023473,47.523765],[-121.017197,47.521898],[-121.007014,47.521183],[-120.996516,47.518508],[-120.996031,47.515811],[-120.993708,47.514398],[-120.991291,47.511047],[-120.992161,47.508939],[-120.994614,47.507219],[-120.994891,47.504718],[-120.991983,47.502758],[-120.991604,47.501349],[-120.986381,47.496877],[-120.986217,47.495833],[-120.983233,47.492945],[-120.9791,47.490281],[-120.977514,47.490476],[-120.972688,47.488413],[-120.968566,47.48819],[-120.962231,47.484831],[-120.959128,47.484481],[-120.958227,47.483207],[-120.958959,47.481114],[-120.956921,47.479991],[-120.954743,47.477062],[-120.9505,47.475959],[-120.946586,47.472659],[-120.951538,47.467123],[-120.95209,47.463693],[-120.953134,47.462666],[-120.951404,47.461626],[-120.940962,47.459769],[-120.933527,47.459334],[-120.930584,47.457693],[-120.930709,47.453172],[-120.925957,47.449387],[-120.92257,47.448277],[-120.924773,47.443021],[-120.923811,47.441714],[-120.924436,47.439429],[-120.924162,47.433459],[-120.917799,47.429286],[-120.913073,47.428031],[-120.90846,47.425403],[-120.906786,47.425312],[-120.905038,47.426312],[-120.902593,47.257285]]]]},"properties":{"district_id":"WA0010","name":"Cle Elum","other_name":"Fish Lake","county":"Kittitas","commodity_primary":"","other_commodities":"","discovery":"","production_years":"","production_amount":"","production_unit":"","deposit_type":"","district_link":"https://d92019.eos-intl.net/D92019/OPAC/Details/Record.aspx?BibCode=28452886","production_link":"","citation":"[Washington Geological Survey], [1980], Mining districts of Washington: [Washington Geological Survey], 1 plate, 1 p. text.","notes":""}},
{"type":"Feature","geometry":{"type":"MultiPolygon","coordinates":[[[[-117.990907,48.662341],[-117.629271,48.655858],[-117.499989,48.656193],[-117.501107,48.563312],[-117.500562,48.405219],[-117.952411,48.408911],[-117.994062,48.410383],[-117.990907,48.662341]]]]},"properties":{"district_id":"WA0011","name":"Colville","other_name":"","county":"Stevens","commodity_primary":"","other_commodities":"","discovery":"","production_years":"","production_amount":"","production_unit":"","deposit_type":"","district_link":"https://d92019.eos-intl.net/D92019/OPAC/Details/Record.aspx?BibCode=28452886","production_link":"","citation":"[Washington Geological Survey], [1980], Mining districts of Washington: [Washington Geological Survey], 1 plate, 1 p. text.","notes":""}},
{"type":"Feature","geometry":{"type":"MultiPolygon","coordinates":[[[[-119.921435,48.498964],[-119.924559,48.752518],[-119.568463,48.750711],[-119.415872,48.748184],[-119.427859,48.720362],[-119.447691,48.698647],[-119.461749,48.679898],[-119.460939,48.663284],[-119.452066,48.651127],[-119.454646,48.636052],[-119.463007,48.616497],[-119.472456,48.599215],[-119.47519,48.575836],[-119.480064,48.559268],[-119.488345,48.54273],[-119.490996,48.523123],[-119.482155,48.510213],[-119.464231,48.497223],[-119.466934,48.475351],[-119.452597,48.454085],[-119.458601,48.437527],[-119.47718,48.415792],[-119.508947,48.415307],[-119.518161,48.407834],[-119.536511,48.396659],[-119.923101,48.399173],[-119.921435,48.498964]]]]},"properties":{"district_id":"WA0012","name":"Conconully","other_name":"Galena","county":"Okanogan","commodity_primary":"","other_commodities":"","discovery":"","production_years":"","production_amount":"","production_unit":"","deposit_type":"","district_link":"https://d92019.eos-intl.net/D92019/OPAC/Details/Record.aspx?BibCode=28452886","production_link":"","citation":"[Washington Geological Survey], [1980], Mining districts of Washington: [Washington Geological Survey], 1 plate, 1 p. text.","notes":""}},
{"type":"Feature","geometry":{"type":"MultiPolygon","coordinates":[[[[-118.512142,48.482053],[-118.438758,48.480205],[-118.194849,48.47786],[-118.198393,48.475232],[-118.202009,48.47455],[-118.205525,48.472435],[-118.211496,48.464267],[-118.211795,48.458829],[-118.213832,48.454743],[-118.211698,48.45114],[-118.206016,48.444734],[-118.202801,48.436853],[-118.201522,48.424458],[-118.204949,48.417976],[-118.204921,48.413719],[-118.203689,48.409892],[-118.198142,48.401699],[-118.188946,48.390316],[-118.187484,48.385521],[-118.18714,48.379604],[-118.182701,48.373145],[-118.180046,48.355555],[-118.180656,48.3368],[-118.17621,48.326363],[-118.17629,48.320139],[-118.16916,48.31264],[-118.166306,48.305542],[-118.157009,48.299414],[-118.15082,48.282464],[-118.147882,48.277023],[-118.144043,48.274744],[-118.141661,48.27136],[-118.140293,48.267886],[-118.140349,48.264944],[-118.141121,48.26095],[-118.144868,48.253833],[-118.148077,48.244892],[-118.153292,48.238073],[-118.166907,48.228653],[-118.186786,48.217643],[-118.19457,48.211866],[-118.194183,48.210777],[-118.190408,48.208748],[-118.187164,48.198732],[-118.188712,48.196173],[-118.194928,48.193457],[-118.196876,48.189927],[-118.195528,48.17688],[-118.190835,48.15851],[-118.19239,48.151574],[-118.19618,48.144773],[-118.200678,48.140959],[-118.205881,48.138586],[-118.222309,48.137433],[-118.233595,48.134991],[-118.246148,48.13497],[-118.252263,48.132407],[-118.255038,48.129125],[-118.254338,48.122236],[-118.255391,48.116253],[-118.254199,48.113321],[-118.251363,48.111142],[-118.240121,48.106938],[-118.238293,48.105171],[-118.231427,48.090002],[-118.231431,48.086471],[-118.235486,48.078778],[-118.235405,48.075845],[-118.233424,48.070721],[-118.233525,48.064442],[-118.234977,48.060713],[-118.238029,48.057451],[-118.242881,48.055359],[-118.247876,48.05441],[-118.251436,48.055505],[-118.257734,48.059908],[-118.26547,48.058028],[-118.26632,48.055233],[-118.265578,48.049901],[-118.266904,48.046082],[-118.270607,48.041954],[-118.275078,48.040252],[-118.314452,48.040861],[-118.323044,48.043145],[-118.341385,48.049956],[-118.340389,48.091565],[-118.35542,48.103169],[-118.398335,48.122826],[-118.39687,48.15962],[-118.413044,48.178789],[-118.409026,48.208928],[-118.504381,48.264389],[-118.512142,48.482053]]]]},"properties":{"district_id":"WA0013","name":"Covada","other_name":"Meteor","county":"Ferry","commodity_primary":"","other_commodities":"","discovery":"","production_years":"","production_amount":"","production_unit":"","deposit_type":"","district_link":"https://d92019.eos-intl.net/D92019/OPAC/Details/Record.aspx?BibCode=28452886","production_link":"","citation":"[Washington Geological Survey], [1980], Mining districts of Washington: [Washington Geological Survey], 1 plate, 1 p. text.","notes":""}},
{"type":"Feature","geometry":{"type":"MultiPolygon","coordinates":[[[[-118.836628,49.000085],[-118.30449,49.000067],[-118.30307,48.833281],[-118.447639,48.832795],[-118.836925,48.833705],[-118.836628,49.000085]]]]},"properties":{"district_id":"WA0014","name":"Danville","other_name":"","county":"Ferry","commodity_primary":"","other_commodities":"","discovery":"","production_years":"","production_amount":"","production_unit":"","deposit_type":"","district_link":"https://d92019.eos-intl.net/D92019/OPAC/Details/Record.aspx?BibCode=28452886","production_link":"","citation":"[Washington Geological Survey], [1980], Mining districts of Washington: [Washington Geological Survey], 1 plate, 1 p. text.","notes":""}},
{"type":"Feature","geometry":{"type":"MultiPolygon","coordinates":[[[[-121.842823,48.297808],[-121.748433,48.298958],[-121.577592,48.298972],[-121.57758,48.297368],[-121.510611,48.296271],[-121.230093,48.296071],[-121.229179,48.150663],[-121.844094,48.145254],[-121.845692,48.207919],[-121.842823,48.297808]]]]},"properties":{"district_id":"WA0015","name":"Darrington","other_name":"","county":"Snohomish","commodity_primary":"","other_commodities":"","discovery":"","production_years":"","production_amount":"","production_unit":"","deposit_type":"","district_link":"https://d92019.eos-intl.net/D92019/OPAC/Details/Record.aspx?BibCode=28452886","production_link":"","citation":"[Washington Geological Survey], [1980], Mining districts of Washington: [Washington Geological Survey], 1 plate, 1 p. text.","notes":""}},
{"type":"Feature","geometry":{"type":"MultiPolygon","coordinates":[[[[-118.178549,48.661546],[-118.106579,48.659687],[-118.103819,48.6511],[-118.10418,48.644491],[-118.10538,48.641884],[-118.108585,48.639472],[-118.114946,48.638301],[-118.115967,48.634416],[-118.115548,48.631448],[-118.116681,48.630271],[-118.119694,48.630138],[-118.117042,48.623004],[-118.119962,48.619755],[-118.124502,48.616808],[-118.126146,48.613378],[-118.12569,48.611202],[-118.128034,48.607767],[-118.126575,48.594292],[-118.127075,48.590336],[-118.124607,48.586881],[-118.124508,48.585216],[-118.125151,48.583255],[-118.132767,48.574759],[-118.13618,48.569546],[-118.138124,48.563297],[-118.137899,48.559887],[-118.139597,48.553246],[-118.139344,48.551751],[-118.142919,48.546773],[-118.141847,48.542766],[-118.141792,48.53816],[-118.139455,48.531188],[-118.139674,48.528928],[-118.144484,48.523007],[-118.148884,48.520366],[-118.155089,48.520054],[-118.168667,48.522807],[-118.171025,48.522834],[-118.174243,48.521195],[-118.17863,48.516173],[-118.178211,48.514462],[-118.180973,48.504707],[-118.180464,48.498428],[-118.182735,48.493152],[-118.194833,48.477872],[-118.438758,48.480205],[-118.446018,48.65073],[-118.447639,48.832795],[-118.30307,48.833281],[-118.302764,48.781401],[-118.17377,48.77463],[-118.178549,48.661546]]]]},"properties":{"district_id":"WA0016","name":"Deadman Creek","other_name":"","county":"Ferry","commodity_primary":"","other_commodities":"","discovery":"","production_years":"","production_amount":"","production_unit":"","deposit_type":"","district_link":"https://d92019.eos-intl.net/D92019/OPAC/Details/Record.aspx?BibCode=28452886","production_link":"","citation":"[Washington Geological Survey], [1980], Mining districts of Washington: [Washington Geological Survey], 1 plate, 1 p. text.","notes":""}},
{"type":"Feature","geometry":{"type":"MultiPolygon","coordinates":[[[[-118.385114,47.829596],[-118.369397,47.832608],[-118.364044,47.835555],[-118.3585,47.84236],[-118.355714,47.858596],[-118.352444,47.867056],[-118.348414,47.873627],[-118.350098,47.882717],[-118.348789,47.88544],[-118.341328,47.894384],[-118.334505,47.8938],[-118.326736,47.896355],[-118.321725,47.896295],[-118.319722,47.898178],[-118.320973,47.901663],[-118.316452,47.90946],[-118.293793,47.918967],[-118.276824,47.927233],[-118.273042,47.929846],[-118.271878,47.932691],[-118.270013,47.933722],[-118.260881,47.934172],[-118.259992,47.934788],[-118.259252,47.937596],[-118.252707,47.942373],[-118.243966,47.943589],[-118.237841,47.940128],[-118.231273,47.940031],[-118.223963,47.941685],[-118.218048,47.944729],[-118.210628,47.945236],[-118.206258,47.942254],[-118.201876,47.934655],[-118.200045,47.928391],[-118.193706,47.927846],[-118.19025,47.92628],[-118.187602,47.918792],[-118.177324,47.911781],[-118.176627,47.910461],[-118.178705,47.904267],[-118.178523,47.901992],[-118.176533,47.901261],[-118.170039,47.902892],[-118.16684,47.902773],[-118.16022,47.897216],[-118.159632,47.895182],[-118.161826,47.892931],[-118.162494,47.88954],[-118.1606,47.885108],[-118.157319,47.883823],[-118.154398,47.886598],[-118.150848,47.887083],[-118.1453,47.885625],[-118.142672,47.883594],[-118.133913,47.869735],[-118.126139,47.861908],[-118.122909,47.857278],[-118.118955,47.846379],[-118.11857,47.843498],[-118.120051,47.839669],[-118.118912,47.836819],[-118.119259,47.833524],[-118.117232,47.832549],[-118.108269,47.832703],[-118.105498,47.830397],[-118.097145,47.828455],[-118.096729,47.827786],[-118.099214,47.82494],[-118.099273,47.823631],[-118.083635,47.809557],[-118.081078,47.803745],[-118.078196,47.800068],[-118.075482,47.799454],[-118.069795,47.800184],[-118.063495,47.797294],[-118.061516,47.797204],[-118.057652,47.79892],[-118.054633,47.79913],[-118.052604,47.79795],[-118.048167,47.792301],[-118.046811,47.792337],[-118.046204,47.795176],[-118.035968,47.802722],[-118.031547,47.803846],[-118.024273,47.802135],[-118.012877,47.80598],[-118.010279,47.809705],[-118.008733,47.816411],[-118.003457,47.82419],[-117.994708,47.832199],[-117.989071,47.834688],[-117.979672,47.834434],[-117.967577,47.832639],[-117.95687,47.828087],[-117.938753,47.825244],[-117.934605,47.823274],[-117.929024,47.824368],[-117.920875,47.827669],[-117.918727,47.829015],[-117.917094,47.83258],[-117.914444,47.833621],[-117.912918,47.835224],[-117.907217,47.835274],[-117.904734,47.837003],[-117.90186,47.83595],[-117.897003,47.836017],[-117.88632,47.838341],[-117.884036,47.841618],[-117.884099,47.844425],[-117.88325,47.846085],[-117.881488,47.847496],[-117.879776,47.847752],[-117.859072,47.843012],[-117.853633,47.839378],[-117.845882,47.837082],[-117.841531,47.836797],[-117.839972,47.838046],[-117.837921,47.835636],[-117.828319,47.833324],[-117.820961,47.825782],[-117.820116,47.701609],[-118.140028,47.703383],[-118.453348,47.710113],[-118.441751,47.84394],[-118.432032,47.840029],[-118.422384,47.838102],[-118.416791,47.835213],[-118.39583,47.83067],[-118.385114,47.829596]]]]},"properties":{"district_id":"WA0017","name":"Egypt","other_name":"","county":"Lincoln","commodity_primary":"","other_commodities":"","discovery":"","production_years":"","production_amount":"","production_unit":"","deposit_type":"","district_link":"https://d92019.eos-intl.net/D92019/OPAC/Details/Record.aspx?BibCode=28452886","production_link":"","citation":"[Washington Geological Survey], [1980], Mining districts of Washington: [Washington Geological Survey], 1 plate, 1 p. text.","notes":""}},
{"type":"Feature","geometry":{"type":"MultiPolygon","coordinates":[[[[-120.04866,47.960647],[-120.139872,47.963947],[-120.136227,47.896036],[-120.133281,47.80134],[-120.133231,47.776235],[-120.145698,47.773519],[-120.159721,47.768206],[-120.19054,47.759938],[-120.20098,47.754683],[-120.208786,47.749258],[-120.217155,47.739161],[-120.219682,47.734685],[-120.222254,47.727525],[-120.222577,47.72146],[-120.221025,47.718343],[-120.21569,47.713983],[-120.21225,47.708138],[-120.20483,47.701282],[-120.199555,47.68686],[-120.19928,47.682786],[-120.204394,47.67215],[-120.217297,47.663362],[-120.220774,47.656903],[-120.22137,47.649976],[-120.223848,47.648057],[-120.226861,47.647827],[-120.228557,47.646059],[-120.23703,47.631688],[-120.238045,47.626254],[-120.237419,47.623996],[-120.315454,47.624526],[-120.525041,47.619833],[-120.526672,47.789239],[-120.656248,47.787718],[-120.656685,47.936092],[-120.659432,48.146913],[-120.518368,48.147019],[-120.492331,48.147659],[-120.348593,48.14429],[-120.341613,48.142942],[-120.333839,48.138844],[-120.328856,48.133364],[-120.32634,48.131821],[-120.326974,48.129045],[-120.319624,48.12443],[-120.316544,48.124526],[-120.309632,48.126992],[-120.3013,48.127239],[-120.298628,48.129734],[-120.291454,48.129731],[-120.287597,48.124637],[-120.280422,48.123636],[-120.278619,48.121477],[-120.27349,48.118775],[-120.272222,48.115575],[-120.268153,48.113311],[-120.265828,48.110776],[-120.258712,48.110542],[-120.255706,48.106619],[-120.252223,48.105108],[-120.250701,48.10319],[-120.24448,48.101024],[-120.24148,48.097102],[-120.235755,48.093903],[-120.234764,48.088671],[-120.229213,48.088561],[-120.223707,48.083906],[-120.218905,48.084519],[-120.216309,48.081263],[-120.213075,48.07905],[-120.202911,48.077168],[-120.197102,48.076891],[-120.186486,48.07843],[-120.184171,48.077148],[-120.183013,48.07388],[-120.170275,48.069715],[-120.166866,48.069548],[-120.16381,48.068058],[-120.158917,48.069069],[-120.155766,48.065703],[-120.150031,48.06614],[-120.148753,48.064695],[-120.146612,48.065457],[-120.143437,48.06523],[-120.141514,48.061583],[-120.132859,48.057222],[-120.131684,48.054593],[-120.135017,48.052449],[-120.139778,48.054201],[-120.147376,48.053133],[-120.149023,48.052239],[-120.147206,48.048968],[-120.150123,48.046513],[-120.150121,48.044504],[-120.146755,48.042778],[-120.146406,48.037349],[-120.134419,48.033287],[-120.121804,48.032188],[-120.11946,48.02702],[-120.102271,48.021407],[-120.095395,48.020676],[-120.090187,48.018011],[-120.087136,48.01346],[-120.082845,48.010678],[-120.081847,48.006229],[-120.082443,48.004901],[-120.080115,48.003725],[-120.078086,47.99979],[-120.080076,47.998594],[-120.07987,47.99671],[-120.081067,47.993035],[-120.068379,47.9833],[-120.063799,47.981471],[-120.063064,47.978813],[-120.065033,47.977112],[-120.065736,47.975043],[-120.069597,47.971549],[-120.070107,47.96837],[-120.066425,47.966355],[-120.061231,47.966504],[-120.05469,47.962026],[-120.051358,47.962011],[-120.04866,47.960647]]]]},"properties":{"district_id":"WA0018","name":"Entiat","other_name":"","county":"Chelan","commodity_primary":"","other_commodities":"","discovery":"","production_years":"","production_amount":"","production_unit":"","deposit_type":"","district_link":"https://d92019.eos-intl.net/D92019/OPAC/Details/Record.aspx?BibCode=28452886","production_link":"","citation":"[Washington Geological Survey], [1980], Mining districts of Washington: [Washington Geological Survey], 1 plate, 1 p. text.","notes":""}},
{"type":"Feature","geometry":{"type":"MultiPolygon","coordinates":[[[[-121.153354,48.040568],[-121.224261,48.040921],[-121.229179,48.150663],[-121.230093,48.296071],[-121.001672,48.296014],[-121.0007,48.294487],[-121.000663,48.290539],[-121.002995,48.286896],[-121.002516,48.286266],[-121.01156,48.283503],[-121.012108,48.279915],[-121.011278,48.278197],[-121.00612,48.2743],[-121.004503,48.273908],[-121.005717,48.272214],[-121.004676,48.271162],[-121.005653,48.270089],[-120.999932,48.262947],[-120.995158,48.260398],[-120.990426,48.255635],[-120.982506,48.251347],[-120.981251,48.246664],[-120.974379,48.238765],[-120.973152,48.235304],[-120.96503,48.230654],[-120.962746,48.230173],[-120.959862,48.227775],[-120.962095,48.225001],[-120.961872,48.223729],[-120.963601,48.220096],[-120.965763,48.217792],[-120.964784,48.211334],[-120.96095,48.209902],[-120.958743,48.210306],[-120.95232,48.209119],[-120.94704,48.201054],[-120.935335,48.198271],[-120.932676,48.197144],[-120.925553,48.191782],[-120.921367,48.191547],[-120.919286,48.190394],[-120.920603,48.187317],[-120.917376,48.179761],[-120.910558,48.173597],[-120.909835,48.170154],[-120.907414,48.165631],[-120.907431,48.163187],[-120.91277,48.161745],[-120.915258,48.159689],[-120.931959,48.161627],[-120.934268,48.15951],[-120.93323,48.156777],[-120.93829,48.155074],[-120.948436,48.155037],[-120.955581,48.151987],[-120.955255,48.148444],[-120.955968,48.147705],[-120.964431,48.142989],[-120.965633,48.140339],[-120.963764,48.13546],[-120.96523,48.133968],[-120.963144,48.131416],[-120.9583,48.129208],[-120.955738,48.125212],[-120.956747,48.122647],[-120.955406,48.12027],[-120.953456,48.119018],[-120.952643,48.117229],[-120.946326,48.115186],[-120.947115,48.113333],[-120.948771,48.112098],[-120.952962,48.11129],[-120.954783,48.108643],[-120.956177,48.108078],[-120.963756,48.109727],[-120.972496,48.10854],[-120.971411,48.106164],[-120.972223,48.104054],[-120.977801,48.101138],[-120.980413,48.098108],[-120.980464,48.095195],[-120.981325,48.094384],[-120.984772,48.093272],[-120.987347,48.093869],[-120.993018,48.089938],[-120.995543,48.089178],[-120.999377,48.089724],[-120.998837,48.088264],[-121.004682,48.081432],[-121.006715,48.080182],[-121.011175,48.079182],[-121.015956,48.074801],[-121.025171,48.078174],[-121.030135,48.078151],[-121.036232,48.076844],[-121.041261,48.072703],[-121.042474,48.072878],[-121.048647,48.070226],[-121.064608,48.070153],[-121.06702,48.069417],[-121.0721,48.067688],[-121.081397,48.06176],[-121.084634,48.061939],[-121.090159,48.064948],[-121.097044,48.064407],[-121.101611,48.062676],[-121.105212,48.057775],[-121.10986,48.056686],[-121.11599,48.057969],[-121.117528,48.056973],[-121.120444,48.052299],[-121.128998,48.047623],[-121.131645,48.044414],[-121.138284,48.044267],[-121.143151,48.042512],[-121.150289,48.042021],[-121.153354,48.040568]]]]},"properties":{"district_id":"WA0019","name":"Glacier Peak","other_name":"","county":"Snohomish","commodity_primary":"","other_commodities":"","discovery":"","production_years":"","production_amount":"","production_unit":"","deposit_type":"","district_link":"https://d92019.eos-intl.net/D92019/OPAC/Details/Record.aspx?BibCode=28452886","production_link":"","citation":"[Washington Geological Survey], [1980], Mining districts of Washington: [Washington Geological Survey], 1 plate, 1 p. text.","notes":""}},
{"type":"Feature","geometry":{"type":"MultiPolygon","coordinates":[[[[-122.08965,48.204885],[-121.845692,48.207919],[-121.841465,48.041814],[-122.085738,48.037263],[-122.08965,48.204885]]]]},"properties":{"district_id":"WA0020","name":"Granite Falls","other_name":"","county":"Snohomish","commodity_primary":"","other_commodities":"","discovery":"","production_years":"","production_amount":"","production_unit":"","deposit_type":"","district_link":"https://d92019.eos-intl.net/D92019/OPAC/Details/Record.aspx?BibCode=28452886","production_link":"","citation":"[Washington Geological Survey], [1980], Mining districts of Washington: [Washington Geological Survey], 1 plate, 1 p. text.","notes":""}},
{"type":"Feature","geometry":{"type":"MultiPolygon","coordinates":[[[[-122.23269,48.558515],[-121.710252,48.561446],[-121.704405,48.384543],[-122.225123,48.382821],[-122.23269,48.558515]]]]},"properties":{"district_id":"WA0021","name":"Hamilton","other_name":"","county":"Skagit","commodity_primary":"","other_commodities":"","discovery":"","production_years":"","production_amount":"","production_unit":"","deposit_type":"","district_link":"https://d92019.eos-intl.net/D92019/OPAC/Details/Record.aspx?BibCode=28452886","production_link":"","citation":"[Washington Geological Survey], [1980], Mining districts of Washington: [Washington Geological Survey], 1 plate, 1 p. text.","notes":""}},
{"type":"Feature","geometry":{"type":"MultiPolygon","coordinates":[[[[-120.158592,48.999916],[-120.157681,48.75438],[-120.735759,48.750346],[-120.736434,48.764948],[-120.725714,48.773605],[-120.733648,48.783125],[-120.735442,48.786493],[-120.734045,48.792499],[-120.737258,48.795839],[-120.737033,48.797733],[-120.73585,48.799071],[-120.736202,48.801502],[-120.735359,48.803764],[-120.74207,48.811308],[-120.742507,48.820911],[-120.742414,48.822075],[-120.737395,48.825679],[-120.737655,48.828368],[-120.735299,48.831451],[-120.735821,48.834848],[-120.739813,48.841387],[-120.740295,48.84345],[-120.736677,48.84448],[-120.731765,48.853285],[-120.730732,48.853837],[-120.732239,48.855861],[-120.736069,48.858171],[-120.735295,48.86438],[-120.737857,48.864255],[-120.743521,48.866351],[-120.748271,48.866854],[-120.757113,48.871536],[-120.762357,48.873018],[-120.764251,48.87545],[-120.767942,48.87744],[-120.770238,48.881832],[-120.769014,48.884255],[-120.763134,48.888551],[-120.766225,48.893167],[-120.762719,48.899524],[-120.766509,48.900715],[-120.77098,48.904299],[-120.772147,48.906711],[-120.771436,48.908334],[-120.767896,48.911431],[-120.77197,48.916681],[-120.771311,48.920152],[-120.772391,48.924207],[-120.772067,48.926512],[-120.758963,48.929674],[-120.755271,48.932248],[-120.754062,48.936268],[-120.756242,48.942919],[-120.769961,48.955333],[-120.774901,48.956793],[-120.787192,48.957737],[-120.793071,48.95957],[-120.798259,48.959473],[-120.801114,48.958725],[-120.800426,48.955962],[-120.801061,48.953632],[-120.806383,48.951712],[-120.815113,48.950641],[-120.813827,48.947204],[-120.814195,48.945969],[-120.819068,48.944325],[-120.820109,48.941149],[-120.829716,48.938157],[-120.832946,48.938528],[-120.835451,48.939313],[-120.840219,48.949986],[-120.843496,48.951429],[-120.850144,48.956389],[-120.851837,48.955833],[-120.856878,48.956695],[-120.859911,48.958002],[-120.861602,48.960228],[-120.870955,48.961819],[-120.879679,48.966036],[-120.882589,48.968529],[-120.880604,48.970821],[-120.881289,48.972984],[-120.885655,48.975218],[-120.882079,48.977953],[-120.864065,48.98054],[-120.862107,48.982013],[-120.861377,48.98465],[-120.85828,48.986373],[-120.85123,48.993836],[-120.85287,48.994702],[-120.85535,48.998051],[-120.851556,49.000307],[-120.158592,48.999916]]]]},"properties":{"district_id":"WA0022","name":"Hidden Lakes","other_name":"","county":"Okanogan","commodity_primary":"","other_commodities":"","discovery":"","production_years":"","production_amount":"","production_unit":"","deposit_type":"","district_link":"https://d92019.eos-intl.net/D92019/OPAC/Details/Record.aspx?BibCode=28452886","production_link":"","citation":"[Washington Geological Survey], [1980], Mining districts of Washington: [Washington Geological Survey], 1 plate, 1 p. text.","notes":""}},
{"type":"Feature","geometry":{"type":"MultiPolygon","coordinates":[[[[-121.119192,47.779941],[-121.195641,47.780107],[-121.195687,47.77915],[-121.455549,47.780582],[-121.45556,47.778432],[-121.606312,47.77701],[-121.71264,47.777338],[-121.715161,47.936691],[-121.546579,47.93756],[-121.544532,47.890749],[-121.175396,47.88605],[-121.168238,47.882185],[-121.166459,47.879436],[-121.162959,47.879426],[-121.157104,47.882286],[-121.158278,47.87637],[-121.152336,47.868961],[-121.150993,47.863848],[-121.147244,47.857539],[-121.153245,47.851052],[-121.153526,47.845317],[-121.146919,47.843465],[-121.134357,47.843049],[-121.133426,47.839751],[-121.123732,47.838403],[-121.121291,47.836632],[-121.121253,47.83272],[-121.118821,47.831004],[-121.1119,47.829465],[-121.106947,47.828979],[-121.098087,47.831273],[-121.095823,47.832698],[-121.087692,47.832538],[-121.080236,47.834129],[-121.078047,47.833563],[-121.076694,47.831647],[-121.070886,47.830188],[-121.070699,47.826622],[-121.073378,47.824976],[-121.074524,47.822841],[-121.081754,47.816018],[-121.084714,47.807713],[-121.092395,47.805135],[-121.092585,47.800731],[-121.099899,47.797136],[-121.105176,47.795701],[-121.109368,47.792775],[-121.109417,47.789728],[-121.111725,47.787764],[-121.116439,47.78685],[-121.120326,47.784284],[-121.120711,47.78261],[-121.119192,47.779941]]]]},"properties":{"district_id":"WA0023","name":"Index","other_name":"","county":"Snohomish","commodity_primary":"","other_commodities":"","discovery":"","production_years":"","production_amount":"","production_unit":"","deposit_type":"","district_link":"https://d92019.eos-intl.net/D92019/OPAC/Details/Record.aspx?BibCode=28452886","production_link":"","citation":"[Washington Geological Survey], [1980], Mining districts of Washington: [Washington Geological Survey], 1 plate, 1 p. text.","notes":""}},
{"type":"Feature","geometry":{"type":"MultiPolygon","coordinates":[[[[-121.119192,47.779949],[-121.043222,47.780678],[-121.042926,47.794506],[-120.656248,47.787718],[-120.526672,47.789239],[-120.525041,47.619833],[-120.909965,47.614324],[-120.905038,47.426312],[-120.908369,47.425372],[-120.913073,47.428031],[-120.917799,47.429286],[-120.924162,47.433459],[-120.924436,47.439429],[-120.923811,47.441714],[-120.924773,47.443021],[-120.92257,47.448277],[-120.925957,47.449387],[-120.930709,47.453172],[-120.930647,47.457749],[-120.933527,47.459334],[-120.940962,47.459769],[-120.951404,47.461626],[-120.953134,47.462666],[-120.95209,47.463693],[-120.951538,47.467123],[-120.94651,47.47254],[-120.9505,47.475959],[-120.954743,47.477062],[-120.956921,47.479991],[-120.958959,47.481114],[-120.958227,47.483207],[-120.959076,47.484444],[-120.962319,47.484865],[-120.968566,47.48819],[-120.972688,47.488413],[-120.980942,47.491274],[-120.991604,47.501349],[-120.991983,47.502758],[-120.994789,47.504591],[-120.994614,47.507219],[-120.992161,47.508939],[-120.991291,47.511047],[-120.993708,47.514398],[-120.996031,47.515811],[-120.996516,47.518508],[-121.007014,47.521183],[-121.017197,47.521898],[-121.023473,47.523765],[-121.025119,47.525314],[-121.025876,47.528938],[-121.030836,47.531557],[-121.04039,47.535606],[-121.045583,47.535279],[-121.047192,47.534132],[-121.048656,47.535687],[-121.054405,47.538318],[-121.058883,47.542259],[-121.060543,47.541861],[-121.059959,47.543689],[-121.060795,47.545345],[-121.064563,47.547002],[-121.065877,47.548636],[-121.070949,47.550958],[-121.075055,47.550943],[-121.077839,47.555587],[-121.078799,47.559392],[-121.087764,47.566479],[-121.090153,47.56993],[-121.089386,47.571992],[-121.085862,47.574027],[-121.087289,47.574277],[-121.088242,47.576586],[-121.091088,47.579212],[-121.09065,47.580947],[-121.092344,47.581877],[-121.092112,47.585092],[-121.092893,47.586352],[-121.096923,47.589679],[-121.10016,47.590498],[-121.104239,47.589615],[-121.108289,47.592448],[-121.109859,47.592237],[-121.11077,47.593138],[-121.110818,47.594899],[-121.113639,47.597232],[-121.111177,47.599592],[-121.111448,47.60176],[-121.113131,47.603439],[-121.115877,47.604434],[-121.117924,47.607213],[-121.120305,47.612897],[-121.12008,47.61568],[-121.113303,47.618462],[-121.113742,47.621626],[-121.11755,47.624856],[-121.118781,47.626985],[-121.124627,47.62735],[-121.125281,47.628133],[-121.126787,47.631431],[-121.127882,47.632107],[-121.125986,47.637409],[-121.1287,47.639839],[-121.131339,47.644478],[-121.133711,47.64561],[-121.132538,47.648241],[-121.132745,47.649808],[-121.131024,47.653128],[-121.131899,47.65567],[-121.128583,47.655708],[-121.12565,47.657165],[-121.124696,47.659209],[-121.12483,47.661341],[-121.123834,47.661709],[-121.123193,47.663332],[-121.127418,47.671211],[-121.128929,47.672161],[-121.128838,47.676187],[-121.123693,47.680214],[-121.122756,47.683912],[-121.121598,47.685219],[-121.118968,47.685321],[-121.114133,47.686998],[-121.112633,47.686633],[-121.108294,47.689082],[-121.105527,47.688821],[-121.094608,47.695056],[-121.090901,47.699073],[-121.091444,47.701325],[-121.090303,47.70284],[-121.079386,47.70197],[-121.077355,47.703574],[-121.067132,47.706278],[-121.06596,47.709285],[-121.06602,47.713608],[-121.06998,47.717835],[-121.078274,47.720016],[-121.083963,47.723074],[-121.087362,47.728634],[-121.084794,47.729916],[-121.08496,47.732303],[-121.081539,47.734474],[-121.080784,47.737034],[-121.079009,47.739199],[-121.082142,47.743031],[-121.087074,47.744537],[-121.089929,47.746328],[-121.094033,47.75819],[-121.098814,47.759111],[-121.101292,47.757146],[-121.106474,47.756812],[-121.11052,47.757833],[-121.11052,47.761603],[-121.107718,47.766689],[-121.109229,47.766766],[-121.113925,47.770253],[-121.114295,47.771694],[-121.119498,47.775844],[-121.118713,47.778019],[-121.119192,47.779949]]]]},"properties":{"district_id":"WA0024","name":"Leavenworth","other_name":"","county":"Chelan","commodity_primary":"","other_commodities":"","discovery":"","production_years":"","production_amount":"","production_unit":"","deposit_type":"","district_link":"https://d92019.eos-intl.net/D92019/OPAC/Details/Record.aspx?BibCode=28452886","production_link":"","citation":"[Washington Geological Survey], [1980], Mining districts of Washington: [Washington Geological Survey], 1 plate, 1 p. text.","notes":""}},
{"type":"Feature","geometry":{"type":"MultiPolygon","coordinates":[[[[-117.437726,48.133329],[-117.437006,48.047218],[-117.537081,48.047927],[-117.533828,47.79519],[-117.536108,47.795634],[-117.538577,47.797619],[-117.553273,47.801735],[-117.567851,47.800671],[-117.571922,47.796149],[-117.57151,47.794637],[-117.575816,47.793528],[-117.58143,47.79374],[-117.588335,47.795557],[-117.600133,47.803025],[-117.611327,47.81515],[-117.615027,47.817785],[-117.616436,47.819479],[-117.619157,47.827784],[-117.625188,47.829363],[-117.630079,47.834231],[-117.632523,47.83513],[-117.640802,47.836019],[-117.651125,47.834726],[-117.655971,47.838906],[-117.656796,47.840947],[-117.660901,47.84364],[-117.664261,47.850205],[-117.664209,47.858595],[-117.667597,47.863756],[-117.667475,47.870201],[-117.66604,47.874585],[-117.666102,47.8792],[-117.667412,47.88218],[-117.672769,47.888675],[-117.678247,47.888849],[-117.692221,47.883427],[-117.697545,47.874819],[-117.699967,47.989764],[-117.701549,48.139755],[-117.437726,48.133329]]]]},"properties":{"district_id":"WA0025","name":"Loon Lake","other_name":"","county":"Stevens","commodity_primary":"","other_commodities":"","discovery":"","production_years":"","production_amount":"","production_unit":"","deposit_type":"","district_link":"https://d92019.eos-intl.net/D92019/OPAC/Details/Record.aspx?BibCode=28452886","production_link":"","citation":"[Washington Geological Survey], [1980], Mining districts of Washington: [Washington Geological Survey], 1 plate, 1 p. text.","notes":""}},
{"type":"Feature","geometry":{"type":"MultiPolygon","coordinates":[[[[-119.889224,48.056337],[-119.889795,48.071081],[-119.881126,48.398961],[-119.536511,48.396659],[-119.575679,48.361483],[-119.602834,48.323487],[-119.630944,48.308292],[-119.651389,48.30391],[-119.669638,48.294978],[-119.692395,48.28683],[-119.705326,48.280116],[-119.725492,48.267419],[-119.729072,48.254606],[-119.729282,48.24026],[-119.711514,48.218999],[-119.684666,48.201449],[-119.665931,48.171867],[-119.661656,48.156734],[-119.672454,48.135513],[-119.6905,48.106624],[-119.703202,48.10481],[-119.718596,48.099972],[-119.730014,48.09924],[-119.739515,48.099735],[-119.745455,48.10222],[-119.751251,48.103244],[-119.766582,48.104759],[-119.774608,48.104219],[-119.776356,48.10282],[-119.776454,48.101556],[-119.7742,48.095348],[-119.774323,48.092784],[-119.776067,48.089697],[-119.779569,48.087416],[-119.78989,48.085726],[-119.807244,48.086786],[-119.813317,48.086294],[-119.825854,48.079837],[-119.838786,48.078251],[-119.84984,48.074809],[-119.863713,48.066108],[-119.884031,48.059086],[-119.889224,48.056337]]]]},"properties":{"district_id":"WA0026","name":"Malott","other_name":"","county":"Okanogan","commodity_primary":"","other_commodities":"","discovery":"","production_years":"","production_amount":"","production_unit":"","deposit_type":"","district_link":"https://d92019.eos-intl.net/D92019/OPAC/Details/Record.aspx?BibCode=28452886","production_link":"","citation":"[Washington Geological Survey], [1980], Mining districts of Washington: [Washington Geological Survey], 1 plate, 1 p. text.","notes":""}},
{"type":"Feature","geometry":{"type":"MultiPolygon","coordinates":[[[[-120.148636,48.497495],[-120.423151,48.494908],[-120.628425,48.496902],[-120.630021,48.499507],[-120.64061,48.502374],[-120.647698,48.50523],[-120.656452,48.506819],[-120.657215,48.507316],[-120.657272,48.50889],[-120.655765,48.511753],[-120.657847,48.515574],[-120.656635,48.517429],[-120.656651,48.521103],[-120.655778,48.522592],[-120.649029,48.526924],[-120.649008,48.532857],[-120.650784,48.534467],[-120.651325,48.536221],[-120.654538,48.537205],[-120.652936,48.541643],[-120.652272,48.548296],[-120.653198,48.553586],[-120.657984,48.554638],[-120.662784,48.560527],[-120.670087,48.564901],[-120.678299,48.568669],[-120.686746,48.570897],[-120.688747,48.572858],[-120.68853,48.575711],[-120.692816,48.577519],[-120.6927,48.645655],[-120.686872,48.658639],[-120.6776,48.667736],[-120.664413,48.678783],[-120.65465,48.690149],[-120.65912,48.709929],[-120.670899,48.715102],[-120.691989,48.718638],[-120.717491,48.721514],[-120.729295,48.730573],[-120.731797,48.741921],[-120.735759,48.750346],[-120.157681,48.75438],[-120.155562,48.712841],[-120.148636,48.497495]]]]},"properties":{"district_id":"WA0027","name":"Mazama","other_name":"","county":"Okanogan","commodity_primary":"","other_commodities":"","discovery":"","production_years":"","production_amount":"","production_unit":"","deposit_type":"","district_link":"https://d92019.eos-intl.net/D92019/OPAC/Details/Record.aspx?BibCode=28452886","production_link":"","citation":"[Washington Geological Survey], [1980], Mining districts of Washington: [Washington Geological Survey], 1 plate, 1 p. text.","notes":""}},
{"type":"Feature","geometry":{"type":"MultiPolygon","coordinates":[[[[-120.558524,48.313836],[-120.556957,48.312395],[-120.552898,48.311196],[-120.547216,48.306719],[-120.527328,48.306603],[-120.519114,48.311354],[-120.515223,48.312213],[-120.51231,48.312051],[-120.508227,48.31035],[-120.503986,48.302387],[-120.498841,48.295079],[-120.494289,48.292824],[-120.488632,48.287407],[-120.482354,48.284018],[-120.476361,48.278369],[-120.4645,48.274907],[-120.463175,48.272543],[-120.467737,48.270595],[-120.469138,48.268986],[-120.465578,48.267012],[-120.461372,48.266518],[-120.451166,48.26099],[-120.446219,48.259942],[-120.442719,48.260207],[-120.438788,48.258024],[-120.429736,48.254927],[-120.428952,48.252978],[-120.423153,48.250091],[-120.412261,48.248278],[-120.403736,48.244749],[-120.392304,48.2427],[-120.38692,48.238057],[-120.384967,48.233173],[-120.391427,48.228802],[-120.390076,48.22623],[-120.386568,48.225306],[-120.384297,48.220943],[-120.382915,48.219857],[-120.378702,48.218309],[-120.373509,48.217802],[-120.362262,48.218676],[-120.360085,48.219591],[-120.357418,48.219429],[-120.355557,48.218428],[-120.35398,48.216928],[-120.354226,48.213389],[-120.347933,48.205217],[-120.346299,48.199992],[-120.347204,48.197716],[-120.350791,48.193205],[-120.351911,48.187276],[-120.353193,48.184958],[-120.355624,48.183245],[-120.356935,48.179557],[-120.356734,48.176151],[-120.361019,48.172514],[-120.362278,48.164758],[-120.361302,48.157575],[-120.354305,48.155359],[-120.353275,48.153955],[-120.353506,48.151147],[-120.352575,48.148328],[-120.348593,48.14429],[-120.492331,48.147659],[-120.495911,48.152296],[-120.496705,48.154686],[-120.514765,48.161457],[-120.51814,48.165705],[-120.520922,48.173008],[-120.542248,48.198064],[-120.564862,48.210293],[-120.572875,48.211436],[-120.587189,48.215825],[-120.599508,48.223274],[-120.607828,48.233211],[-120.614464,48.25711],[-120.615625,48.263994],[-120.621086,48.272403],[-120.630859,48.285779],[-120.636317,48.291128],[-120.64121,48.298963],[-120.650115,48.306027],[-120.659603,48.315385],[-120.558524,48.313836]]]]},"properties":{"district_id":"WA0028","name":"Meadow Creek","other_name":"Chelan","county":"Chelan","commodity_primary":"","other_commodities":"","discovery":"","production_years":"","production_amount":"","production_unit":"","deposit_type":"","district_link":"https://d92019.eos-intl.net/D92019/OPAC/Details/Record.aspx?BibCode=28452886","production_link":"","citation":"[Washington Geological Survey], [1980], Mining districts of Washington: [Washington Geological Survey], 1 plate, 1 p. text.","notes":""}},
{"type":"Feature","geometry":{"type":"MultiPolygon","coordinates":[[[[-117.429982,49.000475],[-117.032436,48.999203],[-117.032117,48.815671],[-117.0343,48.655343],[-117.213956,48.658156],[-117.629271,48.655858],[-117.629435,48.742641],[-117.563825,48.742967],[-117.563874,48.836677],[-117.49851,48.836906],[-117.498971,48.923165],[-117.430391,48.923174],[-117.429982,49.000475]]]]},"properties":{"district_id":"WA0029","name":"Metaline","other_name":"","county":"Pend Oreille","commodity_primary":"","other_commodities":"","discovery":"","production_years":"","production_amount":"","production_unit":"","deposit_type":"","district_link":"https://d92019.eos-intl.net/D92019/OPAC/Details/Record.aspx?BibCode=28452886","production_link":"","citation":"[Washington Geological Survey], [1980], Mining districts of Washington: [Washington Geological Survey], 1 plate, 1 p. text.","notes":""}},
{"type":"Feature","geometry":{"type":"MultiPolygon","coordinates":[[[[-119.883621,48.305035],[-119.889569,48.079692],[-119.889224,48.056337],[-119.892055,48.054534],[-119.895586,48.050162],[-119.893553,48.044682],[-119.885435,48.034955],[-119.883547,48.031671],[-119.875656,48.023589],[-119.870505,48.019585],[-119.869091,48.017407],[-119.867317,48.007876],[-119.869013,48.000446],[-119.872651,47.993127],[-119.880554,47.986984],[-119.882281,47.983092],[-119.882729,47.97829],[-119.884355,47.973494],[-119.881328,47.968698],[-119.87061,47.960461],[-120.04866,47.960634],[-120.051358,47.962011],[-120.05469,47.962026],[-120.061231,47.966504],[-120.066425,47.966355],[-120.070107,47.96837],[-120.069597,47.971549],[-120.065736,47.975043],[-120.065033,47.977112],[-120.063064,47.978813],[-120.063799,47.981471],[-120.068379,47.9833],[-120.081067,47.993035],[-120.07987,47.99671],[-120.080076,47.998594],[-120.078086,47.99979],[-120.080115,48.003725],[-120.082443,48.004901],[-120.081847,48.006229],[-120.082845,48.010678],[-120.087136,48.01346],[-120.090187,48.018011],[-120.095395,48.020676],[-120.102271,48.021407],[-120.11946,48.02702],[-120.121804,48.032188],[-120.134419,48.033287],[-120.146406,48.037349],[-120.146755,48.042778],[-120.150121,48.044504],[-120.150123,48.046513],[-120.147206,48.048968],[-120.149023,48.052239],[-120.147376,48.053133],[-120.139778,48.054201],[-120.135017,48.052449],[-120.131684,48.054593],[-120.132859,48.057222],[-120.141514,48.061583],[-120.143437,48.06523],[-120.146612,48.065457],[-120.148753,48.064695],[-120.150031,48.06614],[-120.155766,48.065703],[-120.158917,48.069069],[-120.16381,48.068058],[-120.166866,48.069548],[-120.170275,48.069715],[-120.183013,48.07388],[-120.184171,48.077148],[-120.186486,48.07843],[-120.197102,48.076891],[-120.202911,48.077168],[-120.213075,48.07905],[-120.216309,48.081263],[-120.218905,48.084519],[-120.223707,48.083906],[-120.229213,48.088561],[-120.234764,48.088671],[-120.235755,48.093903],[-120.24148,48.097102],[-120.24448,48.101024],[-120.250701,48.10319],[-120.252223,48.105108],[-120.255706,48.106619],[-120.258712,48.110542],[-120.265828,48.110776],[-120.268153,48.113311],[-120.272222,48.115575],[-120.27349,48.118775],[-120.278619,48.121477],[-120.280117,48.123453],[-120.285406,48.123859],[-120.288264,48.125112],[-120.291055,48.129584],[-120.298628,48.129734],[-120.3013,48.127239],[-120.309632,48.126992],[-120.316544,48.124526],[-120.319624,48.12443],[-120.326974,48.129045],[-120.32634,48.131821],[-120.328856,48.133364],[-120.333839,48.138844],[-120.341613,48.142942],[-120.348593,48.14429],[-120.352575,48.148328],[-120.353506,48.151147],[-120.353275,48.153955],[-120.354305,48.155359],[-120.361302,48.157575],[-120.362278,48.164758],[-120.361019,48.172514],[-120.356734,48.176151],[-120.356935,48.179557],[-120.355624,48.183245],[-120.353193,48.184958],[-120.351911,48.187276],[-120.350791,48.193205],[-120.347204,48.197716],[-120.346299,48.199992],[-120.347933,48.205217],[-120.354226,48.213389],[-120.35398,48.216928],[-120.357418,48.219429],[-120.373509,48.217802],[-120.378702,48.218309],[-120.382915,48.219857],[-120.384297,48.220943],[-120.386568,48.225306],[-120.390076,48.22623],[-120.391427,48.228802],[-120.384967,48.233173],[-120.38692,48.238057],[-120.392304,48.2427],[-120.403736,48.244749],[-120.412261,48.248278],[-120.423153,48.250091],[-120.428952,48.252978],[-120.429736,48.254927],[-120.438788,48.258024],[-120.442719,48.260207],[-120.446219,48.259942],[-120.451166,48.26099],[-120.461372,48.266518],[-120.465578,48.267012],[-120.469138,48.268986],[-120.467737,48.270595],[-120.463175,48.272543],[-120.4645,48.274907],[-120.476361,48.278369],[-120.482354,48.284018],[-120.488632,48.287407],[-120.494289,48.292824],[-120.498841,48.295079],[-120.503986,48.302387],[-120.507464,48.309269],[-120.255956,48.308152],[-119.883621,48.305035]]]]},"properties":{"district_id":"WA0030","name":"Methow Squaw Creek","other_name":"","county":"Okanogan","commodity_primary":"","other_commodities":"","discovery":"","production_years":"","production_amount":"","production_unit":"","deposit_type":"","district_link":"https://d92019.eos-intl.net/D92019/OPAC/Details/Record.aspx?BibCode=28452886","production_link":"","citation":"[Washington Geological Survey], [1980], Mining districts of Washington: [Washington Geological Survey], 1 plate, 1 p. text.","notes":""}},
{"type":"Feature","geometry":{"type":"MultiPolygon","coordinates":[[[[-121.291853,47.504032],[-121.600685,47.504419],[-121.602607,47.648022],[-121.606312,47.77701],[-121.45556,47.778432],[-121.455549,47.780582],[-121.195687,47.77915],[-121.195641,47.780107],[-121.119192,47.779941],[-121.118713,47.778019],[-121.119498,47.775844],[-121.114295,47.771694],[-121.113925,47.770253],[-121.109229,47.766766],[-121.107718,47.766689],[-121.11052,47.761603],[-121.11052,47.757833],[-121.106474,47.756812],[-121.101292,47.757146],[-121.098814,47.759111],[-121.094033,47.75819],[-121.089929,47.746328],[-121.087074,47.744537],[-121.082142,47.743031],[-121.079009,47.739199],[-121.080784,47.737034],[-121.081539,47.734474],[-121.08496,47.732303],[-121.084794,47.729916],[-121.087382,47.728503],[-121.083647,47.722747],[-121.078274,47.720016],[-121.073138,47.719165],[-121.069662,47.717667],[-121.06602,47.713608],[-121.06596,47.709285],[-121.067132,47.706278],[-121.077355,47.703574],[-121.07889,47.702049],[-121.090303,47.70284],[-121.091444,47.701325],[-121.090901,47.699073],[-121.094608,47.695056],[-121.105527,47.688821],[-121.108294,47.689082],[-121.112633,47.686633],[-121.114133,47.686998],[-121.118968,47.685321],[-121.121598,47.685219],[-121.122756,47.683912],[-121.123693,47.680214],[-121.128838,47.676187],[-121.128929,47.672161],[-121.127418,47.671211],[-121.123193,47.663332],[-121.123834,47.661709],[-121.12483,47.661341],[-121.124696,47.659209],[-121.12565,47.657165],[-121.128583,47.655708],[-121.131899,47.65567],[-121.131024,47.653128],[-121.132745,47.649808],[-121.132538,47.648241],[-121.133711,47.64561],[-121.131339,47.644478],[-121.1287,47.639839],[-121.125986,47.637409],[-121.127882,47.632107],[-121.126787,47.631431],[-121.124627,47.62735],[-121.118781,47.626985],[-121.11755,47.624856],[-121.113801,47.621758],[-121.113303,47.618462],[-121.12008,47.61568],[-121.120298,47.612829],[-121.117924,47.607213],[-121.115877,47.604434],[-121.111755,47.602341],[-121.111336,47.59934],[-121.113584,47.597294],[-121.115987,47.597946],[-121.117935,47.596764],[-121.119824,47.591339],[-121.128984,47.593086],[-121.134227,47.595392],[-121.137624,47.595751],[-121.141037,47.594012],[-121.141348,47.592405],[-121.142609,47.591985],[-121.152089,47.595586],[-121.154622,47.595176],[-121.156239,47.593649],[-121.164326,47.592547],[-121.168018,47.590667],[-121.172206,47.590239],[-121.170762,47.58608],[-121.173,47.58339],[-121.172172,47.580716],[-121.170017,47.579369],[-121.169861,47.5785],[-121.171746,47.57439],[-121.175175,47.572324],[-121.177034,47.569627],[-121.176686,47.566751],[-121.179863,47.564987],[-121.182693,47.565326],[-121.188476,47.568752],[-121.194716,47.566131],[-121.208553,47.565963],[-121.212879,47.568791],[-121.216867,47.569779],[-121.228763,47.565699],[-121.230211,47.56303],[-121.232044,47.562383],[-121.233053,47.56058],[-121.232048,47.55796],[-121.23406,47.556018],[-121.234203,47.552004],[-121.233377,47.550572],[-121.235709,47.54848],[-121.234345,47.546793],[-121.234636,47.545583],[-121.235494,47.544625],[-121.243481,47.542969],[-121.243133,47.540498],[-121.24149,47.538945],[-121.243068,47.538316],[-121.242705,47.535944],[-121.246088,47.535536],[-121.251614,47.532051],[-121.254406,47.533934],[-121.255631,47.533482],[-121.257209,47.531547],[-121.256975,47.529205],[-121.260636,47.526696],[-121.260697,47.524809],[-121.262209,47.52364],[-121.279094,47.522902],[-121.280926,47.520272],[-121.283218,47.519339],[-121.285549,47.51704],[-121.285219,47.515974],[-121.283406,47.514875],[-121.286426,47.513222],[-121.292001,47.513524],[-121.291378,47.511791],[-121.289043,47.511027],[-121.28849,47.509961],[-121.290568,47.504975],[-121.291853,47.504032]]]]},"properties":{"district_id":"WA0031","name":"Miller River","other_name":"","county":"King","commodity_primary":"","other_commodities":"","discovery":"","production_years":"","production_amount":"","production_unit":"","deposit_type":"","district_link":"https://d92019.eos-intl.net/D92019/OPAC/Details/Record.aspx?BibCode=28452886","production_link":"","citation":"[Washington Geological Survey], [1980], Mining districts of Washington: [Washington Geological Survey], 1 plate, 1 p. text.","notes":""}},
{"type":"Feature","geometry":{"type":"MultiPolygon","coordinates":[[[[-121.54523,48.041919],[-121.153372,48.040582],[-121.148982,48.034162],[-121.148209,48.030107],[-121.136027,48.023965],[-121.133959,48.021843],[-121.131114,48.021628],[-121.129694,48.020568],[-121.128717,48.014051],[-121.126415,48.012979],[-121.125444,48.010529],[-121.123036,48.008691],[-121.117949,48.006288],[-121.118989,48.003146],[-121.117738,47.998803],[-121.118198,47.997109],[-121.121309,47.996287],[-121.124822,47.993726],[-121.130587,47.986801],[-121.134898,47.985215],[-121.13595,47.98284],[-121.14116,47.983497],[-121.147296,47.981406],[-121.148771,47.978256],[-121.148804,47.974931],[-121.154643,47.971899],[-121.54612,47.973078],[-121.54523,48.041919]]]]},"properties":{"district_id":"WA0032","name":"Monte Cristo","other_name":"","county":"Snohomish","commodity_primary":"","other_commodities":"","discovery":"","production_years":"","production_amount":"","production_unit":"","deposit_type":"","district_link":"https://d92019.eos-intl.net/D92019/OPAC/Details/Record.aspx?BibCode=28452886","production_link":"","citation":"[Washington Geological Survey], [1980], Mining districts of Washington: [Washington Geological Survey], 1 plate, 1 p. text.","notes":""}},
{"type":"Feature","geometry":{"type":"MultiPolygon","coordinates":[[[[-121.858423,48.644452],[-121.863751,48.818537],[-122.003127,48.816417],[-122.003687,48.993484],[-122.004451,49.001156],[-121.759587,48.997305],[-121.48765,48.999672],[-121.497143,48.642339],[-121.858423,48.644452]]]]},"properties":{"district_id":"WA0033","name":"Mt. Baker","other_name":"","county":"Whatcom","commodity_primary":"","other_commodities":"","discovery":"","production_years":"","production_amount":"","production_unit":"","deposit_type":"","district_link":"https://d92019.eos-intl.net/D92019/OPAC/Details/Record.aspx?BibCode=28452886","production_link":"","citation":"[Washington Geological Survey], [1980], Mining districts of Washington: [Washington Geological Survey], 1 plate, 1 p. text.","notes":""}},
{"type":"Feature","geometry":{"type":"MultiPolygon","coordinates":[[[[-121.936734,47.138519],[-121.933665,47.138314],[-121.931922,47.139288],[-121.930928,47.142707],[-121.927873,47.144822],[-121.927894,47.147724],[-121.920911,47.149961],[-121.909437,47.15055],[-121.901553,47.155748],[-121.89142,47.154671],[-121.886202,47.152953],[-121.878481,47.153947],[-121.875232,47.151234],[-121.872951,47.15054],[-121.865492,47.152608],[-121.860864,47.150656],[-121.861104,47.14727],[-121.860428,47.146603],[-121.855251,47.147561],[-121.849467,47.147267],[-121.84614,47.144395],[-121.842444,47.143321],[-121.839472,47.143402],[-121.831704,47.148489],[-121.832182,47.1509],[-121.831311,47.151937],[-121.827084,47.152684],[-121.819312,47.158807],[-121.813322,47.159492],[-121.810413,47.163872],[-121.805311,47.165837],[-121.803343,47.169254],[-121.79944,47.169833],[-121.796478,47.173065],[-121.783377,47.172228],[-121.777578,47.173389],[-121.776922,47.172831],[-121.777702,47.170461],[-121.773362,47.166498],[-121.769311,47.165423],[-121.766867,47.166782],[-121.762477,47.167515],[-121.7495,47.162078],[-121.746447,47.162696],[-121.744582,47.164648],[-121.7431,47.164544],[-121.738031,47.160377],[-121.72803,47.157638],[-121.724917,47.154394],[-121.719151,47.151122],[-121.705086,47.152003],[-121.702103,47.151255],[-121.697119,47.151464],[-121.688262,47.149566],[-121.684187,47.149791],[-121.680808,47.152575],[-121.675007,47.154937],[-121.668668,47.155875],[-121.664531,47.15957],[-121.662214,47.16005],[-121.657968,47.158376],[-121.655863,47.158614],[-121.648536,47.15494],[-121.643839,47.155599],[-121.637568,47.153314],[-121.629547,47.153434],[-121.628323,47.152005],[-121.627073,47.152393],[-121.624373,47.151277],[-121.623405,47.14996],[-121.620809,47.149405],[-121.621061,47.147818],[-121.617247,47.146491],[-121.61803,47.145292],[-121.617624,47.144686],[-121.611484,47.142996],[-121.609665,47.138388],[-121.606257,47.137422],[-121.605808,47.134908],[-121.601004,47.131654],[-121.60066,47.129947],[-121.598692,47.128634],[-121.597234,47.125914],[-121.595212,47.125261],[-121.594476,47.122234],[-121.585725,47.119386],[-121.58114,47.118713],[-121.573651,47.120273],[-121.570444,47.119196],[-121.562704,47.120082],[-121.560376,47.119543],[-121.554558,47.122346],[-121.551247,47.12293],[-121.535897,47.122552],[-121.531525,47.124585],[-121.523229,47.123925],[-121.515945,47.121562],[-121.513735,47.122978],[-121.509765,47.122509],[-121.506547,47.120143],[-121.506868,47.118836],[-121.505217,47.117967],[-121.503751,47.118652],[-121.499663,47.118285],[-121.497239,47.116448],[-121.493228,47.115903],[-121.491154,47.116906],[-121.489791,47.116373],[-121.485726,47.111972],[-121.480697,47.110642],[-121.479963,47.108497],[-121.478038,47.107991],[-121.476196,47.105826],[-121.476044,47.103669],[-121.473941,47.102376],[-121.471893,47.099745],[-121.468213,47.098494],[-121.463846,47.094689],[-121.458568,47.092674],[-121.454751,47.089359],[-121.44988,47.088419],[-121.447441,47.087031],[-121.447262,47.086084],[-121.44177,47.084408],[-121.428048,47.087366],[-121.418042,47.088228],[-121.416483,47.089606],[-121.411985,47.090705],[-121.406023,47.088529],[-121.394019,47.088987],[-121.386652,47.087271],[-121.382324,47.088255],[-121.379976,47.087254],[-121.383634,47.084149],[-121.379842,47.079073],[-121.379632,47.07627],[-121.375162,47.072902],[-121.375856,47.070889],[-121.375093,47.067689],[-121.376594,47.064981],[-121.376798,47.062459],[-121.374265,47.056442],[-121.379209,47.054042],[-121.37906,47.052534],[-121.381083,47.050377],[-121.386278,47.048925],[-121.386368,47.046089],[-121.39351,47.040623],[-121.393559,47.039638],[-121.397036,47.035572],[-121.399816,47.03347],[-121.399389,47.031413],[-121.396656,47.029376],[-121.397045,47.025732],[-121.395372,47.024504],[-121.39481,47.022781],[-121.396652,47.018749],[-121.401676,47.015385],[-121.4043,47.014784],[-121.404525,47.013399],[-121.406208,47.012182],[-121.406171,47.009022],[-121.409583,47.003585],[-121.40649,47.000539],[-121.407104,46.997496],[-121.409137,46.995195],[-121.413517,46.995185],[-121.417351,46.993175],[-121.419269,46.991914],[-121.420577,46.988729],[-121.427809,46.987888],[-121.433622,46.984803],[-121.441378,46.982704],[-121.443242,46.980653],[-121.446291,46.979987],[-121.445727,46.977509],[-121.443818,46.974664],[-121.442109,46.974263],[-121.442158,46.972942],[-121.455093,46.964788],[-121.457583,46.964247],[-121.458395,46.960576],[-121.456475,46.958439],[-121.4527,46.95653],[-121.453566,46.952466],[-121.450362,46.948355],[-121.452386,46.945294],[-121.451894,46.943743],[-121.45245,46.941866],[-121.450523,46.938838],[-121.449505,46.935336],[-121.450578,46.932847],[-121.454108,46.929403],[-121.456937,46.928263],[-121.456462,46.923583],[-121.460299,46.921468],[-121.465504,46.920444],[-121.467224,46.918187],[-121.470181,46.917699],[-121.472598,46.916259],[-121.475393,46.913278],[-121.484969,46.912841],[-121.488144,46.911868],[-121.489664,46.910021],[-121.491719,46.909116],[-121.497001,46.908348],[-121.502855,46.901277],[-121.510458,46.896617],[-121.51426,46.890993],[-121.51328,46.884811],[-121.520299,46.879183],[-121.523085,46.872789],[-121.515183,46.870974],[-121.507547,46.864809],[-121.497359,46.862871],[-121.495554,46.854916],[-121.48545,46.84102],[-121.484212,46.83428],[-121.474712,46.831407],[-121.471202,46.827137],[-121.471407,46.826408],[-121.470188,46.82641],[-121.470906,46.823972],[-121.472432,46.823181],[-121.471452,46.821902],[-121.474454,46.820232],[-121.464591,46.814753],[-121.461863,46.812309],[-121.457893,46.811779],[-121.456912,46.810181],[-121.458278,46.808075],[-121.456679,46.806825],[-121.456776,46.805304],[-121.455416,46.802449],[-121.453883,46.801302],[-121.450625,46.800583],[-121.449338,46.797496],[-121.444137,46.794849],[-121.442532,46.792667],[-121.447499,46.792275],[-121.45046,46.789909],[-121.452831,46.789179],[-121.455457,46.786185],[-121.455233,46.783803],[-121.758607,46.783797],[-121.764701,46.780649],[-121.767016,46.780684],[-121.772862,46.777329],[-121.777316,46.776679],[-121.787783,46.769992],[-121.790788,46.766609],[-121.790675,46.76431],[-121.794211,46.7637],[-121.800412,46.76073],[-121.802775,46.757943],[-121.805645,46.75624],[-121.805551,46.754771],[-121.80372,46.753052],[-121.804275,46.751336],[-121.806368,46.750642],[-121.808273,46.74878],[-121.814472,46.747039],[-121.81803,46.747358],[-121.820662,46.745518],[-121.8226,46.742065],[-121.826466,46.737781],[-121.829986,46.73539],[-121.831955,46.730297],[-121.832888,46.729766],[-121.845322,46.728581],[-121.85439,46.730624],[-121.855591,46.72922],[-121.865802,46.729839],[-121.86733,46.72928],[-121.869426,46.730495],[-121.876451,46.731671],[-121.879229,46.733368],[-121.886122,46.732775],[-121.892214,46.733811],[-121.894401,46.735155],[-121.899346,46.736235],[-121.901935,46.737923],[-121.912765,46.73712],[-121.91998,46.739911],[-121.925336,46.738885],[-121.92562,46.739751],[-121.927707,46.740556],[-121.929816,46.739969],[-121.931198,46.740522],[-121.932599,46.742905],[-121.936547,46.746221],[-121.934736,46.820511],[-121.93308,46.996611],[-121.936734,47.138519]]]]},"properties":{"district_id":"WA0034","name":"Mt. Rainier","other_name":"","county":"Pierce","commodity_primary":"","other_commodities":"","discovery":"","production_years":"","production_amount":"","production_unit":"","deposit_type":"","district_link":"https://d92019.eos-intl.net/D92019/OPAC/Details/Record.aspx?BibCode=28452886","production_link":"","citation":"[Washington Geological Survey], [1980], Mining districts of Washington: [Washington Geological Survey], 1 plate, 1 p. text.","notes":""}},
{"type":"Feature","geometry":{"type":"MultiPolygon","coordinates":[[[[-118.836949,48.828571],[-119.101292,48.83422],[-119.407097,48.835334],[-119.411337,48.856082],[-119.412181,48.87043],[-119.421035,48.884851],[-119.425347,48.897721],[-119.421679,48.909009],[-119.43178,48.918911],[-119.446475,48.924779],[-119.44164,48.940886],[-119.456168,48.959127],[-119.492114,48.967353],[-119.500408,48.9829],[-119.495559,49.000091],[-118.836628,49.000085],[-118.836949,48.828571]]]]},"properties":{"district_id":"WA0035","name":"Myers Creek","other_name":"","county":"Okanogan","commodity_primary":"","other_commodities":"","discovery":"","production_years":"","production_amount":"","production_unit":"","deposit_type":"","district_link":"https://d92019.eos-intl.net/D92019/OPAC/Details/Record.aspx?BibCode=28452886","production_link":"","citation":"[Washington Geological Survey], [1980], Mining districts of Washington: [Washington Geological Survey], 1 plate, 1 p. text.","notes":""}},
{"type":"Feature","geometry":{"type":"MultiPolygon","coordinates":[[[[-118.078155,48.662241],[-117.990907,48.662341],[-117.993148,48.483627],[-118.186417,48.488503],[-118.182735,48.493152],[-118.180464,48.498428],[-118.180973,48.504707],[-118.178211,48.514462],[-118.17863,48.516173],[-118.174243,48.521195],[-118.171025,48.522834],[-118.168667,48.522807],[-118.155089,48.520054],[-118.148884,48.520366],[-118.144484,48.523007],[-118.139674,48.528928],[-118.139455,48.531188],[-118.141792,48.53816],[-118.141847,48.542766],[-118.142919,48.546773],[-118.139344,48.551751],[-118.139597,48.553246],[-118.137899,48.559887],[-118.138124,48.563297],[-118.13618,48.569546],[-118.132767,48.574759],[-118.125151,48.583255],[-118.124508,48.585216],[-118.124607,48.586881],[-118.127075,48.590336],[-118.126575,48.594292],[-118.128034,48.607767],[-118.12569,48.611202],[-118.126146,48.613378],[-118.124502,48.616808],[-118.119962,48.619755],[-118.117042,48.623004],[-118.119694,48.630138],[-118.116681,48.630271],[-118.115548,48.631448],[-118.115967,48.634416],[-118.114946,48.638301],[-118.108585,48.639472],[-118.10538,48.641884],[-118.10418,48.644491],[-118.103819,48.6511],[-118.106579,48.659687],[-118.078155,48.662241]]]]},"properties":{"district_id":"WA0036","name":"Myers, Kettle Falls","other_name":"","county":"Stevens","commodity_primary":"","other_commodities":"","discovery":"","production_years":"","production_amount":"","production_unit":"","deposit_type":"","district_link":"https://d92019.eos-intl.net/D92019/OPAC/Details/Record.aspx?BibCode=28452886","production_link":"","citation":"[Washington Geological Survey], [1980], Mining districts of Washington: [Washington Geological Survey], 1 plate, 1 p. text.","notes":""}},
{"type":"Feature","geometry":{"type":"MultiPolygon","coordinates":[[[[-119.575733,48.361484],[-118.844766,48.359299],[-118.845779,47.963165],[-118.851899,47.963151],[-118.851925,47.957919],[-118.875442,47.955436],[-118.893342,47.949626],[-118.904451,47.947374],[-118.918209,47.946328],[-118.954618,47.940913],[-118.968589,47.942248],[-118.97847,47.945301],[-118.982855,47.949477],[-118.982072,47.957891],[-118.982446,47.969123],[-118.978751,47.973208],[-118.969609,47.979462],[-118.963933,47.985922],[-118.960957,47.992497],[-118.96072,47.998806],[-118.955429,48.003506],[-118.952336,48.00857],[-118.950701,48.016052],[-118.951245,48.019658],[-118.957277,48.02453],[-118.96726,48.029388],[-118.978871,48.036879],[-118.998666,48.041446],[-119.003205,48.043269],[-119.006011,48.045569],[-119.010145,48.051638],[-119.015236,48.065106],[-119.018808,48.06979],[-119.022795,48.08275],[-119.022341,48.091902],[-119.024654,48.103123],[-119.028873,48.113139],[-119.031901,48.116836],[-119.03949,48.121876],[-119.049669,48.130428],[-119.054939,48.135925],[-119.058428,48.137499],[-119.0701,48.140409],[-119.077304,48.139972],[-119.08836,48.137318],[-119.100141,48.137998],[-119.107282,48.140432],[-119.122386,48.149157],[-119.130977,48.151193],[-119.135324,48.150755],[-119.142467,48.147501],[-119.153139,48.145353],[-119.165444,48.137246],[-119.171421,48.131546],[-119.177038,48.128292],[-119.181707,48.128036],[-119.187968,48.129382],[-119.191639,48.128854],[-119.2002,48.125203],[-119.208385,48.118126],[-119.211671,48.116225],[-119.215315,48.11532],[-119.221907,48.116508],[-119.232554,48.113472],[-119.237581,48.109395],[-119.252567,48.102592],[-119.260175,48.102116],[-119.269438,48.104567],[-119.288577,48.113995],[-119.292089,48.114979],[-119.298599,48.115491],[-119.307309,48.111788],[-119.31715,48.106029],[-119.324704,48.100135],[-119.327535,48.096662],[-119.329836,48.082202],[-119.328372,48.077113],[-119.327949,48.07028],[-119.333125,48.056042],[-119.33516,48.053341],[-119.340568,48.050018],[-119.343538,48.049438],[-119.366705,48.052804],[-119.394171,48.04984],[-119.402247,48.050424],[-119.405126,48.051451],[-119.408823,48.054746],[-119.416,48.058011],[-119.423267,48.062568],[-119.433952,48.074878],[-119.440746,48.078673],[-119.445163,48.079209],[-119.44989,48.078147],[-119.464408,48.080361],[-119.466911,48.080296],[-119.472861,48.078201],[-119.484186,48.078706],[-119.4928,48.082005],[-119.499324,48.082708],[-119.509382,48.079016],[-119.516126,48.07479],[-119.515926,48.071734],[-119.517585,48.062621],[-119.524145,48.057049],[-119.5304,48.054024],[-119.539046,48.052795],[-119.545821,48.049741],[-119.554711,48.044376],[-119.559633,48.03907],[-119.564415,48.03548],[-119.595109,48.020868],[-119.606123,48.012302],[-119.614461,48.000095],[-119.617227,47.998169],[-119.621672,47.996631],[-119.633394,47.996403],[-119.647649,47.998989],[-119.658418,48.002571],[-119.665729,48.009001],[-119.688692,48.022738],[-119.691124,48.025348],[-119.693502,48.029631],[-119.693727,48.032062],[-119.693049,48.033466],[-119.690156,48.037708],[-119.682264,48.04637],[-119.676401,48.058771],[-119.670481,48.067927],[-119.669722,48.075238],[-119.670539,48.077867],[-119.673789,48.082462],[-119.681447,48.091066],[-119.684308,48.09326],[-119.688755,48.091621],[-119.698191,48.08541],[-119.703502,48.083149],[-119.716199,48.081879],[-119.721946,48.08249],[-119.726721,48.085034],[-119.731132,48.089983],[-119.735573,48.097076],[-119.739515,48.099735],[-119.730014,48.09924],[-119.718596,48.099972],[-119.703202,48.10481],[-119.6905,48.106624],[-119.672454,48.135513],[-119.661656,48.156734],[-119.665931,48.171867],[-119.684666,48.201449],[-119.711514,48.218999],[-119.729282,48.24026],[-119.729072,48.254606],[-119.725492,48.267419],[-119.705113,48.28025],[-119.692395,48.28683],[-119.669638,48.294978],[-119.651389,48.30391],[-119.630944,48.308292],[-119.602834,48.323487],[-119.575733,48.361484]]]]},"properties":{"district_id":"WA0037","name":"Nespelem","other_name":"Moses","county":"Okanogan","commodity_primary":"","other_commodities":"","discovery":"","production_years":"","production_amount":"","production_unit":"","deposit_type":"","district_link":"https://d92019.eos-intl.net/D92019/OPAC/Details/Record.aspx?BibCode=28452886","production_link":"","citation":"[Washington Geological Survey], [1980], Mining districts of Washington: [Washington Geological Survey], 1 plate, 1 p. text.","notes":""}},
{"type":"Feature","geometry":{"type":"MultiPolygon","coordinates":[[[[-117.500562,48.405219],[-117.255596,48.402156],[-117.035127,48.396318],[-117.041851,48.050164],[-117.437006,48.047218],[-117.437726,48.133329],[-117.502114,48.134902],[-117.500562,48.405219]]]]},"properties":{"district_id":"WA0038","name":"Newport","other_name":"","county":"Pend Oreille","commodity_primary":"","other_commodities":"","discovery":"","production_years":"","production_amount":"","production_unit":"","deposit_type":"","district_link":"https://d92019.eos-intl.net/D92019/OPAC/Details/Record.aspx?BibCode=28452886","production_link":"","citation":"[Washington Geological Survey], [1980], Mining districts of Washington: [Washington Geological Survey], 1 plate, 1 p. text.","notes":""}},
{"type":"Feature","geometry":{"type":"MultiPolygon","coordinates":[[[[-119.927635,48.999726],[-119.635822,49.000105],[-119.6376,48.920666],[-119.926658,48.921415],[-119.927635,48.999726]]]]},"properties":{"district_id":"WA0039","name":"Nighthawk","other_name":"","county":"Okanogan","commodity_primary":"","other_commodities":"","discovery":"","production_years":"","production_amount":"","production_unit":"","deposit_type":"","district_link":"https://d92019.eos-intl.net/D92019/OPAC/Details/Record.aspx?BibCode=28452886","production_link":"","citation":"[Washington Geological Survey], [1980], Mining districts of Washington: [Washington Geological Survey], 1 plate, 1 p. text.","notes":""}},
{"type":"Feature","geometry":{"type":"MultiPolygon","coordinates":[[[[-117.953392,49.000345],[-117.429982,49.000475],[-117.430391,48.923174],[-117.498971,48.923165],[-117.49851,48.836906],[-117.563874,48.836677],[-117.563825,48.742967],[-117.629435,48.742641],[-117.629271,48.655858],[-117.843885,48.659722],[-117.841249,48.745591],[-117.829905,48.746486],[-117.826417,48.814514],[-117.923311,48.817219],[-117.94816,48.811497],[-117.953209,48.812941],[-117.960983,48.818593],[-117.956992,48.933148],[-117.953392,49.000345]]]]},"properties":{"district_id":"WA0040","name":"Northport","other_name":"Aladdin","county":"Stevens","commodity_primary":"","other_commodities":"","discovery":"","production_years":"","production_amount":"","production_unit":"","deposit_type":"","district_link":"https://d92019.eos-intl.net/D92019/OPAC/Details/Record.aspx?BibCode=28452886","production_link":"","citation":"[Washington Geological Survey], [1980], Mining districts of Washington: [Washington Geological Survey], 1 plate, 1 p. text.","notes":""}},
{"type":"Feature","geometry":{"type":"MultiPolygon","coordinates":[[[[-124.545054,48.234433],[-124.149155,48.229283],[-124.152357,48.13767],[-123.502594,48.138865],[-123.500961,48.110149],[-123.37333,48.108105],[-123.365984,48.04467],[-123.008524,48.042383],[-123.002551,47.866903],[-122.996282,47.606833],[-122.995409,47.154929],[-123.004644,47.1498],[-123.010471,47.143332],[-123.013009,47.131677],[-123.016589,47.122186],[-123.029666,47.115482],[-123.050768,47.11585],[-123.058762,47.114526],[-123.069749,47.108974],[-123.074751,47.104454],[-123.075044,47.084794],[-123.201906,47.085064],[-124.008227,47.077263],[-124.008118,47.51812],[-124.01285,47.542224],[-124.288047,47.540849],[-124.288765,47.678685],[-124.301701,47.871363],[-124.541405,47.871152],[-124.542713,48.098391],[-124.545054,48.234433]]]]},"properties":{"district_id":"WA0041","name":"Olympic","other_name":"","county":"Clallam; Jefferson; Mason; Grays Harbor","commodity_primary":"","other_commodities":"","discovery":"","production_years":"","production_amount":"","production_unit":"","deposit_type":"","district_link":"https://d92019.eos-intl.net/D92019/OPAC/Details/Record.aspx?BibCode=28452886","production_link":"","citation":"[Washington Geological Survey], [1980], Mining districts of Washington: [Washington Geological Survey], 1 plate, 1 p. text.","notes":""}},
{"type":"Feature","geometry":{"type":"MultiPolygon","coordinates":[[[[-118.30449,49.000067],[-117.953392,49.000345],[-117.959211,48.891648],[-117.960983,48.818593],[-117.969855,48.819807],[-117.986148,48.820151],[-117.994417,48.817761],[-118.003172,48.813329],[-118.005468,48.805941],[-118.003146,48.797686],[-118.002739,48.789985],[-118.004386,48.783502],[-118.010994,48.778317],[-118.02388,48.770212],[-118.153454,48.77355],[-118.302764,48.781401],[-118.30449,49.000067]]]]},"properties":{"district_id":"WA0042","name":"Orient","other_name":"","county":"Ferry; Stevens","commodity_primary":"","other_commodities":"","discovery":"","production_years":"","production_amount":"","production_unit":"","deposit_type":"","district_link":"https://d92019.eos-intl.net/D92019/OPAC/Details/Record.aspx?BibCode=28452886","production_link":"","citation":"[Washington Geological Survey], [1980], Mining districts of Washington: [Washington Geological Survey], 1 plate, 1 p. text.","notes":""}},
{"type":"Feature","geometry":{"type":"MultiPolygon","coordinates":[[[[-119.635822,49.000105],[-119.495559,49.000091],[-119.500408,48.9829],[-119.492114,48.967353],[-119.456168,48.959127],[-119.44164,48.940886],[-119.446475,48.924779],[-119.43178,48.918911],[-119.6376,48.920666],[-119.635822,49.000105]]]]},"properties":{"district_id":"WA0043","name":"Oroville","other_name":"","county":"Okanogan","commodity_primary":"","other_commodities":"","discovery":"","production_years":"","production_amount":"","production_unit":"","deposit_type":"","district_link":"https://d92019.eos-intl.net/D92019/OPAC/Details/Record.aspx?BibCode=28452886","production_link":"","citation":"[Washington Geological Survey], [1980], Mining districts of Washington: [Washington Geological Survey], 1 plate, 1 p. text.","notes":""}},
{"type":"Feature","geometry":{"type":"MultiPolygon","coordinates":[[[[-124.54743,48.347356],[-124.543329,48.151462],[-124.541459,47.882009],[-124.683896,47.879518],[-124.707322,47.926676],[-124.716816,47.948139],[-124.730482,47.972939],[-124.737752,47.998842],[-124.729993,48.013147],[-124.738227,48.037199],[-124.750908,48.065521],[-124.750095,48.103923],[-124.776281,48.137858],[-124.779132,48.156941],[-124.739906,48.189308],[-124.734357,48.216114],[-124.730086,48.244172],[-124.721067,48.261935],[-124.703548,48.287847],[-124.700837,48.319334],[-124.74487,48.346535],[-124.744087,48.369233],[-124.734771,48.383518],[-124.71046,48.390489],[-124.665115,48.396454],[-124.54743,48.347356]]]]},"properties":{"district_id":"WA0044","name":"Ozette","other_name":"","county":"Clallam","commodity_primary":"","other_commodities":"","discovery":"","production_years":"","production_amount":"","production_unit":"","deposit_type":"","district_link":"https://d92019.eos-intl.net/D92019/OPAC/Details/Record.aspx?BibCode=28452886","production_link":"","citation":"[Washington Geological Survey], [1980], Mining districts of Washington: [Washington Geological Survey], 1 plate, 1 p. text.","notes":""}},
{"type":"Feature","geometry":{"type":"MultiPolygon","coordinates":[[[[-119.926658,48.921415],[-119.56689,48.920252],[-119.568463,48.750711],[-119.924559,48.752518],[-119.926658,48.921415]]]]},"properties":{"district_id":"WA0045","name":"Palmer Mountain","other_name":"Loomis","county":"Okanogan","commodity_primary":"","other_commodities":"","discovery":"","production_years":"","production_amount":"","production_unit":"","deposit_type":"","district_link":"https://d92019.eos-intl.net/D92019/OPAC/Details/Record.aspx?BibCode=28452886","production_link":"","citation":"[Washington Geological Survey], [1980], Mining districts of Washington: [Washington Geological Survey], 1 plate, 1 p. text.","notes":""}},
{"type":"Feature","geometry":{"type":"MultiPolygon","coordinates":[[[[-118.869647,48.653832],[-118.869536,48.481632],[-118.843902,48.481745],[-118.844766,48.359299],[-119.234074,48.360066],[-119.22601,48.48665],[-119.25856,48.487255],[-119.257332,48.659021],[-118.869647,48.653832]]]]},"properties":{"district_id":"WA0046","name":"Park City","other_name":"","county":"Okanogan","commodity_primary":"","other_commodities":"","discovery":"","production_years":"","production_amount":"","production_unit":"","deposit_type":"","district_link":"https://d92019.eos-intl.net/D92019/OPAC/Details/Record.aspx?BibCode=28452886","production_link":"","citation":"[Washington Geological Survey], [1980], Mining districts of Washington: [Washington Geological Survey], 1 plate, 1 p. text.","notes":""}},
{"type":"Feature","geometry":{"type":"MultiPolygon","coordinates":[[[[-121.001672,48.296014],[-120.66841,48.295291],[-120.657461,48.283099],[-120.642326,48.263201],[-120.637817,48.256139],[-120.633615,48.242866],[-120.633598,48.236226],[-120.620396,48.211183],[-120.611411,48.204766],[-120.598906,48.199851],[-120.57455,48.193872],[-120.563333,48.189167],[-120.554678,48.183175],[-120.549548,48.176752],[-120.545059,48.169685],[-120.54185,48.160691],[-120.533523,48.154054],[-120.523918,48.150844],[-120.518368,48.147019],[-120.720427,48.147323],[-120.836661,48.146691],[-120.955255,48.148444],[-120.955581,48.151987],[-120.953152,48.153461],[-120.948436,48.155037],[-120.93829,48.155074],[-120.93323,48.156777],[-120.934268,48.15951],[-120.931959,48.161627],[-120.915258,48.159689],[-120.91277,48.161745],[-120.907431,48.163187],[-120.907414,48.165631],[-120.909835,48.170154],[-120.910558,48.173597],[-120.917376,48.179761],[-120.920603,48.187317],[-120.919286,48.190394],[-120.921367,48.191547],[-120.925553,48.191782],[-120.932676,48.197144],[-120.935335,48.198271],[-120.94704,48.201054],[-120.95232,48.209119],[-120.958743,48.210306],[-120.96095,48.209902],[-120.964784,48.211334],[-120.965763,48.217792],[-120.963601,48.220096],[-120.961872,48.223729],[-120.962095,48.225001],[-120.959862,48.227775],[-120.962746,48.230173],[-120.96503,48.230654],[-120.973152,48.235304],[-120.974379,48.238765],[-120.981251,48.246664],[-120.982506,48.251347],[-120.990426,48.255635],[-120.995158,48.260398],[-120.999932,48.262947],[-121.005653,48.270089],[-121.004676,48.271162],[-121.005717,48.272214],[-121.004503,48.273908],[-121.00612,48.2743],[-121.011278,48.278197],[-121.012108,48.279915],[-121.01156,48.283503],[-121.002516,48.286266],[-121.002995,48.286896],[-121.000663,48.290539],[-121.0007,48.294487],[-121.001672,48.296014]]]]},"properties":{"district_id":"WA0047","name":"Railroad Creek","other_name":"Chelan","county":"Chelan","commodity_primary":"","other_commodities":"","discovery":"","production_years":"","production_amount":"","production_unit":"","deposit_type":"","district_link":"https://d92019.eos-intl.net/D92019/OPAC/Details/Record.aspx?BibCode=28452886","production_link":"","citation":"[Washington Geological Survey], [1980], Mining districts of Washington: [Washington Geological Survey], 1 plate, 1 p. text.","notes":""}},
{"type":"Feature","geometry":{"type":"MultiPolygon","coordinates":[[[[-118.836925,48.833705],[-118.447639,48.832795],[-118.445879,48.634966],[-118.438758,48.480205],[-118.512141,48.482084],[-118.869536,48.481632],[-118.869647,48.653832],[-118.837021,48.653876],[-118.836925,48.833705]]]]},"properties":{"district_id":"WA0048","name":"Republic","other_name":"","county":"Ferry","commodity_primary":"","other_commodities":"","discovery":"","production_years":"","production_amount":"","production_unit":"","deposit_type":"","district_link":"https://d92019.eos-intl.net/D92019/OPAC/Details/Record.aspx?BibCode=28452886","production_link":"","citation":"[Washington Geological Survey], [1980], Mining districts of Washington: [Washington Geological Survey], 1 plate, 1 p. text.","notes":""}},
{"type":"Feature","geometry":{"type":"MultiPolygon","coordinates":[[[[-122.350784,46.213224],[-122.359124,46.497842],[-122.347872,46.488184],[-122.31761,46.469492],[-122.294281,46.461888],[-122.264485,46.455183],[-122.24259,46.45736],[-122.22995,46.457552],[-122.191762,46.471004],[-122.181681,46.467933],[-122.169478,46.460753],[-122.151942,46.453188],[-122.14055,46.450592],[-122.123254,46.45084],[-122.107424,46.455664],[-122.088238,46.459612],[-122.064924,46.459014],[-122.042211,46.456104],[-122.02275,46.450385],[-121.998473,46.438747],[-121.982261,46.42976],[-121.958075,46.420872],[-121.908196,46.421039],[-121.906036,46.388868],[-121.905582,46.216385],[-121.99963,46.214722],[-122.242753,46.212633],[-122.350784,46.213224]]]]},"properties":{"district_id":"WA0049","name":"St. Helens","other_name":"","county":"Lewis; Cowlitz; Skamania","commodity_primary":"","other_commodities":"","discovery":"","production_years":"","production_amount":"","production_unit":"","deposit_type":"","district_link":"https://d92019.eos-intl.net/D92019/OPAC/Details/Record.aspx?BibCode=28452886","production_link":"","citation":"[Washington Geological Survey], [1980], Mining districts of Washington: [Washington Geological Survey], 1 plate, 1 p. text.","notes":""}},
{"type":"Feature","geometry":{"type":"MultiPolygon","coordinates":[[[[-118.512142,48.482053],[-118.504381,48.264389],[-118.409026,48.208928],[-118.413044,48.178789],[-118.39687,48.15962],[-118.398335,48.122826],[-118.35542,48.103169],[-118.340389,48.091565],[-118.341385,48.049956],[-118.350416,48.050249],[-118.358858,48.048992],[-118.368053,48.043378],[-118.380017,48.039076],[-118.397361,48.031305],[-118.401445,48.026805],[-118.401356,48.023683],[-118.398239,48.021698],[-118.396736,48.018432],[-118.393011,48.013864],[-118.383995,48.008557],[-118.378912,48.004084],[-118.375546,47.999481],[-118.370676,47.989699],[-118.365571,47.982789],[-118.361368,47.979428],[-118.351668,47.974628],[-118.349794,47.972975],[-118.349334,47.970489],[-118.351112,47.965191],[-118.352135,47.952148],[-118.356353,47.938345],[-118.355747,47.933958],[-118.356565,47.930317],[-118.353756,47.922774],[-118.349608,47.914772],[-118.341674,47.904627],[-118.340172,47.901448],[-118.340081,47.898079],[-118.341328,47.894384],[-118.348789,47.88544],[-118.350098,47.882717],[-118.348414,47.873627],[-118.352444,47.867056],[-118.355714,47.858596],[-118.3585,47.84236],[-118.3625,47.836992],[-118.367756,47.833218],[-118.380594,47.830157],[-118.387257,47.829565],[-118.392867,47.83017],[-118.416791,47.835213],[-118.422384,47.838102],[-118.436548,47.841467],[-118.446034,47.846025],[-118.452642,47.851283],[-118.45662,47.856524],[-118.457605,47.861518],[-118.457084,47.872719],[-118.460603,47.879608],[-118.463152,47.881361],[-118.50506,47.872637],[-118.513268,47.872675],[-118.526074,47.874192],[-118.533066,47.87575],[-118.538358,47.877851],[-118.543205,47.881571],[-118.544559,47.885403],[-118.543787,47.890992],[-118.535587,47.9008],[-118.533265,47.905681],[-118.532686,47.909805],[-118.534987,47.916063],[-118.53771,47.918845],[-118.542895,47.92162],[-118.562705,47.927946],[-118.570959,47.931991],[-118.583895,47.932971],[-118.594893,47.929581],[-118.598664,47.929462],[-118.606046,47.930888],[-118.609852,47.928925],[-118.623266,47.927871],[-118.63573,47.929293],[-118.642905,47.925994],[-118.648687,47.925717],[-118.653138,47.927837],[-118.664041,47.93769],[-118.669844,47.938182],[-118.685013,47.942722],[-118.692639,47.943026],[-118.70079,47.939734],[-118.70646,47.93544],[-118.709112,47.932421],[-118.711111,47.918804],[-118.710179,47.909275],[-118.712816,47.904464],[-118.71715,47.902406],[-118.72893,47.901098],[-118.737088,47.901135],[-118.747369,47.903405],[-118.760108,47.909558],[-118.773703,47.914005],[-118.784004,47.916243],[-118.801651,47.917945],[-118.811171,47.919921],[-118.816196,47.921978],[-118.82289,47.925983],[-118.830362,47.933517],[-118.831629,47.937211],[-118.833025,47.948123],[-118.8355,47.952536],[-118.841362,47.956064],[-118.851925,47.957919],[-118.851899,47.963151],[-118.845779,47.963165],[-118.845472,48.205731],[-118.843902,48.481745],[-118.512142,48.482053]]]]},"properties":{"district_id":"WA0050","name":"San Poil","other_name":"Keller","county":"Ferry","commodity_primary":"","other_commodities":"","discovery":"","production_years":"","production_amount":"","production_unit":"","deposit_type":"","district_link":"https://d92019.eos-intl.net/D92019/OPAC/Details/Record.aspx?BibCode=28452886","production_link":"","citation":"[Washington Geological Survey], [1980], Mining districts of Washington: [Washington Geological Survey], 1 plate, 1 p. text.","notes":""}},
{"type":"Feature","geometry":{"type":"MultiPolygon","coordinates":[[[[-121.544532,47.890749],[-121.546579,47.93756],[-121.54612,47.973078],[-121.154643,47.971899],[-121.148804,47.974931],[-121.148537,47.973902],[-121.14857,47.970433],[-121.152635,47.967258],[-121.153248,47.964182],[-121.157522,47.960871],[-121.158134,47.959585],[-121.162966,47.958161],[-121.164838,47.956704],[-121.164983,47.954512],[-121.162014,47.948973],[-121.161934,47.944689],[-121.165963,47.938623],[-121.171153,47.93643],[-121.172801,47.933702],[-121.172758,47.929676],[-121.170502,47.924408],[-121.173607,47.923259],[-121.179528,47.918784],[-121.17877,47.917005],[-121.173696,47.915355],[-121.171281,47.912726],[-121.173694,47.908267],[-121.177362,47.905464],[-121.177339,47.903874],[-121.180791,47.898774],[-121.179505,47.896693],[-121.176675,47.895361],[-121.175396,47.88605],[-121.544532,47.890749]]]]},"properties":{"district_id":"WA0051","name":"Silver Creek","other_name":"","county":"Snohomish","commodity_primary":"","other_commodities":"","discovery":"","production_years":"","production_amount":"","production_unit":"","deposit_type":"","district_link":"https://d92019.eos-intl.net/D92019/OPAC/Details/Record.aspx?BibCode=28452886","production_link":"","citation":"[Washington Geological Survey], [1980], Mining districts of Washington: [Washington Geological Survey], 1 plate, 1 p. text.","notes":""}},
{"type":"Feature","geometry":{"type":"MultiPolygon","coordinates":[[[[-117.432406,47.621712],[-117.161995,47.611931],[-117.040879,47.613219],[-117.039877,47.434298],[-117.439185,47.443032],[-117.432406,47.621712]]]]},"properties":{"district_id":"WA0052","name":"Silver Hill","other_name":"","county":"Spokane","commodity_primary":"","other_commodities":"","discovery":"","production_years":"","production_amount":"","production_unit":"","deposit_type":"","district_link":"https://d92019.eos-intl.net/D92019/OPAC/Details/Record.aspx?BibCode=28452886","production_link":"","citation":"[Washington Geological Survey], [1980], Mining districts of Washington: [Washington Geological Survey], 1 plate, 1 p. text.","notes":""}},
{"type":"Feature","geometry":{"type":"MultiPolygon","coordinates":[[[[-121.844094,48.145254],[-121.229179,48.150663],[-121.224291,48.041192],[-121.841465,48.041814],[-121.844094,48.145254]]]]},"properties":{"district_id":"WA0053","name":"Silverton","other_name":"","county":"Snohomish","commodity_primary":"","other_commodities":"","discovery":"","production_years":"","production_amount":"","production_unit":"","deposit_type":"","district_link":"https://d92019.eos-intl.net/D92019/OPAC/Details/Record.aspx?BibCode=28452886","production_link":"","citation":"[Washington Geological Survey], [1980], Mining districts of Washington: [Washington Geological Survey], 1 plate, 1 p. text.","notes":""}},
{"type":"Feature","geometry":{"type":"MultiPolygon","coordinates":[[[[-122.094675,48.559513],[-122.099118,48.814862],[-121.863751,48.818537],[-121.855882,48.56086],[-122.094675,48.559513]]]]},"properties":{"district_id":"WA0054","name":"Sisters","other_name":"","county":"Whatcom; Skagit","commodity_primary":"","other_commodities":"","discovery":"","production_years":"","production_amount":"","production_unit":"","deposit_type":"","district_link":"https://d92019.eos-intl.net/D92019/OPAC/Details/Record.aspx?BibCode=28452886","production_link":"","citation":"[Washington Geological Survey], [1980], Mining districts of Washington: [Washington Geological Survey], 1 plate, 1 p. text.","notes":""}},
{"type":"Feature","geometry":{"type":"MultiPolygon","coordinates":[[[[-120.865671,48.979839],[-120.882079,48.977953],[-120.885655,48.975218],[-120.881958,48.973688],[-120.880683,48.971664],[-120.880604,48.970821],[-120.882589,48.968529],[-120.879679,48.966036],[-120.870955,48.961819],[-120.861602,48.960228],[-120.859911,48.958002],[-120.856878,48.956695],[-120.848994,48.955916],[-120.843496,48.951429],[-120.840219,48.949986],[-120.835451,48.939313],[-120.829716,48.938157],[-120.820109,48.941149],[-120.819068,48.944325],[-120.814195,48.945969],[-120.813827,48.947204],[-120.815113,48.950641],[-120.806383,48.951712],[-120.801061,48.953632],[-120.800426,48.955962],[-120.801114,48.958725],[-120.797225,48.959532],[-120.792087,48.959412],[-120.783093,48.95721],[-120.774901,48.956793],[-120.769961,48.955333],[-120.763094,48.948476],[-120.757435,48.944328],[-120.755608,48.94185],[-120.754062,48.936268],[-120.755271,48.932248],[-120.758963,48.929674],[-120.772067,48.926512],[-120.772391,48.924207],[-120.771311,48.920152],[-120.77197,48.916681],[-120.767896,48.911431],[-120.771436,48.908334],[-120.772147,48.906711],[-120.77098,48.904299],[-120.766509,48.900715],[-120.762719,48.899524],[-120.766225,48.893167],[-120.763134,48.888551],[-120.769014,48.884255],[-120.770238,48.881832],[-120.767942,48.87744],[-120.764251,48.87545],[-120.762357,48.873018],[-120.757113,48.871536],[-120.748271,48.866854],[-120.743521,48.866351],[-120.737857,48.864255],[-120.735295,48.86438],[-120.736069,48.858171],[-120.732239,48.855861],[-120.730732,48.853837],[-120.731765,48.853285],[-120.736677,48.84448],[-120.740295,48.84345],[-120.739813,48.841387],[-120.735821,48.834848],[-120.735299,48.831451],[-120.737655,48.828368],[-120.737395,48.825679],[-120.742414,48.822075],[-120.742028,48.817811],[-120.742737,48.815937],[-120.74207,48.811308],[-120.735359,48.803764],[-120.736202,48.801502],[-120.73585,48.799071],[-120.737033,48.797733],[-120.737258,48.795839],[-120.734045,48.792499],[-120.735442,48.786493],[-120.733648,48.783125],[-120.725714,48.773605],[-120.736434,48.764948],[-120.735759,48.750346],[-120.731797,48.741921],[-120.729295,48.730573],[-120.717491,48.721514],[-120.691989,48.718638],[-120.670899,48.715102],[-120.65912,48.709929],[-120.657138,48.702796],[-120.65465,48.690149],[-120.664413,48.678783],[-120.6776,48.667736],[-120.686872,48.658639],[-120.6927,48.645655],[-120.692692,48.641531],[-120.995701,48.640934],[-120.998523,48.723332],[-120.998438,48.939074],[-120.999625,49.000288],[-120.851556,49.000307],[-120.85535,48.998051],[-120.85287,48.994702],[-120.85123,48.993836],[-120.85828,48.986373],[-120.861377,48.98465],[-120.862107,48.982013],[-120.865671,48.979839]]]]},"properties":{"district_id":"WA0055","name":"Slate Creek","other_name":"","county":"Whatcom","commodity_primary":"","other_commodities":"","discovery":"","production_years":"","production_amount":"","production_unit":"","deposit_type":"","district_link":"https://d92019.eos-intl.net/D92019/OPAC/Details/Record.aspx?BibCode=28452886","production_link":"","citation":"[Washington Geological Survey], [1980], Mining districts of Washington: [Washington Geological Survey], 1 plate, 1 p. text.","notes":""}},
{"type":"Feature","geometry":{"type":"MultiPolygon","coordinates":[[[[-121.222566,47.335695],[-121.594273,47.334369],[-121.598544,47.424019],[-121.600685,47.504419],[-121.291853,47.504032],[-121.290568,47.504975],[-121.28849,47.509961],[-121.289043,47.511027],[-121.291378,47.511791],[-121.292001,47.513524],[-121.286426,47.513222],[-121.283406,47.514875],[-121.285219,47.515974],[-121.285549,47.51704],[-121.283218,47.519339],[-121.280926,47.520272],[-121.279094,47.522902],[-121.262209,47.52364],[-121.260697,47.524809],[-121.260636,47.526696],[-121.256975,47.529205],[-121.257209,47.531547],[-121.255631,47.533482],[-121.254406,47.533934],[-121.251614,47.532051],[-121.246088,47.535536],[-121.242705,47.535944],[-121.243068,47.538316],[-121.24149,47.538945],[-121.243133,47.540498],[-121.243481,47.542969],[-121.235494,47.544625],[-121.234636,47.545583],[-121.234345,47.546793],[-121.235709,47.54848],[-121.233377,47.550572],[-121.234203,47.552004],[-121.23406,47.556018],[-121.232048,47.55796],[-121.233006,47.560714],[-121.232044,47.562383],[-121.230163,47.563088],[-121.229055,47.565506],[-121.226042,47.566611],[-121.222566,47.335695]]]]},"properties":{"district_id":"WA0056","name":"Snoqualmie","other_name":"","county":"King; Kittitas","commodity_primary":"","other_commodities":"","discovery":"","production_years":"","production_amount":"","production_unit":"","deposit_type":"","district_link":"https://d92019.eos-intl.net/D92019/OPAC/Details/Record.aspx?BibCode=28452886","production_link":"","citation":"[Washington Geological Survey], [1980], Mining districts of Washington: [Washington Geological Survey], 1 plate, 1 p. text.","notes":""}},
{"type":"Feature","geometry":{"type":"MultiPolygon","coordinates":[[[[-117.701549,48.139742],[-117.697536,47.874801],[-117.701987,47.863942],[-117.701538,47.862451],[-117.698551,47.86034],[-117.697788,47.856284],[-117.69975,47.855206],[-117.703716,47.855064],[-117.707521,47.852412],[-117.709967,47.848955],[-117.71506,47.845901],[-117.720054,47.844856],[-117.734523,47.838502],[-117.74183,47.830984],[-117.751778,47.827174],[-117.754257,47.826838],[-117.758483,47.829541],[-117.765471,47.831819],[-117.779056,47.827598],[-117.782511,47.825563],[-117.785862,47.817395],[-117.788914,47.814365],[-117.790474,47.811362],[-117.792365,47.811031],[-117.804985,47.812089],[-117.807851,47.812967],[-117.811638,47.817504],[-117.818035,47.821311],[-117.82171,47.826857],[-117.827392,47.832692],[-117.829795,47.833954],[-117.837921,47.835636],[-117.839972,47.838046],[-117.841531,47.836797],[-117.849561,47.838011],[-117.853633,47.839378],[-117.859072,47.843012],[-117.879776,47.847752],[-117.881488,47.847496],[-117.88325,47.846085],[-117.884099,47.844425],[-117.884036,47.841618],[-117.88632,47.838341],[-117.897003,47.836017],[-117.90186,47.83595],[-117.904734,47.837003],[-117.907217,47.835274],[-117.912918,47.835224],[-117.914444,47.833621],[-117.917094,47.83258],[-117.918727,47.829015],[-117.920875,47.827669],[-117.932263,47.823586],[-117.935483,47.823198],[-117.938753,47.825244],[-117.95687,47.828087],[-117.967577,47.832639],[-117.979672,47.834434],[-117.988175,47.834772],[-117.994708,47.832199],[-118.003457,47.82419],[-118.007313,47.818531],[-118.005095,48.002311],[-117.999159,48.144467],[-117.960825,48.145558],[-117.701549,48.139742]]]]},"properties":{"district_id":"WA0057","name":"Springdale","other_name":"","county":"Stevens","commodity_primary":"","other_commodities":"","discovery":"","production_years":"","production_amount":"","production_unit":"","deposit_type":"","district_link":"https://d92019.eos-intl.net/D92019/OPAC/Details/Record.aspx?BibCode=28452886","production_link":"","citation":"[Washington Geological Survey], [1980], Mining districts of Washington: [Washington Geological Survey], 1 plate, 1 p. text.","notes":""}},
{"type":"Feature","geometry":{"type":"MultiPolygon","coordinates":[[[[-120.927342,48.550418],[-120.908983,48.562373],[-120.882583,48.566522],[-120.860974,48.57412],[-120.8166,48.572193],[-120.792116,48.559932],[-120.768014,48.552915],[-120.752216,48.555916],[-120.731973,48.564857],[-120.707239,48.57038],[-120.68853,48.575711],[-120.688747,48.572858],[-120.686746,48.570897],[-120.678299,48.568669],[-120.662784,48.560527],[-120.657984,48.554638],[-120.653198,48.553586],[-120.652272,48.548296],[-120.652936,48.541643],[-120.654538,48.537205],[-120.651325,48.536221],[-120.648787,48.531854],[-120.649029,48.526924],[-120.655778,48.522592],[-120.656651,48.521103],[-120.656635,48.517429],[-120.657847,48.515574],[-120.655765,48.511753],[-120.657272,48.50889],[-120.657215,48.507316],[-120.647698,48.50523],[-120.64061,48.502374],[-120.630021,48.499507],[-120.628421,48.497358],[-120.630014,48.495675],[-120.638492,48.496318],[-120.641118,48.494045],[-120.641643,48.492564],[-120.648979,48.489576],[-120.651341,48.485546],[-120.653367,48.484757],[-120.653557,48.480787],[-120.651369,48.47771],[-120.642616,48.474358],[-120.637881,48.473525],[-120.633487,48.47082],[-120.63242,48.46878],[-120.64102,48.466627],[-120.650847,48.460736],[-120.654784,48.453181],[-120.666608,48.451458],[-120.668832,48.449741],[-120.66662,48.446116],[-120.662892,48.442641],[-120.658991,48.441448],[-120.652789,48.437955],[-120.650915,48.434721],[-120.651538,48.432327],[-120.65525,48.430092],[-120.654751,48.426914],[-120.65199,48.423331],[-120.650268,48.414798],[-120.647797,48.412428],[-120.641668,48.411127],[-120.641125,48.408542],[-120.645046,48.406104],[-120.64993,48.399287],[-120.649948,48.398145],[-120.640072,48.397091],[-120.625224,48.397599],[-120.621116,48.398778],[-120.610473,48.394313],[-120.604182,48.388509],[-120.599523,48.38571],[-120.58873,48.384234],[-120.584234,48.380042],[-120.567349,48.375523],[-120.566365,48.372843],[-120.563207,48.370854],[-120.562288,48.364497],[-120.56022,48.361053],[-120.561797,48.359239],[-120.566381,48.358156],[-120.56768,48.356498],[-120.567755,48.354146],[-120.569734,48.348885],[-120.577469,48.346136],[-120.578737,48.344227],[-120.583998,48.341619],[-120.585687,48.339187],[-120.586001,48.336814],[-120.583994,48.327775],[-120.584671,48.326318],[-120.588494,48.32349],[-120.586831,48.320328],[-120.583181,48.319134],[-120.565269,48.3176],[-120.560535,48.31569],[-120.558524,48.313836],[-120.659603,48.315385],[-120.66841,48.295291],[-121.001685,48.296014],[-121.003765,48.299434],[-121.010868,48.300169],[-121.0208,48.302838],[-121.026532,48.302481],[-121.028541,48.303884],[-121.029374,48.306057],[-121.028902,48.307629],[-121.034633,48.31149],[-121.036696,48.311558],[-121.04092,48.309606],[-121.045743,48.308904],[-121.058058,48.316172],[-121.060418,48.31648],[-121.067227,48.315137],[-121.069468,48.316264],[-121.071604,48.317808],[-121.068883,48.319989],[-121.068534,48.323115],[-121.065809,48.326279],[-121.0659,48.32802],[-121.067221,48.329956],[-121.070069,48.330411],[-121.071127,48.332326],[-121.069937,48.333899],[-121.069515,48.33897],[-121.06536,48.338451],[-121.063956,48.343585],[-121.0607,48.34648],[-121.057802,48.346393],[-121.053371,48.344958],[-121.043047,48.345732],[-121.040524,48.348477],[-121.040696,48.350119],[-121.041912,48.350869],[-121.042346,48.353724],[-121.040853,48.356419],[-121.043087,48.363434],[-121.046741,48.366365],[-121.049177,48.370265],[-121.052884,48.37391],[-121.061787,48.379368],[-121.058833,48.382408],[-121.058972,48.385703],[-121.059887,48.387869],[-121.065786,48.391801],[-121.066444,48.393545],[-121.064725,48.396424],[-121.065035,48.399256],[-121.06229,48.401633],[-121.062008,48.406023],[-121.057064,48.410646],[-121.056478,48.412144],[-121.054101,48.412585],[-121.047059,48.410458],[-121.041602,48.411276],[-121.046262,48.418898],[-121.043765,48.423706],[-121.042545,48.430592],[-121.037987,48.431853],[-121.037146,48.433034],[-121.03884,48.435334],[-121.03828,48.438081],[-121.040699,48.442912],[-121.041009,48.445744],[-121.04509,48.447944],[-121.048971,48.447444],[-121.055552,48.450181],[-121.056161,48.451573],[-121.060036,48.453373],[-121.061276,48.458216],[-121.063246,48.459798],[-121.060573,48.462675],[-121.060054,48.467193],[-121.056763,48.471416],[-121.056548,48.476375],[-121.04973,48.485405],[-121.042591,48.490592],[-121.038038,48.492955],[-121.025653,48.492888],[-121.025638,48.502459],[-120.988774,48.503337],[-120.988299,48.510546],[-120.977535,48.519598],[-120.970016,48.527916],[-120.958697,48.536248],[-120.927342,48.550418]]]]},"properties":{"district_id":"WA0058","name":"Stehekin","other_name":"Chelan","county":"Chelan","commodity_primary":"","other_commodities":"","discovery":"","production_years":"","production_amount":"","production_unit":"","deposit_type":"","district_link":"https://d92019.eos-intl.net/D92019/OPAC/Details/Record.aspx?BibCode=28452886","production_link":"","citation":"[Washington Geological Survey], [1980], Mining districts of Washington: [Washington Geological Survey], 1 plate, 1 p. text.","notes":""}},
{"type":"Feature","geometry":{"type":"MultiPolygon","coordinates":[[[[-121.97207,48.039444],[-121.841465,48.041814],[-121.54523,48.041919],[-121.546579,47.93756],[-121.715161,47.936691],[-121.71264,47.777338],[-121.97604,47.778845],[-121.97207,48.039444]]]]},"properties":{"district_id":"WA0059","name":"Sultan","other_name":"","county":"Snohomish","commodity_primary":"","other_commodities":"","discovery":"","production_years":"","production_amount":"","production_unit":"","deposit_type":"","district_link":"https://d92019.eos-intl.net/D92019/OPAC/Details/Record.aspx?BibCode=28452886","production_link":"","citation":"[Washington Geological Survey], [1980], Mining districts of Washington: [Washington Geological Survey], 1 plate, 1 p. text.","notes":""}},
{"type":"Feature","geometry":{"type":"MultiPolygon","coordinates":[[[[-118.159823,48.233144],[-118.153292,48.238073],[-118.148077,48.244892],[-118.144868,48.253833],[-118.141121,48.26095],[-118.140293,48.267886],[-118.143328,48.273879],[-118.148178,48.277475],[-118.152391,48.285825],[-118.157009,48.299414],[-118.166306,48.305542],[-118.16916,48.31264],[-118.17629,48.320139],[-118.17621,48.326363],[-118.180656,48.3368],[-118.180046,48.355555],[-118.182701,48.373145],[-118.18714,48.379604],[-118.187484,48.385521],[-118.188946,48.390316],[-118.198142,48.401699],[-118.203689,48.409892],[-118.204921,48.413719],[-118.204949,48.417976],[-118.201522,48.424458],[-118.202801,48.436853],[-118.206016,48.444734],[-118.213799,48.454375],[-118.211795,48.458829],[-118.211874,48.462893],[-118.210959,48.465332],[-118.204544,48.473298],[-118.198393,48.475232],[-118.195595,48.477123],[-118.186593,48.488507],[-117.993148,48.483627],[-117.994062,48.410383],[-117.952411,48.408911],[-117.958227,48.287097],[-117.959352,48.225872],[-118.159823,48.233144]]]]},"properties":{"district_id":"WA0060","name":"Summit","other_name":"","county":"Stevens","commodity_primary":"","other_commodities":"","discovery":"","production_years":"","production_amount":"","production_unit":"","deposit_type":"","district_link":"https://d92019.eos-intl.net/D92019/OPAC/Details/Record.aspx?BibCode=28452886","production_link":"","citation":"[Washington Geological Survey], [1980], Mining districts of Washington: [Washington Geological Survey], 1 plate, 1 p. text.","notes":""}},
{"type":"Feature","geometry":{"type":"MultiPolygon","coordinates":[[[[-120.905038,47.426312],[-120.902005,47.42702],[-120.894613,47.426071],[-120.891377,47.427735],[-120.887463,47.425525],[-120.884949,47.42256],[-120.878667,47.419911],[-120.87604,47.417448],[-120.872033,47.415307],[-120.868073,47.416227],[-120.866497,47.418248],[-120.861485,47.420642],[-120.849866,47.413769],[-120.843284,47.411605],[-120.837726,47.414759],[-120.836775,47.41817],[-120.828662,47.423885],[-120.813512,47.419689],[-120.806987,47.420817],[-120.803345,47.423056],[-120.799055,47.417019],[-120.794348,47.413946],[-120.79352,47.408379],[-120.791503,47.406506],[-120.787075,47.404753],[-120.785312,47.401365],[-120.783353,47.399626],[-120.77574,47.400056],[-120.772439,47.398972],[-120.768815,47.399684],[-120.764129,47.398089],[-120.757199,47.397743],[-120.754764,47.395657],[-120.747522,47.393781],[-120.734389,47.393761],[-120.732295,47.392467],[-120.731754,47.391133],[-120.726597,47.388068],[-120.727901,47.384479],[-120.726711,47.383451],[-120.727261,47.38077],[-120.724496,47.37747],[-120.723232,47.372803],[-120.72175,47.371698],[-120.721207,47.370057],[-120.718399,47.368845],[-120.711567,47.367727],[-120.710153,47.365905],[-120.708452,47.365316],[-120.700299,47.365238],[-120.693221,47.361304],[-120.691066,47.357133],[-120.682686,47.352553],[-120.68188,47.35037],[-120.679612,47.349554],[-120.676417,47.351416],[-120.671749,47.34693],[-120.664382,47.343311],[-120.658008,47.344231],[-120.655619,47.342258],[-120.649784,47.341857],[-120.642719,47.343603],[-120.639227,47.343587],[-120.631596,47.341674],[-120.628427,47.342533],[-120.627198,47.342143],[-120.624521,47.343678],[-120.621758,47.343582],[-120.61914,47.345402],[-120.616784,47.345293],[-120.608465,47.342164],[-120.606604,47.339371],[-120.603046,47.339093],[-120.598738,47.340924],[-120.595735,47.339597],[-120.591448,47.339957],[-120.585964,47.338084],[-120.578986,47.337387],[-120.578109,47.336211],[-120.578772,47.332189],[-120.576618,47.329037],[-120.576921,47.326261],[-120.570545,47.322286],[-120.568738,47.318596],[-120.568524,47.315736],[-120.570111,47.314596],[-120.570554,47.311073],[-120.564448,47.308229],[-120.558001,47.306583],[-120.553299,47.308758],[-120.547364,47.307548],[-120.547513,47.311968],[-120.530782,47.315428],[-120.528014,47.31701],[-120.524031,47.211452],[-120.523979,47.094755],[-120.898356,47.094071],[-120.904483,47.329758],[-120.905038,47.426312]]]]},"properties":{"district_id":"WA0061","name":"Swauk","other_name":"","county":"Kittitas","commodity_primary":"","other_commodities":"","discovery":"","production_years":"","production_amount":"","production_unit":"","deposit_type":"","district_link":"https://d92019.eos-intl.net/D92019/OPAC/Details/Record.aspx?BibCode=28452886","production_link":"","citation":"[Washington Geological Survey], [1980], Mining districts of Washington: [Washington Geological Survey], 1 plate, 1 p. text.","notes":""}},
{"type":"Feature","geometry":{"type":"MultiPolygon","coordinates":[[[[-121.118579,48.640907],[-120.908369,48.64087],[-120.908983,48.562373],[-120.927342,48.550418],[-120.958697,48.536248],[-120.970016,48.527916],[-120.977535,48.519598],[-120.988299,48.510546],[-120.988774,48.503337],[-121.025638,48.502459],[-121.025653,48.492888],[-121.115593,48.493341],[-121.118579,48.640907]]]]},"properties":{"district_id":"WA0062","name":"Thunder Creek","other_name":"","county":"Skagit","commodity_primary":"","other_commodities":"","discovery":"","production_years":"","production_amount":"","production_unit":"","deposit_type":"","district_link":"https://d92019.eos-intl.net/D92019/OPAC/Details/Record.aspx?BibCode=28452886","production_link":"","citation":"[Washington Geological Survey], [1980], Mining districts of Washington: [Washington Geological Survey], 1 plate, 1 p. text.","notes":""}},
{"type":"Feature","geometry":{"type":"MultiPolygon","coordinates":[[[[-119.575679,48.361483],[-119.536511,48.396659],[-119.518161,48.407834],[-119.508947,48.415307],[-119.47718,48.415792],[-119.458601,48.437527],[-119.452597,48.454085],[-119.466934,48.475351],[-119.464231,48.497223],[-119.482155,48.510213],[-119.490996,48.523123],[-119.488345,48.54273],[-119.480064,48.559268],[-119.474136,48.584848],[-119.472456,48.599215],[-119.454646,48.636052],[-119.452066,48.651127],[-119.460939,48.663284],[-119.461749,48.679898],[-119.447691,48.698647],[-119.427859,48.720362],[-119.415872,48.748184],[-119.405348,48.760165],[-119.401135,48.77555],[-119.392843,48.811378],[-119.39476,48.828757],[-119.407097,48.835334],[-119.101292,48.83422],[-119.10255,48.657101],[-119.257332,48.659021],[-119.25856,48.487255],[-119.22601,48.48665],[-119.234074,48.360066],[-119.575679,48.361483]]]]},"properties":{"district_id":"WA0063","name":"Tonasket","other_name":"","county":"Okanogan","commodity_primary":"","other_commodities":"","discovery":"","production_years":"","production_amount":"","production_unit":"","deposit_type":"","district_link":"https://d92019.eos-intl.net/D92019/OPAC/Details/Record.aspx?BibCode=28452886","production_link":"","citation":"[Washington Geological Survey], [1980], Mining districts of Washington: [Washington Geological Survey], 1 plate, 1 p. text.","notes":""}},
{"type":"Feature","geometry":{"type":"MultiPolygon","coordinates":[[[[-119.921435,48.498964],[-119.923101,48.399173],[-119.881126,48.398961],[-119.883621,48.305035],[-120.25416,48.308155],[-120.507464,48.309269],[-120.510302,48.311304],[-120.515223,48.312213],[-120.519114,48.311354],[-120.527328,48.306603],[-120.547216,48.306719],[-120.552898,48.311196],[-120.556957,48.312395],[-120.560535,48.31569],[-120.565269,48.3176],[-120.583181,48.319134],[-120.586831,48.320328],[-120.588494,48.32349],[-120.584671,48.326318],[-120.583994,48.327775],[-120.586001,48.336814],[-120.585687,48.339187],[-120.583998,48.341619],[-120.578737,48.344227],[-120.577469,48.346136],[-120.569734,48.348885],[-120.567755,48.354146],[-120.56768,48.356498],[-120.566381,48.358156],[-120.561797,48.359239],[-120.56022,48.361053],[-120.562288,48.364497],[-120.563207,48.370854],[-120.566365,48.372843],[-120.567349,48.375523],[-120.584234,48.380042],[-120.58873,48.384234],[-120.599523,48.38571],[-120.604182,48.388509],[-120.610473,48.394313],[-120.621116,48.398778],[-120.625224,48.397599],[-120.640072,48.397091],[-120.649948,48.398145],[-120.64993,48.399287],[-120.645046,48.406104],[-120.641125,48.408542],[-120.641668,48.411127],[-120.647797,48.412428],[-120.650268,48.414798],[-120.65199,48.423331],[-120.654751,48.426914],[-120.65525,48.430092],[-120.651538,48.432327],[-120.650915,48.434721],[-120.652789,48.437955],[-120.658991,48.441448],[-120.662892,48.442641],[-120.66662,48.446116],[-120.668832,48.449741],[-120.666608,48.451458],[-120.654784,48.453181],[-120.650847,48.460736],[-120.64102,48.466627],[-120.63242,48.46878],[-120.633487,48.47082],[-120.637881,48.473525],[-120.642616,48.474358],[-120.651369,48.47771],[-120.653557,48.480787],[-120.65325,48.48524],[-120.651341,48.485546],[-120.650119,48.488485],[-120.641643,48.492564],[-120.641118,48.494045],[-120.638492,48.496318],[-120.63125,48.495611],[-120.628425,48.496902],[-120.608477,48.496869],[-120.419604,48.494946],[-119.921435,48.498964]]]]},"properties":{"district_id":"WA0064","name":"Twisp","other_name":"Chloride","county":"Okanogan","commodity_primary":"","other_commodities":"","discovery":"","production_years":"","production_amount":"","production_unit":"","deposit_type":"","district_link":"https://d92019.eos-intl.net/D92019/OPAC/Details/Record.aspx?BibCode=28452886","production_link":"","citation":"[Washington Geological Survey], [1980], Mining districts of Washington: [Washington Geological Survey], 1 plate, 1 p. text.","notes":""}},
{"type":"Feature","geometry":{"type":"MultiPolygon","coordinates":[[[[-119.56689,48.920252],[-119.43178,48.918911],[-119.421679,48.909009],[-119.425347,48.897721],[-119.421035,48.884851],[-119.412181,48.87043],[-119.411337,48.856082],[-119.407097,48.835334],[-119.39476,48.828757],[-119.392843,48.811378],[-119.397924,48.787271],[-119.405348,48.760165],[-119.415872,48.748184],[-119.568463,48.750711],[-119.56689,48.920252]]]]},"properties":{"district_id":"WA0065","name":"Wannacut Lake","other_name":"","county":"Okanogan","commodity_primary":"","other_commodities":"","discovery":"","production_years":"","production_amount":"","production_unit":"","deposit_type":"","district_link":"https://d92019.eos-intl.net/D92019/OPAC/Details/Record.aspx?BibCode=28452886","production_link":"","citation":"[Washington Geological Survey], [1980], Mining districts of Washington: [Washington Geological Survey], 1 plate, 1 p. text.","notes":""}},
{"type":"Feature","geometry":{"type":"MultiPolygon","coordinates":[[[[-122.373336,45.859364],[-122.126524,45.861499],[-122.126067,45.599961],[-122.365236,45.596245],[-122.373336,45.859364]]]]},"properties":{"district_id":"WA0066","name":"Washougal","other_name":"","county":"Clark; Skamania","commodity_primary":"","other_commodities":"","discovery":"","production_years":"","production_amount":"","production_unit":"","deposit_type":"","district_link":"https://d92019.eos-intl.net/D92019/OPAC/Details/Record.aspx?BibCode=28452886","production_link":"","citation":"[Washington Geological Survey], [1980], Mining districts of Washington: [Washington Geological Survey], 1 plate, 1 p. text.","notes":""}},
{"type":"Feature","geometry":{"type":"MultiPolygon","coordinates":[[[[-119.101292,48.83422],[-118.836949,48.828571],[-118.837021,48.653876],[-119.10255,48.657101],[-119.101292,48.83422]]]]},"properties":{"district_id":"WA0067","name":"Wauconda","other_name":"","county":"Okanogan","commodity_primary":"","other_commodities":"","discovery":"","production_years":"","production_amount":"","production_unit":"","deposit_type":"","district_link":"https://d92019.eos-intl.net/D92019/OPAC/Details/Record.aspx?BibCode=28452886","production_link":"","citation":"[Washington Geological Survey], [1980], Mining districts of Washington: [Washington Geological Survey], 1 plate, 1 p. text.","notes":""}},
{"type":"Feature","geometry":{"type":"MultiPolygon","coordinates":[[[[-120.237419,47.623996],[-120.234797,47.619631],[-120.236715,47.607867],[-120.235606,47.602409],[-120.233572,47.598107],[-120.237704,47.591607],[-120.237959,47.587337],[-120.240047,47.583418],[-120.242347,47.580606],[-120.249216,47.576264],[-120.253383,47.572398],[-120.258895,47.558935],[-120.274933,47.551779],[-120.285748,47.544714],[-120.291168,47.539678],[-120.293748,47.536438],[-120.294743,47.532377],[-120.299069,47.524556],[-120.302449,47.521276],[-120.305122,47.507969],[-120.307557,47.503546],[-120.308623,47.495288],[-120.310466,47.488702],[-120.314476,47.479992],[-120.314221,47.477092],[-120.316667,47.471083],[-120.318293,47.461101],[-120.316863,47.453187],[-120.312228,47.445497],[-120.308861,47.433371],[-120.30225,47.424783],[-120.299848,47.418266],[-120.296418,47.413147],[-120.294307,47.402492],[-120.287877,47.394553],[-120.284601,47.392377],[-120.276194,47.388686],[-120.271561,47.38821],[-120.259376,47.383498],[-120.237653,47.378706],[-120.225744,47.379213],[-120.212896,47.376974],[-120.202795,47.376812],[-120.179805,47.371578],[-120.171826,47.371264],[-120.165049,47.367649],[-120.148918,47.366487],[-120.13057,47.366388],[-120.114606,47.356995],[-120.101238,47.34329],[-120.098682,47.342352],[-120.091318,47.341911],[-120.085593,47.338666],[-120.084004,47.336663],[-120.083285,47.333954],[-120.085258,47.331391],[-120.085019,47.329276],[-120.086226,47.325634],[-120.090421,47.319984],[-120.089847,47.317533],[-120.087025,47.313868],[-120.087925,47.308953],[-120.085982,47.300157],[-120.087608,47.297012],[-120.088585,47.292056],[-120.090012,47.278025],[-120.093326,47.274488],[-120.092698,47.271216],[-120.09446,47.262204],[-120.389014,47.261142],[-120.391208,47.263191],[-120.393105,47.26359],[-120.397643,47.269069],[-120.405659,47.274167],[-120.412294,47.274108],[-120.418194,47.275328],[-120.426597,47.274553],[-120.433471,47.278945],[-120.435066,47.281505],[-120.446977,47.288649],[-120.446713,47.289263],[-120.448629,47.291336],[-120.449171,47.294227],[-120.459809,47.300448],[-120.462216,47.300219],[-120.46498,47.301179],[-120.467649,47.303547],[-120.470564,47.304289],[-120.476355,47.307399],[-120.480079,47.306274],[-120.481133,47.304829],[-120.48179,47.306236],[-120.483652,47.307183],[-120.487808,47.307529],[-120.487713,47.311392],[-120.496929,47.31752],[-120.500673,47.317175],[-120.502723,47.317955],[-120.508592,47.318032],[-120.515196,47.320564],[-120.519111,47.32623],[-120.519111,47.327599],[-120.523045,47.330656],[-120.521258,47.332063],[-120.523479,47.333214],[-120.528667,47.333769],[-120.525041,47.619833],[-120.320642,47.624423],[-120.237419,47.623996]]]]},"properties":{"district_id":"WA0068","name":"Wenatchee","other_name":"","county":"Chelan","commodity_primary":"","other_commodities":"","discovery":"","production_years":"","production_amount":"","production_unit":"","deposit_type":"","district_link":"https://d92019.eos-intl.net/D92019/OPAC/Details/Record.aspx?BibCode=28452886","production_link":"","citation":"[Washington Geological Survey], [1980], Mining districts of Washington: [Washington Geological Survey], 1 plate, 1 p. text.","notes":""}}
]}
