{"type": "FeatureCollection", "properties": {"source": "USFS EDW National Wilderness Areas", "url": "https://apps.fs.usda.gov/arcx/rest/services/EDW/EDW_Wilderness_01/MapServer/0", "retrieved": "2026-08-01", "simplified_tolerance_deg": 0.0005, "advisory": "Display convenience only. Not a determination of whether ground is open to mineral entry."}, "features": [{"type": "Feature", "geometry": {"type": "Polygon", "coordinates": [[[-121.34287387871767, 48.168246425603485], [-121.35764081131046, 48.16877214399555], [-121.3576479805907, 48.165860743837484], [-121.37624194333856, 48.164442161700364], [-121.39441597469143, 48.157679459321564], [-121.3933910627364, 48.150468939046185], [-121.39098294179307, 48.14827647919471], [-121.3825731501191, 48.14717103006661], [-121.37974009882757, 48.14385639020134], [-121.37451967781833, 48.14329167074901], [-121.37360819732459, 48.14190881077523], [-121.37363000639509, 48.13813375056877], [-121.36716312405702, 48.13303194100889], [-121.36679971324037, 48.12997139088356], [-121.36469218243325, 48.12812517101695], [-121.36488445187204, 48.125722770865636], [-121.3625950704962, 48.12169507090098], [-121.36289486978114, 48.11859582069991], [-121.36110889847492, 48.114508310676136], [-121.35622557678082, 48.110939301023016], [-121.34958671559662, 48.11062387174033], [-121.34726796466032, 48.10839449187589], [-121.341626204204, 48.11035781260645], [-121.33901407375785, 48.11031449289301], [-121.33119113338815, 48.11410447396403], [-121.31976844177946, 48.115307515292855], [-121.31679513189985, 48.117806625757446], [-121.31007478062033, 48.11716578646604], [-121.30954940863808, 48.10948363610655], [-121.27955857843827, 48.08840431827391], [-121.27748366726316, 48.08503760831949], [-121.27314722619819, 48.08365334872302], [-121.27175790542515, 48.08145456875646], [-121.2655449929926, 48.0757840691331], [-121.26969457325592, 48.07403577857933], [-121.27461997420544, 48.074551568063555], [-121.2777075639949, 48.07159797756133], [-121.281368704426, 48.070864747117035], [-121.28137053342343, 48.06678480689409], [-121.28616940388544, 48.065404836288884], [-121.28883256457402, 48.066397666048964], [-121.28896519361916, 48.06242203581737], [-121.29101147388594, 48.06211778557485], [-121.2901274033796, 48.060657345592716], [-121.28583483190087, 48.0575545658972], [-121.28743185188715, 48.05641328565856], [-121.2865491114114, 48.05507619568299], [-121.28138616006635, 48.05310833614538], [-121.28140331734423, 48.04200611553665], [-121.27470104550466, 48.039068236115355], [-121.27623517509365, 48.03634821579733], [-121.27492212423242, 48.03373022579894], [-121.26629910185515, 48.02990580654062], [-121.2621898409859, 48.02915905695286], [-121.25919281983705, 48.02651376713836], [-121.25290165859911, 48.0257501377902], [-121.24745251638873, 48.02044328809994], [-121.24135714489361, 48.01849690866498], [-121.22282090920768, 48.00792484012692], [-121.21836932858655, 48.008428400644995], [-121.21575779762613, 48.00628749081496], [-121.21052663653431, 48.00540029134238], [-121.20675484612174, 48.00629281180702], [-121.19234458365824, 48.00607804338246], [-121.19258101649032, 47.9765791017299], [-121.19045908632168, 47.97734249200552], [-121.18755204554104, 47.97613708225891], [-121.17773979384414, 47.97591228332617], [-121.17464944409595, 47.979063323840265], [-121.17442927452632, 47.980977523970196], [-121.169072944114, 47.98296176466927], [-121.16591530434252, 47.98606302518808], [-121.16384934409845, 47.98648054543856], [-121.15256274168995, 47.98435877656329], [-121.15042261081742, 47.98225348668239], [-121.14752625002414, 47.980991476931244], [-121.14156163958803, 47.98329967771517], [-121.13563787848042, 47.9828293483409], [-121.13493610897868, 47.985352408557766], [-121.12987541864467, 47.98745931923123], [-121.12678096785727, 47.98635938951079], [-121.10905094436997, 47.98425506134479], [-121.10632119333671, 47.98189772151434], [-121.10503596308672, 47.98175705164789], [-121.10320391209048, 47.97893356169274], [-121.0937519101063, 47.97730201264168], [-121.08948890885078, 47.97508801298752], [-121.08348011632064, 47.96884776330145], [-121.07405672344073, 47.963522754041186], [-121.07385554280364, 47.96104652392551], [-121.07255621199626, 47.95862762393371], [-121.07310093147944, 47.95612992373488], [-121.07251845960296, 47.948823953392164], [-121.07047777880001, 47.94693268351104], [-121.06418851703707, 47.944028054040054], [-121.06000626502198, 47.93863156419856], [-121.06174411463108, 47.93582393385118], [-121.06074436359991, 47.93227324376294], [-121.06085961315722, 47.93037235364426], [-121.06217712294055, 47.92857082339917], [-121.06226085158896, 47.92295040307643], [-121.0611993905769, 47.91951784300135], [-121.06249012013731, 47.9168153827089], [-121.06032276903606, 47.91377865277718], [-121.05694428815956, 47.91250512307678], [-121.05558888732263, 47.90999477308525], [-121.03907421245457, 47.90136336441426], [-121.03408204132761, 47.90017518489519], [-121.02940340055822, 47.900244585412175], [-121.02335672879899, 47.89718030590361], [-121.01737293776492, 47.89706371655313], [-121.01620871774534, 47.89779045672151], [-121.00815665576766, 47.89521717746], [-121.0060614748014, 47.89268386754762], [-121.00300986399624, 47.89147911781454], [-120.99655696269834, 47.89060195847255], [-120.99114667203774, 47.89163227912338], [-120.97159508855611, 47.89084343122171], [-120.97045128862237, 47.89191201140711], [-120.97027551925694, 47.89465333158041], [-120.9675772791225, 47.89597335195029], [-120.96650367945827, 47.898104912187755], [-120.96300013970271, 47.90154763276525], [-120.95929042928333, 47.902395123219506], [-120.95347290906338, 47.90553035403341], [-120.95327789975748, 47.90852839422334], [-120.95436302055059, 47.911044684245745], [-120.95296284152774, 47.916045194680265], [-120.95090679184814, 47.91879346506016], [-120.9504370139501, 47.92777867561637], [-120.94681810470011, 47.93337837632779], [-120.94457836461282, 47.93457328664057], [-120.9443865052172, 47.93719383680879], [-120.94073891465615, 47.93741586722142], [-120.93397690430132, 47.94064817814482], [-120.92936628346746, 47.940416748637666], [-120.93159579416486, 47.94173911846739], [-120.9315785747305, 47.94407830860066], [-120.93654827597423, 47.945746788149], [-120.93664353654056, 47.948009988265625], [-120.93933480730291, 47.9492790280415], [-120.94126583812326, 47.95131307794369], [-120.9410568084324, 47.952729148046075], [-120.93954932836643, 47.953502958254965], [-120.94044461882224, 47.95475623822701], [-120.94017568913141, 47.956213608338324], [-120.94222407033419, 47.95973703831105], [-120.9455397615113, 47.962276198089405], [-120.94507820186816, 47.96406215824022], [-120.9461426324768, 47.96582502822213], [-120.94362413326108, 47.970790048776955], [-120.93815423329734, 47.97472681959832], [-120.93616142360028, 47.977350259964226], [-120.9324354333466, 47.97888918045976], [-120.92380050231682, 47.98064304150658], [-120.92148067154626, 47.97908756167412], [-120.92142921084873, 47.976259921521184], [-120.91908568915623, 47.97093451147974], [-120.91992210901907, 47.969791391323746], [-120.91986297858598, 47.96805369123268], [-120.91546374700383, 47.964604091522055], [-120.91373265585224, 47.96107276151371], [-120.91219056541033, 47.960326421641085], [-120.90952087407295, 47.9566814917293], [-120.90542776313276, 47.95565685212093], [-120.90503420200788, 47.951304431919375], [-120.90319226142735, 47.95019558205915], [-120.90249812076351, 47.94794689200886], [-120.89848019969436, 47.94633932235917], [-120.8982278990121, 47.94370726223876], [-120.89318104664878, 47.9374871524421], [-120.8914989452406, 47.93285826236585], [-120.87608069976694, 47.9210342533895], [-120.87460351904043, 47.919067843440466], [-120.87492981883292, 47.91798510334359], [-120.87309051765972, 47.91442829334435], [-120.870242336664, 47.91230596353662], [-120.86640552484698, 47.90748375368454], [-120.86434887429724, 47.906649213862714], [-120.86274851343505, 47.90420691389995], [-120.85975715257305, 47.9027350541444], [-120.85820638136028, 47.898809944092264], [-120.85565154065443, 47.897678014308035], [-120.84045799504028, 47.885092895258936], [-120.83746223418234, 47.88363996550447], [-120.82920822406483, 47.88892357670738], [-120.82246710464236, 47.89602190784774], [-120.81261726411424, 47.90072491919275], [-120.80730775337682, 47.90139109981183], [-120.8073951838103, 47.90312007990031], [-120.80852018417261, 47.90382990981739], [-120.80779664429527, 47.904841899954], [-120.808332744808, 47.90658428999412], [-120.81097348642034, 47.91139468997762], [-120.81486244723604, 47.91204458958848], [-120.81889258868465, 47.915207539326246], [-120.82188704071909, 47.921509089355055], [-120.8233367212024, 47.92249036925172], [-120.82356598179216, 47.92476225935521], [-120.8300423537243, 47.92820955884055], [-120.83171672488096, 47.93180893886055], [-120.83446615583671, 47.933830288673484], [-120.83563826676192, 47.93682471871423], [-120.83698682700155, 47.936872108569084], [-120.83826151792924, 47.93980479859501], [-120.84857965051411, 47.94326194765892], [-120.84876961098657, 47.945074687740394], [-120.84982503133611, 47.9457786476644], [-120.84934966170934, 47.94764576782188], [-120.85118080236339, 47.949062757701], [-120.85304830342204, 47.95211932766859], [-120.85226201387185, 47.95451688789004], [-120.85047898383064, 47.95558783814609], [-120.83809455182386, 47.955950669525016], [-120.83384419223877, 47.96061558025459], [-120.83560907413934, 47.96720149043252], [-120.8441523657302, 47.967798309528774], [-120.84619161654817, 47.96974209941457], [-120.85112382799558, 47.97226103901523], [-120.85171926825976, 47.972932558987694], [-120.85083077828133, 47.97363856912498], [-120.84725066802183, 47.975060649598056], [-120.84912895911431, 47.97824274957114], [-120.85048844915703, 47.97747351937858], [-120.85225345960582, 47.978090409219575], [-120.85925938068301, 47.977647558425524], [-120.86439193168776, 47.97820944789372], [-120.86561046241594, 47.980353467880605], [-120.87015293419601, 47.984507727615544], [-120.87261158655802, 47.9924938977945], [-120.87411826712146, 47.99376028770018], [-120.87525147813956, 47.99714981776615], [-120.87724577878103, 47.99839774761714], [-120.88050888029017, 48.00232312747906], [-120.88097442121818, 48.00580392762336], [-120.87930956195966, 48.0099955280416], [-120.87977534237865, 48.01138947806863], [-120.87842009233259, 48.01213934825964], [-120.86840150145615, 48.015489189548845], [-120.86006042046434, 48.01720585056204], [-120.83935641565752, 48.011868992537316], [-120.82984273438453, 48.01325342366058], [-120.8281179343562, 48.014334163910945], [-120.83121502573618, 48.017838903767824], [-120.82979472563552, 48.0184117539561], [-120.83025919591574, 48.01923739395152], [-120.82751975577014, 48.02054109432592], [-120.82717583598543, 48.02166148442679], [-120.82991992720342, 48.02474548429862], [-120.82927349779288, 48.027607064530606], [-120.83152797899236, 48.03095332447095], [-120.83110269976873, 48.034424944712875], [-120.8333692208984, 48.0374759446351], [-120.83316603134804, 48.039455814768694], [-120.83448829178492, 48.0403265646722], [-120.83340314228128, 48.04310796494779], [-120.83660327310679, 48.044267054660985], [-120.83556130320451, 48.0453881948385], [-120.83592220355173, 48.04655752486451], [-120.83529535361497, 48.04725011497231], [-120.8390135148251, 48.049622214696505], [-120.83901364527355, 48.05145477479938], [-120.83825487523683, 48.05182993490387], [-120.83926527559268, 48.052584814835086], [-120.84086422725235, 48.05825857497754], [-120.84240440764793, 48.05880861483894], [-120.84297116822674, 48.06078066488718], [-120.84189150841343, 48.0622894450906], [-120.84378008948042, 48.0653400150538], [-120.84732906046182, 48.066892594750215], [-120.84794343092157, 48.06834436476396], [-120.85062227139804, 48.0684374244743], [-120.85315668219735, 48.06994794427994], [-120.85488085310347, 48.072454074230485], [-120.85440365326679, 48.07345021433885], [-120.85574292370816, 48.074325614240394], [-120.8553468838869, 48.075328184340115], [-120.85614723436535, 48.07672692433032], [-120.85922751521618, 48.07806996406631], [-120.85919798563793, 48.07981033416698], [-120.85803171571675, 48.080936824358496], [-120.84573124600978, 48.09062290625535], [-120.84435281548888, 48.08945172634158], [-120.84213165505597, 48.08922109657333], [-120.8399502751977, 48.09130475693025], [-120.83799458585656, 48.095339717371594], [-120.83865563710272, 48.09995928755734], [-120.84175359841049, 48.103147117394414], [-120.84600925185953, 48.1142498075463], [-120.83081567000906, 48.11719766938584], [-120.8304122390608, 48.11361785923006], [-120.82901727862496, 48.11280676933839], [-120.82944950817874, 48.11069267917243], [-120.82819214757943, 48.10912103922303], [-120.825382506831, 48.10801353947062], [-120.82185751619355, 48.10785137984995], [-120.82221197452478, 48.10081166941664], [-120.81965798372954, 48.09933646961531], [-120.81367907242635, 48.09815776020778], [-120.81435979219472, 48.09674377005354], [-120.81853190259832, 48.09550571952463], [-120.8179784319085, 48.093077139449434], [-120.8189187219788, 48.09271401932555], [-120.81875007173086, 48.09182001929398], [-120.81111500916559, 48.08664053984427], [-120.80709505844163, 48.08646865027723], [-120.8030770482276, 48.08837466082656], [-120.80155230754637, 48.08665159089776], [-120.79991570619312, 48.082265230831645], [-120.79519181463061, 48.07916040117723], [-120.78698505126151, 48.07109345162695], [-120.78603641037098, 48.068114821563775], [-120.78653548010212, 48.066671231427655], [-120.78573776898487, 48.06266072128978], [-120.79419107932662, 48.058198170108895], [-120.7938324489514, 48.05691356007603], [-120.79578903831482, 48.05295592963816], [-120.79488343770349, 48.051084959632526], [-120.79158149678787, 48.04963137991378], [-120.79057583627255, 48.04822184994503], [-120.79365115595043, 48.04477163941266], [-120.79498399529174, 48.0411529690624], [-120.7995455656049, 48.039269768454865], [-120.80067437509784, 48.03641196816987], [-120.79941511433529, 48.034165338181786], [-120.7992028135937, 48.031277378042454], [-120.79795213301529, 48.02977773809548], [-120.7986393626383, 48.02775731790612], [-120.79696704175365, 48.025295787951215], [-120.79719637127614, 48.02318111780679], [-120.7921391193505, 48.01880549811582], [-120.79091436915792, 48.01886744825385], [-120.78000584812742, 48.022225099641666], [-120.77621198754493, 48.022475710072634], [-120.7555504952148, 48.02729486261463], [-120.75183322537256, 48.030525883205506], [-120.74804532515276, 48.03225963371959], [-120.73237578274318, 48.03329277549955], [-120.73081289262227, 48.03388505570478], [-120.72801845293121, 48.037094206193224], [-120.72085283197084, 48.03814855704014], [-120.71550917147309, 48.03982964772233], [-120.7136638227808, 48.04646584830051], [-120.71316176421185, 48.05266890870648], [-120.71104303505, 48.05756970921642], [-120.70881070525034, 48.05994087959587], [-120.7059442750795, 48.0612358399842], [-120.70698007607353, 48.06457840005929], [-120.70549576700559, 48.06941863049608], [-120.70000219647014, 48.071049701192315], [-120.69192649535564, 48.07211104214035], [-120.68579571410423, 48.07126238276644], [-120.68178288357483, 48.07189039324319], [-120.67544874326028, 48.07501176411625], [-120.66767647208701, 48.07562664500564], [-120.6636807719953, 48.07803256558118], [-120.66245964216262, 48.079565415802314], [-120.66266015301026, 48.082887205968305], [-120.66107446322499, 48.08486674625474], [-120.65453001225508, 48.0854604470081], [-120.65403361272543, 48.08772565719097], [-120.65512516331185, 48.08935972716342], [-120.65351690339888, 48.090833657423794], [-120.65669931447266, 48.093001927196454], [-120.65606154538747, 48.097177227502925], [-120.64644942514198, 48.10285914888197], [-120.64502710555445, 48.10552990918963], [-120.64573879628526, 48.10801430925193], [-120.64348198670378, 48.11128871968551], [-120.63521020648167, 48.11613287087004], [-120.62915547519097, 48.11508310147694], [-120.62598371502014, 48.116592311911454], [-120.62441336561002, 48.12008722228213], [-120.62405181644779, 48.12375089252937], [-120.62230206680648, 48.12642764287348], [-120.60705359539838, 48.131294324827664], [-120.60687639590938, 48.133497414971906], [-120.60347639624491, 48.137226315557406], [-120.60199754576983, 48.136320805668966], [-120.59900991524161, 48.13624818599379], [-120.59433197514957, 48.13912604667181], [-120.58227218328922, 48.139942468045895], [-120.57211639241228, 48.14343926936225], [-120.56524618137429, 48.14399619015025], [-120.55959615105463, 48.14662731092155], [-120.5400890581836, 48.148527573177034], [-120.53608855807, 48.15085137374948], [-120.53067227717264, 48.15097352435267], [-120.52771348696815, 48.15220266474826], [-120.52974282732119, 48.1522250645261], [-120.53651840942607, 48.15606679399834], [-120.54240825192002, 48.16210574369258], [-120.54515831223199, 48.16146053335313], [-120.55158693362208, 48.16263789271185], [-120.55441969386123, 48.161639862343236], [-120.57053409793623, 48.16699486087162], [-120.57284170777017, 48.16471696048835], [-120.58150642975846, 48.16677439965026], [-120.58503520137334, 48.17088226949387], [-120.59095645286851, 48.172842438952166], [-120.59796076496727, 48.176501798387086], [-120.60328078684199, 48.180419518021985], [-120.60547356738128, 48.18108704781792], [-120.60581696781664, 48.182615187866375], [-120.60864008905216, 48.185669707727556], [-120.61047896054261, 48.19043897779397], [-120.6138541408806, 48.18947127736713], [-120.61410727064742, 48.18835048727602], [-120.61543622069057, 48.18760496708738], [-120.61850861137529, 48.1882530667851], [-120.61964117129408, 48.18713926659738], [-120.62358490184162, 48.18662813613362], [-120.62811266293832, 48.18793959570823], [-120.63488251397003, 48.18743570493316], [-120.63907261506682, 48.18898204455814], [-120.64377848578025, 48.18861787401853], [-120.64761447667007, 48.18957073364903], [-120.65424347772189, 48.18924901289965], [-120.65737893787308, 48.18769341246619], [-120.66721059929048, 48.18664045132234], [-120.66792991955768, 48.18722641127598], [-120.67072682984335, 48.18645080092377], [-120.67486402077041, 48.18734886051785], [-120.6779311611044, 48.18658302013642], [-120.68098632180919, 48.18732852984119], [-120.68401114210012, 48.186417719456266], [-120.69262578415072, 48.188777428638325], [-120.69890485530725, 48.18912821796514], [-120.70260756634279, 48.190767907648556], [-120.70645226699561, 48.190759187223776], [-120.71685421954598, 48.193913036252546], [-120.72046221026916, 48.19435353587896], [-120.72282456050411, 48.19367601558023], [-120.72619426136644, 48.1948449452737], [-120.73327424242729, 48.19426039445936], [-120.73917762355069, 48.19474103383457], [-120.74149191451808, 48.197062993709004], [-120.74311527483218, 48.19721634353834], [-120.7515789636566, 48.186625112011114], [-120.7637951739473, 48.179385940257504], [-120.76981546494567, 48.17928444958732], [-120.7923263395925, 48.1826139072884], [-120.79597558172838, 48.188753737228275], [-120.79779005234403, 48.18999849709735], [-120.80163471472699, 48.19700032706339], [-120.79452039481622, 48.202250658142134], [-120.7946265567255, 48.209898828557], [-120.79240839747038, 48.21443333905492], [-120.79231080920127, 48.22149458945929], [-120.77229244407943, 48.214547511284245], [-120.76699505232882, 48.21111180167772], [-120.75768254190969, 48.21582104296966], [-120.75136242225093, 48.221546323987816], [-120.74120699151551, 48.22555832533422], [-120.73869053160277, 48.22764136572873], [-120.73815632078316, 48.22469754562324], [-120.73378963961879, 48.222996456010684], [-120.73150179878954, 48.22121924616407], [-120.72379044709919, 48.21969468693073], [-120.7199408457726, 48.216982027204175], [-120.71455624479556, 48.2167401677854], [-120.70429420174857, 48.211487908624505], [-120.69707201013284, 48.20993081933473], [-120.6814934577277, 48.210944961111736], [-120.67927036792467, 48.21327558148803], [-120.67568578751677, 48.21409848193002], [-120.67306731904267, 48.22207620266696], [-120.66526728828256, 48.22438353365794], [-120.66476526969927, 48.23045596405426], [-120.66337756001435, 48.23268625433271], [-120.65763267945299, 48.234379855062414], [-120.65463627979308, 48.23782015558651], [-120.65280678052692, 48.24204533602584], [-120.64345262062042, 48.24887253744265], [-120.64381098102079, 48.25024151747987], [-120.64111461117504, 48.252722667917105], [-120.64227381225031, 48.25626262798766], [-120.65327593467138, 48.25844913689414], [-120.6781164457594, 48.24573112343559], [-120.68694112744703, 48.2464668225014], [-120.69123501860398, 48.248180622122725], [-120.69360908969327, 48.25094219201485], [-120.69461440056111, 48.25375162206085], [-120.69220891122983, 48.25810324257029], [-120.69369748204225, 48.260355512531646], [-120.69393684254628, 48.26222283260965], [-120.69297534300247, 48.264722892855765], [-120.69458520376278, 48.26668066278715], [-120.6958020178163, 48.28217197351815], [-120.69750107900586, 48.28579351353234], [-120.69616118932733, 48.28800709380421], [-120.69635212971035, 48.289417243861834], [-120.69401750962244, 48.290665954189926], [-120.69212015928481, 48.29060990439685], [-120.69171557981088, 48.29300414457529], [-120.68841290065363, 48.29866030525667], [-120.68697640089518, 48.30061736552492], [-120.68556129079494, 48.30118527571329], [-120.68477108218704, 48.30732373614336], [-120.68286604225082, 48.30888694644159], [-120.68357583254796, 48.30959405640246], [-120.69399267608907, 48.31667748564374], [-120.70071887778786, 48.318890555021994], [-120.71226111941073, 48.31750109366582], [-120.7200694002274, 48.31543371268566], [-120.72594282119721, 48.31530702202787], [-120.7310948223831, 48.31654243152576], [-120.7300582924971, 48.317709661705564], [-120.73005231321099, 48.320579761865844], [-120.72913030360978, 48.32281095209206], [-120.73196701535774, 48.32788454205972], [-120.73199330957439, 48.344773542995014], [-120.73955216975905, 48.3403494519112], [-120.74555925030639, 48.338439951139065], [-120.7494126308782, 48.33809997069292], [-120.75310401098207, 48.335995120166785], [-120.7562606620626, 48.33817111993748], [-120.7571211338389, 48.344702080204236], [-120.76485891606012, 48.34832006954644], [-120.77808655777763, 48.346177567960275], [-120.78848052866827, 48.342658546612384], [-120.79552247962329, 48.34168413577727], [-120.80072076974952, 48.338646665032506], [-120.80252190024807, 48.33941683487532], [-120.80618836200199, 48.343944534718936], [-120.80618796251103, 48.34598360483166], [-120.81058457341373, 48.34660408437809], [-120.81255654453902, 48.349766834334005], [-120.8202955774587, 48.35618560382942], [-120.8438541021732, 48.35902738137066], [-120.85198246398294, 48.360742810562556], [-120.85473092665467, 48.36955755074262], [-120.85618664032188, 48.38321934133244], [-120.86555357341032, 48.389196710619906], [-120.87467991954611, 48.40748625060913], [-120.88317485049889, 48.40553446955725], [-120.88697018049935, 48.402967958994424], [-120.88940339082423, 48.40261670870456], [-120.89220386149668, 48.40340249843615], [-120.89446234141192, 48.40153673808274], [-120.8959756816362, 48.40140687790727], [-120.89778064135378, 48.399059887577955], [-120.89638113022532, 48.395506897538866], [-120.89781356998864, 48.39359335727465], [-120.89791198945142, 48.39138386714261], [-120.90549563979432, 48.38761906609304], [-120.91312806104335, 48.38743791523451], [-120.91969609304628, 48.39098548469847], [-120.92326008373105, 48.3913067043197], [-120.92459940423318, 48.3924038342308], [-120.92684926342933, 48.38767610372182], [-120.95673426955925, 48.3919307606307], [-120.95825666056197, 48.39490091062353], [-120.9583042912714, 48.3976963907709], [-120.95524742310768, 48.40707622162311], [-120.95767015423681, 48.409939111509715], [-120.95457795669013, 48.42179057250044], [-120.95714150978228, 48.432362922791285], [-120.9648081714429, 48.43380200201578], [-120.97428360313809, 48.43416180097993], [-120.98024816362864, 48.43209737020315], [-120.98468933439398, 48.43215116971137], [-120.9869653451521, 48.43363344953844], [-120.99509404593458, 48.43127561850467], [-120.99976261715588, 48.432990388077755], [-121.00313914715197, 48.430704387577386], [-121.00762335784152, 48.43043034706291], [-121.01224514919761, 48.43271353667199], [-121.01524121949467, 48.431880496292955], [-121.02065089041163, 48.431889555690674], [-121.0234805513031, 48.433531405464485], [-121.02591794176848, 48.43374340520441], [-121.033263802331, 48.43104475423942], [-121.03489728262068, 48.43109891406033], [-121.03725709332801, 48.43232531386388], [-121.03866903422488, 48.43494088384832], [-121.03824521502186, 48.43839159408261], [-121.04066889647827, 48.44254940403781], [-121.04047169690902, 48.44439210415961], [-121.04127581741558, 48.44586387414967], [-121.04474345851062, 48.447884813872534], [-121.04855219900872, 48.44730774341661], [-121.05538176084336, 48.450010582801404], [-121.05612897136258, 48.45157002280245], [-121.06017939252803, 48.45347984245402], [-121.06144016397455, 48.45837332257803], [-121.06332174468889, 48.45994614245312], [-121.07232729643364, 48.460834801496524], [-121.0741691170942, 48.46222069136587], [-121.08020125841557, 48.46342219075774], [-121.0875066393589, 48.462274099880645], [-121.09175765066713, 48.4646163495327], [-121.09574622155837, 48.465481399134205], [-121.09758052228054, 48.46711691901773], [-121.09861888242699, 48.46700307889567], [-121.10205657257391, 48.46528732841955], [-121.10567911303995, 48.46471265798431], [-121.1078880629392, 48.4628370576367], [-121.1095421124351, 48.459733177284804], [-121.10966141171365, 48.456793027113015], [-121.11506195209851, 48.4547087063981], [-121.11628397113108, 48.45005461601087], [-121.12211381191776, 48.44927708531856], [-121.12627905222497, 48.447711304769484], [-121.13550951367039, 48.447275713716216], [-121.13481585281683, 48.44435296363621], [-121.13828445338041, 48.44427079324484], [-121.13975245420019, 48.446542123203336], [-121.14345929510948, 48.44767252285064], [-121.15170281760965, 48.452082502168025], [-121.152625437913, 48.4526693420966], [-121.15217300805693, 48.453542112194036], [-121.15427098886433, 48.45534242205671], [-121.1566071792581, 48.455344231796026], [-121.1566127496342, 48.45683136187537], [-121.160677310632, 48.45807398148843], [-121.16586851144145, 48.457818950895245], [-121.1674748215089, 48.45701480067278], [-121.16747055111271, 48.455447320589045], [-121.17528971217659, 48.454448779662606], [-121.19072047486421, 48.454813307959604], [-121.19262263497508, 48.4539850077028], [-121.19281311445096, 48.45178042756325], [-121.24391613297217, 48.451524391843805], [-121.24424270422371, 48.456265642060856], [-121.24589682570972, 48.4610514821319], [-121.24527317646684, 48.464463832383956], [-121.25451016928537, 48.46948263161999], [-121.27593377336542, 48.47140366932828], [-121.28146668395748, 48.47007472863907], [-121.28661765629086, 48.47588806837304], [-121.29379339674509, 48.47292649741317], [-121.2968942761371, 48.46846506682902], [-121.30148543608225, 48.46520356614222], [-121.30218042570135, 48.463235235959786], [-121.30390261563147, 48.461816475691734], [-121.31632523859179, 48.46529597448853], [-121.31763728906375, 48.46629378439494], [-121.3180449395698, 48.46802577444147], [-121.35903664645615, 48.46812576986371], [-121.35784949594198, 48.46687758993025], [-121.3591628744015, 48.45991421941395], [-121.36882728252668, 48.44609473760027], [-121.36847704206913, 48.44451462755551], [-121.36992404183395, 48.4426246572935], [-121.36561443062541, 48.4406908476724], [-121.35913862952236, 48.44061051839168], [-121.35650227942897, 48.4419871687594], [-121.35733672847809, 48.39797957632478], [-121.35511958743479, 48.39530584642975], [-121.355876507146, 48.3936548662573], [-121.3721043001934, 48.39498928451765], [-121.37479008117691, 48.397114984331104], [-121.37566792281568, 48.4030431845486], [-121.37836683429522, 48.407128764464595], [-121.3901270662866, 48.40723710315747], [-121.41276894063655, 48.40950240074961], [-121.41444994011735, 48.406327770393496], [-121.41185794871681, 48.40248367047892], [-121.4122238580354, 48.39953492028152], [-121.40960517730984, 48.39838841051301], [-121.40776069625848, 48.39543420056197], [-121.40787207573057, 48.393262450434186], [-121.40416883458546, 48.39116724073618], [-121.40291759307348, 48.38598679060044], [-121.40147204270306, 48.385473050734454], [-121.39967758185504, 48.38329154081866], [-121.40177158162705, 48.38099493046293], [-121.40285111062951, 48.376310090093305], [-121.40142896986906, 48.37422816014119], [-121.39803678205377, 48.34535074898152], [-121.39178566062387, 48.34380757959584], [-121.38500271944723, 48.34362915034213], [-121.37588909722008, 48.34081315120725], [-121.36665942581762, 48.341366092265034], [-121.36160647339337, 48.33505949249086], [-121.35826771252844, 48.33383287279711], [-121.35324856150619, 48.3330990033168], [-121.34345056016238, 48.33426942447064], [-121.34355396967831, 48.332267814351944], [-121.34658715954532, 48.32971300387744], [-121.348835268884, 48.32557176340546], [-121.345218767376, 48.32196095361469], [-121.33666605565922, 48.32081160450517], [-121.32386039378974, 48.32189488598867], [-121.32535427312423, 48.318236965626205], [-121.32326600201135, 48.315183665694825], [-121.32277915091517, 48.31112573553118], [-121.32666651080957, 48.30810460493655], [-121.33010889007998, 48.3028839242734], [-121.33020012969367, 48.30127704417701], [-121.33441960965641, 48.29830626354813], [-121.3358977991484, 48.29528427322152], [-121.33964516937459, 48.2936833527188], [-121.34430073997247, 48.29296373216239], [-121.33028665198945, 48.2703562825061], [-121.29702414740942, 48.27428633641416], [-121.29110879671367, 48.27546416713491], [-121.28797871674617, 48.27769434760295], [-121.28209154617166, 48.27934036834593], [-121.27832686534833, 48.27856542872246], [-121.27248065478626, 48.28023540946221], [-121.26600002371292, 48.28028192018486], [-121.25874414278562, 48.281435621053355], [-121.25169541145212, 48.28082273180351], [-121.24957178070999, 48.27927331195578], [-121.22434840369695, 48.26809544415294], [-121.22249111293912, 48.26630337426218], [-121.22649580285871, 48.26328513365407], [-121.22266972222609, 48.26332020408081], [-121.22183805174119, 48.261933084098004], [-121.21854566078653, 48.26031593437588], [-121.20626268831379, 48.25865706564944], [-121.2012962170842, 48.257064096114306], [-121.19246991412747, 48.251132436771876], [-121.18634613357263, 48.25303276755461], [-121.18635461080149, 48.24188466694798], [-121.1928184518835, 48.241874486230394], [-121.21533801237467, 48.228655473014605], [-121.22194128300248, 48.22672782217764], [-121.23132210319223, 48.22116338083533], [-121.23547298399761, 48.22160654039902], [-121.24123191481198, 48.221002149727596], [-121.24551301471902, 48.21774095907592], [-121.25250451506375, 48.21441489812032], [-121.25662707464625, 48.2099530974213], [-121.26755139710278, 48.212485336347186], [-121.27934936908147, 48.212506535039935], [-121.28486227881415, 48.20771569416923], [-121.29309952023961, 48.207910643266274], [-121.29573129985361, 48.2045830127944], [-121.29784760998542, 48.20368898251137], [-121.29972846037342, 48.203985662318885], [-121.30154860043422, 48.20300513206396], [-121.3064525417854, 48.205147981636046], [-121.31457182246525, 48.20242223058824], [-121.31484205217478, 48.201069640485166], [-121.3127688105622, 48.19596555043913], [-121.30872607901473, 48.192448580697096], [-121.30993218824565, 48.18853432035163], [-121.30243626639432, 48.18611708105167], [-121.29469581553958, 48.18788648200538], [-121.29012425441923, 48.186448962434156], [-121.28215010144496, 48.179824212958714], [-121.27595010017531, 48.178883083594584], [-121.27587832767155, 48.16881936305637], [-121.2657047759705, 48.168819624183094], [-121.26286697404568, 48.162958624178906], [-121.26217404331, 48.16045276411943], [-121.262552252922, 48.15862828397835], [-121.2596162525257, 48.15901140432425], [-121.2598127790869, 48.14496700353852], [-121.26175320962166, 48.14581785337008], [-121.26379501989614, 48.14554703312942], [-121.27348473192426, 48.147199052146874], [-121.28197315324613, 48.14680711118605], [-121.2834459241304, 48.1493892911633], [-121.28763105535901, 48.151530350816266], [-121.29250593639438, 48.15242383032509], [-121.2993211382609, 48.15536811973029], [-121.30455161942481, 48.15654211921479], [-121.3062386995713, 48.155995108998304], [-121.30613871006324, 48.158051559120885], [-121.31013073131042, 48.160398218806], [-121.3122037916483, 48.160364898574585], [-121.31702318290178, 48.16217875813902], [-121.32234999389665, 48.162605927572145], [-121.33004550581067, 48.16514985685735], [-121.33566805675706, 48.16518301623623], [-121.34287387871767, 48.168246425603485]]]}, "properties": {"name": "Glacier Peak Wilderness", "acres": 566328}}, {"type": "Feature", "geometry": {"type": "Polygon", "coordinates": [[[-120.10497461288875, 48.78606170745947], [-120.09486624296834, 48.793271818994576], [-120.09061429309729, 48.796676989661286], [-120.08944899337787, 48.798567379897776], [-120.0842430933691, 48.80208609067758], [-120.04187445786043, 48.80952973583473], [-120.02540519778003, 48.8204696482924], [-120.03479163357237, 48.836626268150745], [-120.0373558246996, 48.83926500801201], [-120.03371782392158, 48.83871858838847], [-120.01741848168412, 48.841133210348524], [-120.0106393018633, 48.84645887140678], [-120.00870671312614, 48.85269128197359], [-120.01410460767187, 48.86668325215541], [-120.01320492814243, 48.86912504239335], [-120.01034913858653, 48.87279711291943], [-120.00234433818677, 48.8767011540354], [-119.99405385821817, 48.88247463528845], [-119.99241842809244, 48.88310154550688], [-119.98917498722948, 48.88196236580625], [-119.98849670686418, 48.88100644582853], [-119.98609729672278, 48.882093596158434], [-119.98789986757005, 48.884154176072265], [-119.98743205765159, 48.884789506160395], [-119.978787186131, 48.884781277128454], [-119.98007072662297, 48.885815757042806], [-119.98481033762474, 48.88647258654872], [-119.9850995681499, 48.88831388661974], [-119.9823835579566, 48.88941508698593], [-119.98113076846094, 48.89222643728427], [-119.97915623818028, 48.89248338751996], [-119.97754934850248, 48.894828877831856], [-119.97529832832593, 48.89567846813183], [-119.97649280781962, 48.892899657841824], [-119.97512330710175, 48.89104768789116], [-119.97384025685552, 48.89096692803038], [-119.97165570682058, 48.892321268351324], [-119.97322951617849, 48.88875597797452], [-119.97274287578273, 48.88755179796139], [-119.96965505548565, 48.88850479836089], [-119.96652157442695, 48.886532618601], [-119.96715336534984, 48.88968406870746], [-119.96401885517992, 48.89116269914179], [-119.96229830443772, 48.889455989238556], [-119.95926192232307, 48.883318129233345], [-119.95140475116014, 48.88416623016113], [-119.94886124058796, 48.88368094041871], [-119.94420070851169, 48.878799450665646], [-119.93872043674628, 48.875684831103705], [-119.92220473429029, 48.877431773051335], [-119.9195710740522, 48.87830748339561], [-119.91116901203864, 48.87622944421894], [-119.9083555715468, 48.87624276453463], [-119.89396785048392, 48.88195790646809], [-119.89201446106567, 48.88555483688996], [-119.88701880098807, 48.888672107625396], [-119.89086714207501, 48.890260157284246], [-119.89917227538663, 48.89743720675939], [-119.9002435559984, 48.89907943673208], [-119.89944885633287, 48.90092041692497], [-119.90102780702964, 48.90254472683974], [-119.9026629074743, 48.90315268669084], [-119.90343449734263, 48.90211456654588], [-119.90451125765031, 48.90257261645105], [-119.90438263820604, 48.904816366592], [-119.90293274828339, 48.90610690682721], [-119.90527293940634, 48.90886374672047], [-119.90364283912227, 48.908875456903814], [-119.90169168809476, 48.90622307697282], [-119.90366029771492, 48.903404626593314], [-119.90034082709586, 48.90327117695769], [-119.89847940634519, 48.90163079707362], [-119.89836104577314, 48.8994918869662], [-119.89439331504268, 48.899369587403676], [-119.89089106399109, 48.89768294770076], [-119.88641405331441, 48.89811825822673], [-119.88461271324319, 48.89907389848242], [-119.88140727398887, 48.90415974912863], [-119.88196746512739, 48.90819361929364], [-119.87458981491307, 48.91240650035799], [-119.86902667414161, 48.91321856102704], [-119.8680938645562, 48.91546399125837], [-119.86544473451694, 48.91712317164885], [-119.86553482262471, 48.98709596558244], [-119.87601211447374, 48.98709596440619], [-119.87596047722091, 48.99772585500926], [-119.88114661813573, 48.997724604426786], [-119.8811248986937, 48.999890214550824], [-120.03561485575844, 48.99939594716087], [-120.5587749471823, 49.00060588827711], [-121.01950525603988, 49.000126326141256], [-121.0174784352759, 48.99852497628685], [-121.01558750485734, 48.99815509648169], [-121.01438047413096, 48.996163876514], [-121.01139451350248, 48.99570385682811], [-121.01080617297008, 48.99405163680805], [-121.01374659195008, 48.98823821616982], [-121.01190664070268, 48.9846645661906], [-121.01259557043122, 48.98317784603451], [-121.01196779009668, 48.982306486059805], [-121.00697231885769, 48.98081849654728], [-121.00643142852714, 48.97990559656056], [-121.00810311787343, 48.97631514618262], [-121.00340380580724, 48.971466556459674], [-120.99795851521618, 48.97275220714362], [-120.99730115471988, 48.971280207140616], [-120.99582190431103, 48.97067866727642], [-120.98918630289083, 48.96956611796884], [-120.98917274260067, 48.968463747912345], [-120.98648993117742, 48.964761158021], [-120.98245386022634, 48.96375047842447], [-120.98046319952208, 48.96235074857595], [-120.97983009848363, 48.95878394845963], [-120.98346986809136, 48.95490423784339], [-120.98388420714039, 48.95098711759005], [-120.9810671857173, 48.94736842771787], [-120.973690263775, 48.94473594841324], [-120.97217160195594, 48.938747268268834], [-120.97330550043918, 48.932182237794], [-120.97690487885528, 48.92374368694148], [-120.97716528722242, 48.917297706571446], [-120.96388786877982, 48.89351089681258], [-120.95901254630883, 48.88719026702803], [-120.98193746642993, 48.872618673668526], [-120.99333816736952, 48.86876468217788], [-120.99101473579896, 48.86423039219993], [-120.9894882736383, 48.85689400198335], [-120.99081269105615, 48.84605361125923], [-120.9903184499371, 48.84205497110292], [-120.99366774933314, 48.83752050048471], [-120.99587793851198, 48.832894169990084], [-120.99394969765439, 48.83084537009871], [-121.00621742827965, 48.82520155841648], [-121.00461597733411, 48.8225961084587], [-121.00661029721793, 48.82083577814055], [-121.00762868621437, 48.816283057784176], [-121.01068802559958, 48.811891527206356], [-121.01261780472761, 48.80724653674239], [-121.01258261364494, 48.803075946524906], [-121.00995847277659, 48.80143847673352], [-121.00938977201446, 48.79885985666059], [-121.00921017099672, 48.79503358647747], [-121.01053498011358, 48.79073803610001], [-121.00749587817462, 48.78522000614886], [-121.0045322640323, 48.771097795731016], [-120.9977525115418, 48.765897016216925], [-120.99214161978443, 48.762771966681655], [-120.98699898845835, 48.76101334716642], [-120.986894107205, 48.75621171692209], [-120.98319547583458, 48.753326547184166], [-120.98190413355516, 48.74531476690172], [-120.9810878030463, 48.74387446691658], [-120.97936676269529, 48.743646367097874], [-120.97960280236025, 48.74218664699336], [-120.97665826050877, 48.73692768704341], [-120.97248507900214, 48.7338223873465], [-120.96807568772348, 48.73176090773178], [-120.96156849518381, 48.72617561816411], [-120.95929942481746, 48.726250868423065], [-120.95496670456882, 48.72815105901153], [-120.94296473254879, 48.72823116036416], [-120.93715210220752, 48.730752631152306], [-120.9360376124034, 48.73225420135798], [-120.93335745214127, 48.73300908169954], [-120.92200344979925, 48.73141111288934], [-120.91975481949625, 48.73172144315862], [-120.91571666834959, 48.72993161351617], [-120.91023186744698, 48.73005267413872], [-120.9038451958888, 48.7282179247575], [-120.90365673509599, 48.725252974619444], [-120.90131083356307, 48.720833994645425], [-120.90106943237835, 48.71637400443284], [-120.89385993162836, 48.7182372153424], [-120.87668521898058, 48.719321457328796], [-120.86593888782946, 48.721974958677926], [-120.85101925743875, 48.730370700805054], [-120.84880077724777, 48.7311013210935], [-120.84557180662487, 48.730820411440874], [-120.84424889665428, 48.73181472164298], [-120.83725281590233, 48.73353645252122], [-120.83509145545743, 48.73323999274787], [-120.83142927686605, 48.74116479358626], [-120.83143297764028, 48.744177933748254], [-120.82905833771159, 48.74603457411503], [-120.82888233809423, 48.747641464221324], [-120.81441923691894, 48.75268175611739], [-120.8088468766934, 48.755509366895716], [-120.80165852598019, 48.75751407781123], [-120.79851811692807, 48.76329111847558], [-120.79797724838384, 48.76931365886113], [-120.79215264873443, 48.77454865979789], [-120.78837363856508, 48.77640233032248], [-120.77985044762771, 48.778424941389304], [-120.77271809811266, 48.78505167254833], [-120.76692418767998, 48.78722260331664], [-120.76139475764417, 48.79076019412901], [-120.75592880718284, 48.79260274484279], [-120.75267001664741, 48.79269037521379], [-120.75281383609385, 48.79044437507634], [-120.75405612598503, 48.789195354869285], [-120.73598635410528, 48.793915327154984], [-120.7337898333586, 48.79247659732403], [-120.73539931285113, 48.78943374697871], [-120.73486484168913, 48.78527411681386], [-120.73340272072126, 48.78248565682733], [-120.72910021862135, 48.77718671702393], [-120.72665690776196, 48.7754725272056], [-120.725596317046, 48.77339450721221], [-120.71062601402961, 48.7716407087983], [-120.70651715194188, 48.76625689896775], [-120.70349329079302, 48.76380256917411], [-120.70291243011883, 48.76156539911794], [-120.69953729845426, 48.75733618926723], [-120.69234397689495, 48.756066830005636], [-120.6906381055631, 48.75201753997709], [-120.69174146523083, 48.74998521974285], [-120.6909316843845, 48.7472275896839], [-120.68866600349534, 48.74527597983196], [-120.68032990108361, 48.74144683055882], [-120.67718845895915, 48.735261350574575], [-120.67034795714669, 48.732768011205884], [-120.66423389602504, 48.732484901875985], [-120.65940335372157, 48.72672867210387], [-120.65484325243756, 48.72477082250827], [-120.65407840166527, 48.72226724245746], [-120.65171266060021, 48.719693032582114], [-120.64318534790978, 48.714899943276066], [-120.6310812331496, 48.704414304059], [-120.62532019202011, 48.70386653467424], [-120.62516696151131, 48.70197894458817], [-120.62197583030914, 48.6994197748055], [-120.62120326937804, 48.696295154720985], [-120.61919093849937, 48.694208914832046], [-120.61391435722616, 48.692772945344146], [-120.60810031474132, 48.68695419567611], [-120.60338335352779, 48.685375526117454], [-120.59602612216038, 48.68497224691868], [-120.59273498123112, 48.683547877208845], [-120.58766888048198, 48.684025167801906], [-120.57921006870984, 48.68278049868001], [-120.57203876654428, 48.67912668928163], [-120.57129328612388, 48.67798131930205], [-120.52113021802982, 48.68010428502938], [-120.52182607927281, 48.68450757519421], [-120.52420902083827, 48.6890341151771], [-120.52662781167568, 48.690682724997274], [-120.52620507242055, 48.693886345221], [-120.52504723264087, 48.69553078544107], [-120.49072798548794, 48.69068492901288], [-120.47599284301873, 48.69097056067649], [-120.46962722202716, 48.69138995141146], [-120.46560329173836, 48.6929802819493], [-120.45220001932033, 48.69257302342546], [-120.44682052906778, 48.69522494417363], [-120.4452931295385, 48.69810358450366], [-120.44549116895818, 48.6956954243483], [-120.44108094749855, 48.692960184690065], [-120.43892588639439, 48.69009085477216], [-120.43900540597917, 48.68840867467014], [-120.4357038555561, 48.68898631507121], [-120.42910425411488, 48.68780653574354], [-120.42605933380108, 48.68863958613007], [-120.42489025388191, 48.68974898632217], [-120.42575711461447, 48.69203415635193], [-120.42521277535364, 48.695300886593664], [-120.41993501456754, 48.69579563721113], [-120.40990064363602, 48.698945168507414], [-120.40674628238598, 48.696183578706965], [-120.40270043131798, 48.69473972907916], [-120.39901103064253, 48.69459380948341], [-120.39125715019823, 48.69811160054524], [-120.38913253102665, 48.70279969104286], [-120.38486371057822, 48.7039375815832], [-120.37865161063881, 48.70838885252469], [-120.37839883107058, 48.71025179265636], [-120.37723842115273, 48.711360602847634], [-120.37862367197464, 48.71364045281921], [-120.37821275277268, 48.717044133053996], [-120.37551040309128, 48.720123883527], [-120.37540323356333, 48.7220442436455], [-120.37425568380664, 48.72377430386979], [-120.37270814496965, 48.729374144353415], [-120.37384850548077, 48.73060114429391], [-120.37084951541597, 48.73237961472798], [-120.36070163440024, 48.73528348602427], [-120.35815409504319, 48.73952397654444], [-120.35530206511821, 48.74174980698704], [-120.35010137443363, 48.742597867615984], [-120.34197670443248, 48.74809946883031], [-120.34239735473045, 48.74897903883202], [-120.34129211544138, 48.752505699151335], [-120.34492174677641, 48.75526240889804], [-120.3463136176429, 48.7577039988776], [-120.34491424808445, 48.76037595918235], [-120.34623073894826, 48.76285740917252], [-120.34554261906375, 48.76377415930036], [-120.34549262016415, 48.76810318954585], [-120.34835784162091, 48.771848859432524], [-120.34842792232934, 48.774565169575084], [-120.34957176302316, 48.776497709553986], [-120.35092733343362, 48.77718158944007], [-120.35257186478319, 48.78133222948558], [-120.35090353529453, 48.78445360984519], [-120.34469222494735, 48.787299770698525], [-120.34384908502545, 48.7881741108414], [-120.34416311535392, 48.789242010865294], [-120.34157638531055, 48.79082156124256], [-120.34534002660347, 48.79331520095885], [-120.34633417767388, 48.79681305104093], [-120.34869453867151, 48.79910367090307], [-120.34592271862088, 48.80077919130637], [-120.34020681806962, 48.802494282041835], [-120.33522535854641, 48.80771586288896], [-120.33411476818513, 48.80705971297714], [-120.33050987783236, 48.80812222343998], [-120.32911149718394, 48.80654333350933], [-120.32768911691906, 48.806473273664885], [-120.32257787636607, 48.80777503430978], [-120.32124518557606, 48.80560049433876], [-120.31625542418931, 48.80357446478576], [-120.31480396314198, 48.80047734477684], [-120.31035708151099, 48.7971323150897], [-120.30285057029344, 48.79746864594927], [-120.29727727035579, 48.80148342679626], [-120.29440655012272, 48.80251876717533], [-120.28575063699029, 48.79617578779303], [-120.28040666573374, 48.79489870832064], [-120.27906143558636, 48.79523591849003], [-120.27669925600948, 48.79848513893503], [-120.26975974580576, 48.80239285992937], [-120.26745457541003, 48.80241303018867], [-120.25921531478217, 48.8055503712859], [-120.26048824371786, 48.800541230864916], [-120.25848064183957, 48.79458214075849], [-120.25673107092112, 48.79218809082125], [-120.25352451991851, 48.79045377108384], [-120.25349400866652, 48.78559173081667], [-120.2496719070258, 48.781784811032615], [-120.24732184644498, 48.78111382125829], [-120.2459749264019, 48.78186022145063], [-120.23572570467603, 48.78208597261028], [-120.23363983374604, 48.779873392720425], [-120.2312948230687, 48.778822952924315], [-120.22045753070827, 48.77697397403381], [-120.21335241964518, 48.77765441486674], [-120.20890660818452, 48.774974995214585], [-120.19974902580789, 48.77192369606857], [-120.19050129496301, 48.774918267270294], [-120.18656839439895, 48.77539256773673], [-120.18273764353836, 48.774639488123064], [-120.17925929216743, 48.77165317834508], [-120.16373754284379, 48.78486593082031], [-120.14929771032915, 48.78488592243664], [-120.13757477930272, 48.78886798397092], [-120.10497461288875, 48.78606170745947]]]}, "properties": {"name": "Pasayten Wilderness", "acres": 531325}}, {"type": "Feature", "geometry": {"type": "Polygon", "coordinates": [[[-121.45217891584942, 47.418383032317294], [-121.45412350634814, 47.419140052149075], [-121.45027699656865, 47.42277346276972], [-121.44880422729061, 47.42687381315934], [-121.4455139971993, 47.428791513623565], [-121.44220438769784, 47.43322876423122], [-121.44392432836484, 47.43485628413603], [-121.44403711935571, 47.4389844843553], [-121.44899373087118, 47.441946003983865], [-121.45000481170207, 47.44476439403215], [-121.45103886201689, 47.4453764739543], [-121.45061981238746, 47.447242094104254], [-121.45152844299619, 47.44918892411477], [-121.45007183308086, 47.45056735434994], [-121.45013039426019, 47.45552790462142], [-121.45665858525956, 47.45519902389479], [-121.45615417569446, 47.45739548407246], [-121.44910385498675, 47.45932639494549], [-121.44289010396068, 47.459323165619466], [-121.4372881626929, 47.457868246145715], [-121.4380529626371, 47.45709627601948], [-121.43770340202825, 47.454759215926416], [-121.42776132923616, 47.44987742673111], [-121.41867852710352, 47.44719202756538], [-121.40834464715535, 47.45465407910492], [-121.40290669533762, 47.450754109475604], [-121.40735380536174, 47.44773854882402], [-121.4090841460031, 47.44924731872113], [-121.41266669583484, 47.44602157815154], [-121.41575467599212, 47.44452447773267], [-121.41302394456477, 47.44037962779595], [-121.41020881377368, 47.43899474802334], [-121.4098402334845, 47.43802531800882], [-121.4075691229797, 47.43747490822406], [-121.4075965511659, 47.42975023778687], [-121.40573996085526, 47.42973360798711], [-121.3999614505105, 47.43232478875904], [-121.39651493983438, 47.43187168910704], [-121.39203862958713, 47.433964089709875], [-121.38695932867999, 47.433676750244146], [-121.38514435854341, 47.43437106047987], [-121.38145101883038, 47.43818377109468], [-121.37721676830365, 47.43892025159503], [-121.37300810726101, 47.437447821968235], [-121.37252927598577, 47.43236592173389], [-121.36835689431513, 47.42819809195106], [-121.3676342833817, 47.424738071834334], [-121.35951569164365, 47.42305742261887], [-121.35990892486954, 47.39394359093277], [-121.33851986134913, 47.39402042325142], [-121.33863245765639, 47.37819461234353], [-121.31671465401679, 47.37814470471068], [-121.3167329108295, 47.4071740663532], [-121.29761817764378, 47.40709416841713], [-121.29566202706668, 47.40601713856776], [-121.2846032146738, 47.40363313962905], [-121.28331752530133, 47.407214439971284], [-121.27424509413859, 47.40867071103548], [-121.26988086410289, 47.411601991674], [-121.27094586476183, 47.4136557416753], [-121.2702957249932, 47.41510023182761], [-121.27093522553734, 47.41696509186419], [-121.26896333527141, 47.41722563209237], [-121.26912295561343, 47.418568982151264], [-121.26432230506487, 47.419624422730706], [-121.26291963530714, 47.42164637299725], [-121.25999133589055, 47.42619709357238], [-121.26078506675364, 47.42930851366295], [-121.26016941732274, 47.432163533891554], [-121.2577150878725, 47.436233794388116], [-121.25495571804143, 47.43889977483803], [-121.25490814837175, 47.44033745492475], [-121.25120835796396, 47.441215125375116], [-121.24799372802651, 47.44374990586701], [-121.24255077724685, 47.44427835648639], [-121.24211873784422, 47.4471216966945], [-121.24061221777346, 47.44788443690091], [-121.23465478691321, 47.448434457577264], [-121.22516900490136, 47.446583638499455], [-121.21959057470592, 47.44969346928011], [-121.21320370415242, 47.45185324009441], [-121.21278509444676, 47.453399200227615], [-121.21136798427389, 47.45366618039624], [-121.2142519151159, 47.455205820171344], [-121.2128556451085, 47.45616052037681], [-121.21536027584779, 47.457531470183355], [-121.21745468691373, 47.46057910012957], [-121.217178937117, 47.46163693021946], [-121.21030102614709, 47.4623748210064], [-121.19158187418884, 47.46728170331293], [-121.18928525369986, 47.46682822353597], [-121.18868595341003, 47.466021513555035], [-121.1878293725313, 47.46289608347009], [-121.18846505230903, 47.46150299332201], [-121.18728400172073, 47.45983935335531], [-121.18699629063826, 47.455444663136525], [-121.1860067299526, 47.45323128311773], [-121.17564497797972, 47.45217659417957], [-121.1751866171307, 47.44889263404215], [-121.17209929566125, 47.444830664144945], [-121.16647315367045, 47.44034800449843], [-121.16199200239636, 47.43810241485527], [-121.1578029306524, 47.433650335054594], [-121.14994065875891, 47.43116522576326], [-121.14847373820892, 47.42986402584765], [-121.14428779739816, 47.42938141627284], [-121.14122784652211, 47.42782216651471], [-121.1360799153921, 47.42666325700522], [-121.12587280243275, 47.42130471780256], [-121.12381071164288, 47.419403797916736], [-121.12052958082667, 47.41825673820581], [-121.10384821805948, 47.418319440012624], [-121.10387174006465, 47.42684587049846], [-121.0992513694945, 47.42770069104696], [-121.08271519950922, 47.439514703511826], [-121.08269675188743, 47.44964662409413], [-121.08505775256813, 47.45086489390844], [-121.08352333399476, 47.45801998448402], [-121.07599163384727, 47.4627394555692], [-121.07249018291083, 47.46124538586261], [-121.07036415264463, 47.4616235461143], [-121.0673652026028, 47.46357516655059], [-121.06815754291935, 47.464357886509674], [-121.0676957634535, 47.466955146708386], [-121.06277007312445, 47.46905411736164], [-121.06252155341025, 47.470444667468165], [-121.06266644377084, 47.47187336753431], [-121.06404260422346, 47.47281894743949], [-121.06371076461485, 47.47471650758401], [-121.06763358635635, 47.4793268874232], [-121.06913809741505, 47.48275362745635], [-121.07402385921472, 47.48692558716578], [-121.07642695080315, 47.49196003719329], [-121.07901636151121, 47.49312825697955], [-121.07746170191919, 47.49595916730971], [-121.0796496942951, 47.50447992755921], [-121.08232691525792, 47.50666392739376], [-121.0866146959612, 47.50660873692597], [-121.08734916659577, 47.50877709697007], [-121.09240365865698, 47.51393012671607], [-121.09286876906913, 47.51534610674637], [-121.09262667985224, 47.5188321569714], [-121.07408627683031, 47.519154288999836], [-121.08081046959254, 47.52608772866627], [-121.08362726006591, 47.52609885836146], [-121.08362829060844, 47.528393428492166], [-121.09977241617223, 47.54051270743117], [-121.10148517696865, 47.542669167368004], [-121.10011331684058, 47.54309634754121], [-121.09908358706497, 47.544770947748226], [-121.09925362768195, 47.54725727787117], [-121.09825434771662, 47.54810902802813], [-121.09444507631974, 47.54489641825871], [-121.08968865493767, 47.54241473863353], [-121.0804612316135, 47.53488207920549], [-121.0771370912235, 47.53558231960591], [-121.07531903037929, 47.533297749672904], [-121.07303247000497, 47.533331329922795], [-121.07295478899812, 47.52912783969148], [-121.06210102476618, 47.51889832028445], [-121.0194518676331, 47.51891200490766], [-121.01945740785924, 47.51986582496167], [-121.00341575516408, 47.51983025669801], [-120.99642193368406, 47.51852499738094], [-120.99610855302166, 47.515941487266794], [-120.9936278122272, 47.514336907443536], [-120.99133430110824, 47.51122381751342], [-120.99215041070687, 47.508943277294165], [-120.99453171068531, 47.50716054693396], [-120.9945831701779, 47.504972856802844], [-120.96864780584164, 47.50502024961409], [-120.9686629218836, 47.48821601864633], [-120.96243145006775, 47.48494251913229], [-120.95887687936246, 47.48447885949023], [-120.95825041900576, 47.48341039949652], [-120.958904068556, 47.481034289289], [-120.95686762797685, 47.48002483945121], [-120.95439135681082, 47.47683531953535], [-120.9504530759241, 47.47587442990599], [-120.94644773447177, 47.47255752014803], [-120.95150832400549, 47.46696636927844], [-120.95310891325983, 47.462653498856746], [-120.94830962205398, 47.46094816927732], [-120.93232830886471, 47.45878670088018], [-120.93051663829792, 47.45766842101142], [-120.93087994737941, 47.45349958073141], [-120.92943487672568, 47.45174886078643], [-120.92613002562071, 47.4494058310082], [-120.92257010477654, 47.44835527133214], [-120.92475014389458, 47.44304034078935], [-120.92375178329966, 47.44121951079194], [-120.92459759192249, 47.43474574032616], [-120.92411551150886, 47.433327290296155], [-120.91783605949986, 47.429255050738675], [-120.91216293814993, 47.427559121253005], [-120.90796503690724, 47.42526444157337], [-120.90227387636392, 47.42702312228972], [-120.89474427486768, 47.426034723045255], [-120.89138358469793, 47.42771866350572], [-120.88739517348652, 47.42540908380231], [-120.88458514228634, 47.42230225392542], [-120.87906514084919, 47.42012706439495], [-120.87572630960726, 47.41722069458653], [-120.87205362855357, 47.41535735487461], [-120.86738042804707, 47.41654829544804], [-120.8661134582954, 47.418517895699175], [-120.86142907798803, 47.42056775632374], [-120.84983785443283, 47.413709937175696], [-120.84317632280958, 47.41156240776933], [-120.83782568262659, 47.414625968524774], [-120.83683221324989, 47.41800153882839], [-120.82884260327629, 47.42385509003102], [-120.81347248973421, 47.419779921451884], [-120.80852347903354, 47.42034679201875], [-120.80372538885608, 47.423040022693264], [-120.80238489849776, 47.42247441280494], [-120.80010561731973, 47.41908320285304], [-120.78208779444027, 47.419752804835305], [-120.77118046389181, 47.4252643463334], [-120.77050534408414, 47.426571636482535], [-120.76476693389165, 47.429881737294814], [-120.76042228333283, 47.430624797806836], [-120.75292973317696, 47.435355408891404], [-120.74764196252701, 47.436389949522244], [-120.74759867299396, 47.43841378964517], [-120.70992906662592, 47.4383872137068], [-120.70387036586033, 47.43948981442482], [-120.69705801551802, 47.44294359536183], [-120.69154717487658, 47.44418253602879], [-120.68373186493952, 47.450089957217976], [-120.6840124256582, 47.45295269735549], [-120.681351635933, 47.456043927823664], [-120.67994560659501, 47.45988039820009], [-120.6803898877459, 47.464465198420754], [-120.68137494813057, 47.46539398836885], [-120.69389438043956, 47.46620896706543], [-120.70918955241858, 47.463622615263304], [-120.71657132386974, 47.46448979451723], [-120.71980709495871, 47.466799364302865], [-120.72138721591871, 47.46975083430476], [-120.72648964721145, 47.47158438386089], [-120.73491068022491, 47.47835617334679], [-120.73098470058606, 47.48271472402512], [-120.72701670007265, 47.483382994492715], [-120.72180940975215, 47.485762985194064], [-120.720289829995, 47.487888175482205], [-120.71875227989723, 47.488577695688576], [-120.71805024058992, 47.492027955965746], [-120.71674768083666, 47.49401320622234], [-120.71687939171996, 47.49767374642168], [-120.71464724264352, 47.50320206698539], [-120.71254238317862, 47.50698724743367], [-120.71066877318464, 47.50835861771616], [-120.71053652371499, 47.51070596786735], [-120.708794843597, 47.51145577809935], [-120.7066305339858, 47.51466098852021], [-120.70659726470284, 47.51772884870275], [-120.7033514756354, 47.524016869420315], [-120.69888031592579, 47.52845800016271], [-120.69933367655304, 47.53079323024979], [-120.70153486738363, 47.53273608012498], [-120.70286979826632, 47.535520900142856], [-120.70313100912016, 47.53895341031454], [-120.71184211060451, 47.538998279374745], [-120.71493415991502, 47.533858778741006], [-120.71961248972865, 47.52971360799358], [-120.72550149025858, 47.52773841724162], [-120.72996766027599, 47.52460995657648], [-120.78150793891493, 47.524331960984895], [-120.7857680185138, 47.51958210024833], [-120.81942883420608, 47.51965124661036], [-120.81945217591023, 47.52685947702526], [-120.82474621679854, 47.52684303645134], [-120.82470136850135, 47.53409045687561], [-120.84090908122792, 47.53407280511977], [-120.84092316149383, 47.577481437624336], [-120.9040010821169, 47.577499550784744], [-120.90416117817745, 47.60294520222815], [-120.91722562010263, 47.60179931074416], [-120.91992035988319, 47.59896554028917], [-120.91918711037194, 47.601544470516586], [-120.92447519196205, 47.604498020111734], [-120.92748253271063, 47.60552183984384], [-120.93726960461393, 47.606610348843354], [-120.9422899953371, 47.60610326826918], [-120.94257620556193, 47.606847578280636], [-120.95030708720488, 47.60829701752396], [-120.95007624733067, 47.60898996758864], [-120.9535124082227, 47.61031575729123], [-120.95486161899224, 47.6126012572753], [-120.95626686928429, 47.61283703713616], [-120.94958045959946, 47.61888985820853], [-120.94694670933465, 47.61963733853743], [-120.94595671952197, 47.62112525873005], [-120.94617952906408, 47.619041398586695], [-120.94525690876851, 47.61844982865313], [-120.94065831810377, 47.618904269178714], [-120.92313336415461, 47.614681090840705], [-120.91273474237668, 47.614557771963014], [-120.91028851216058, 47.61538026227584], [-120.90997344193109, 47.614637182267465], [-120.90862750168367, 47.61454886240855], [-120.8934674595551, 47.6163260341568], [-120.89032949885815, 47.615615404456776], [-120.8875823485573, 47.61629557479414], [-120.8872897081938, 47.61497243474998], [-120.88124589802509, 47.618545785611346], [-120.8768976081599, 47.62219520629301], [-120.8756668686966, 47.625326326606405], [-120.8736549587403, 47.62693574691724], [-120.87192965866342, 47.62783508715632], [-120.86396521732406, 47.62784456802187], [-120.86207529809988, 47.63244799849147], [-120.854380027905, 47.63708245959347], [-120.84724446722028, 47.639261380493814], [-120.84547403655445, 47.6377164305974], [-120.84220494583887, 47.63702512091273], [-120.83240467289087, 47.63157640166391], [-120.829589502381, 47.63142870196118], [-120.82655613140659, 47.62948163217852], [-120.81287325937085, 47.63062987373035], [-120.80598239767201, 47.62837470434858], [-120.80125195609637, 47.62510323467359], [-120.79509777458694, 47.623122475227404], [-120.7937532333806, 47.61899786513541], [-120.79078800174078, 47.61419865518028], [-120.7804362995459, 47.61231615619474], [-120.78184672913873, 47.60959577588463], [-120.7818001987629, 47.60804441580006], [-120.77914810718772, 47.60329115581314], [-120.77712763657945, 47.602165015967145], [-120.77682611605464, 47.600166315884316], [-120.77223971528981, 47.60020795638411], [-120.77078827487115, 47.5994761464992], [-120.77075073437932, 47.597427796384814], [-120.76750769366973, 47.596745486696996], [-120.75429627145925, 47.59683855813479], [-120.75433391536481, 47.61328392908234], [-120.75141521487272, 47.613289749399236], [-120.75156108174772, 47.642137001050784], [-120.75457126273069, 47.64413060083908], [-120.76681396482206, 47.64422104951496], [-120.76779278526054, 47.645369389474915], [-120.76687151605181, 47.64935123980464], [-120.7646542661365, 47.651283210156876], [-120.77143692728662, 47.65129815942109], [-120.78391585991858, 47.65349696819231], [-120.78387194138438, 47.659686978553594], [-120.78123580119029, 47.66074282890083], [-120.77793620188265, 47.66599249956171], [-120.77614350180495, 47.66693859981097], [-120.77128061112225, 47.66752363037315], [-120.76696844087367, 47.669540920957935], [-120.7622201402331, 47.670222291513255], [-120.76246121647685, 47.696241132985215], [-120.76713672793474, 47.699036172637506], [-120.7694794798541, 47.705416512749544], [-120.77142547076818, 47.707865852678594], [-120.77980855334658, 47.712725392045535], [-120.779918534115, 47.71586342221376], [-120.8007950576259, 47.71578834993714], [-120.80097746424184, 47.70149362909717], [-120.82243380786231, 47.70147974676156], [-120.82260614242719, 47.720460267830205], [-120.82703856303816, 47.71988544731465], [-120.83098786416357, 47.72180337699436], [-120.83522637504976, 47.7225169865736], [-120.8571985488731, 47.72300076420819], [-120.86523883072428, 47.72507002345053], [-120.86541414552306, 47.744987814568105], [-120.8814702082178, 47.74493425281472], [-120.88163610996543, 47.75210863320541], [-120.88695239084963, 47.75205826262284], [-120.88700904261718, 47.75938857303393], [-120.96214822521088, 47.75914651482248], [-120.97478338595019, 47.75337493311671], [-120.98094184659418, 47.75174488235237], [-120.98238854634411, 47.74968907207809], [-120.9847271364592, 47.74853088175732], [-120.98657260592529, 47.745011821356734], [-120.99188291604364, 47.74178526059465], [-121.00633693788507, 47.73934144887945], [-121.00984678811051, 47.737824108410656], [-121.0131808786271, 47.7376441680368], [-121.02659305001029, 47.7340253563689], [-121.02825118977478, 47.73188214606687], [-121.03142969991028, 47.73022262562628], [-121.03463871915318, 47.7248168149707], [-121.04219975963368, 47.7215297239602], [-121.0469578803943, 47.72137479343248], [-121.06030326319821, 47.723742052110495], [-121.06325404499992, 47.72919695209636], [-121.06654149491663, 47.72655121158842], [-121.06700097433519, 47.723803461383284], [-121.06895449478768, 47.724326061199605], [-121.0730840452422, 47.72333595069325], [-121.07494576569331, 47.72391704052288], [-121.07551515609315, 47.725187540532445], [-121.08775527738023, 47.72200514901756], [-121.0969723463846, 47.711407937414734], [-121.09014356321072, 47.702923537681066], [-121.09141648311704, 47.70164194746994], [-121.09103991237632, 47.69880950735123], [-121.09418798205937, 47.695282156808965], [-121.0979969521578, 47.69302875626654], [-121.10928904401835, 47.69290986502882], [-121.10938292752287, 47.70748958584028], [-121.1529195048188, 47.70756628109518], [-121.15620635446814, 47.70380940052544], [-121.1643391753653, 47.70188404953003], [-121.17291695572918, 47.69742226834364], [-121.17913509863992, 47.70524483810433], [-121.18228218972345, 47.70757592789166], [-121.19559796194676, 47.70758274643881], [-121.19497699836519, 47.693057535692155], [-121.19211025788731, 47.69305856600493], [-121.19001611687109, 47.690271556077], [-121.19094100600483, 47.68600564573667], [-121.19272658599836, 47.684733485470545], [-121.18949458530366, 47.68408300578651], [-121.18564752414756, 47.68193192608524], [-121.1846813234083, 47.679514186054796], [-121.1850730525434, 47.675622825793454], [-121.18426098225588, 47.67498660584626], [-121.18387098131784, 47.67133346568351], [-121.18540179154324, 47.67120825550957], [-121.18248544987205, 47.66624894554869], [-121.17920355922298, 47.665823695882494], [-121.18015579798455, 47.65997230544959], [-121.18460539675881, 47.65172729450096], [-121.18479111538575, 47.645842134149554], [-121.18616480480468, 47.64244537380877], [-121.19488843625768, 47.64243942285826], [-121.19489946970936, 47.65689793367012], [-121.19852292110146, 47.66019858346078], [-121.20721061205215, 47.658115342396876], [-121.21873887461751, 47.66081407129191], [-121.22437060700801, 47.666893521019034], [-121.23427465920822, 47.669197910068334], [-121.23630377992671, 47.67079023993629], [-121.23643468036845, 47.672547010020416], [-121.2393306110352, 47.67331906974781], [-121.2495504122542, 47.67130120852026], [-121.25902154388628, 47.67153488750037], [-121.25898828042547, 47.65707488669462], [-121.27271750047989, 47.64773900467534], [-121.27833640960645, 47.64016444363894], [-121.28169132961357, 47.637856673144114], [-121.28009091894549, 47.63617139322417], [-121.2800867783799, 47.63380279309198], [-121.2847513191626, 47.63383379258544], [-121.29043709943379, 47.63100929180783], [-121.29261902001787, 47.63193809162206], [-121.29739378181806, 47.63615984133796], [-121.30278084208507, 47.63352789060365], [-121.30773140328952, 47.63513035015375], [-121.30519725374504, 47.63880350063528], [-121.30841870504034, 47.641989360462205], [-121.31764343709943, 47.64419853957992], [-121.3229488877576, 47.643265878949435], [-121.3228558925858, 47.66354220009079], [-121.3291711733479, 47.66234425933506], [-121.33898464529926, 47.66369378833963], [-121.3559983672973, 47.66024502629126], [-121.35889111805179, 47.66139409603957], [-121.36385583872529, 47.660767965463], [-121.36342081749311, 47.655914785240455], [-121.36197423644249, 47.65252208520946], [-121.35930225546927, 47.65030289537736], [-121.36313873568594, 47.64854697486115], [-121.36581183536127, 47.645332454390676], [-121.36568189467606, 47.64255321425011], [-121.36460230429408, 47.641702914320476], [-121.36683068431738, 47.64025316399672], [-121.36677544340256, 47.63645922379148], [-121.36811566319263, 47.63464902354452], [-121.36738205280167, 47.63352023356164], [-121.36899424292903, 47.63293419335324], [-121.37019265232693, 47.62957845303564], [-121.37378559263902, 47.628390812577784], [-121.37615433192629, 47.62375734206152], [-121.37587036150694, 47.622196052005506], [-121.37874499169942, 47.621006261625894], [-121.38095615090177, 47.61612400111293], [-121.38313349089916, 47.614600160790765], [-121.38282731024967, 47.612087660684104], [-121.3837703999175, 47.61003800046712], [-121.38095784883116, 47.60743337062844], [-121.38095277844107, 47.60579946053791], [-121.3839362289331, 47.60579061021236], [-121.39182081123074, 47.60995494958531], [-121.38949923132661, 47.611970299950556], [-121.39109445226646, 47.61480543993461], [-121.39097954275469, 47.616933460065596], [-121.38922521285772, 47.61858415034874], [-121.38955830346681, 47.62090733044179], [-121.387189433327, 47.621966110758926], [-121.38417350357963, 47.62511980126326], [-121.38379282407814, 47.62747387143582], [-121.38266335411925, 47.62843062161221], [-121.38083010381054, 47.62840925181088], [-121.37827281388752, 47.63050777220652], [-121.37877537433064, 47.63201600223571], [-121.3772403157892, 47.63919234280254], [-121.37498459624013, 47.64264636324074], [-121.37447944722362, 47.64711475354447], [-121.37837670792982, 47.647367523133404], [-121.38094363888203, 47.64957309297604], [-121.38089516924877, 47.65114146306857], [-121.38196532958733, 47.65181619298929], [-121.38380986095682, 47.65626772303552], [-121.38504399126668, 47.65670863292536], [-121.38556802182151, 47.65866630297692], [-121.39212445396859, 47.66310293250779], [-121.39850409494113, 47.66275075179192], [-121.40638427526302, 47.658640260703756], [-121.40679297512895, 47.65779654061229], [-121.4108164155791, 47.656893460123065], [-121.42312961603956, 47.65029469841326], [-121.42515950640501, 47.65041850819862], [-121.42647300626093, 47.648906537971406], [-121.43043409677632, 47.64832106750671], [-121.43443445701963, 47.646570146973104], [-121.43927562718392, 47.643907176297205], [-121.44283147682359, 47.63993769568925], [-121.4450431858927, 47.634508615147], [-121.44822300658049, 47.63518783483775], [-121.4441949382144, 47.64481576581074], [-121.44047846858543, 47.648939666444846], [-121.44057456907434, 47.65091851654398], [-121.43647130844812, 47.65113771700397], [-121.42401152775273, 47.65685050868054], [-121.41638254760429, 47.66150923977153], [-121.41431972732173, 47.661755530010375], [-121.41340518739898, 47.66271150016322], [-121.41211241704953, 47.662145100272916], [-121.40876899685418, 47.66364252072094], [-121.40877670360136, 47.69181671228158], [-121.42886546693327, 47.691842140088], [-121.42837284669, 47.69116730010451], [-121.43299280701873, 47.689348889499136], [-121.43429193758288, 47.69080564943773], [-121.43694095779446, 47.689859749095916], [-121.43849452852119, 47.69181930903455], [-121.50227239906012, 47.69181102206286], [-121.50229225263769, 47.66499332058299], [-121.5171158970279, 47.67311157941077], [-121.52892005955563, 47.67553477825408], [-121.53164137944198, 47.67318707782753], [-121.53362259896525, 47.66983311742642], [-121.53640185892432, 47.6677491170081], [-121.53356604775074, 47.664800537155685], [-121.52890320661007, 47.663247647579674], [-121.52996463615325, 47.66060820731833], [-121.53349951633898, 47.65894893684085], [-121.53611295614066, 47.65631993641061], [-121.53496851458122, 47.65059053622007], [-121.53715794396305, 47.646496515755445], [-121.53075426276283, 47.645891886421396], [-121.51893647935546, 47.63978990737521], [-121.51492293851642, 47.63904911777247], [-121.51610734826659, 47.6371860375404], [-121.5090756769969, 47.6367263182825], [-121.50752979606227, 47.633881638294135], [-121.49941729335829, 47.628164028863516], [-121.49473575210334, 47.62614338926257], [-121.48599037023219, 47.62435151011754], [-121.48272100928996, 47.62266502038084], [-121.4784774177708, 47.6192347706538], [-121.47444895588953, 47.614136400810736], [-121.48811331816466, 47.61421759932516], [-121.49232383950904, 47.61694035901662], [-121.49803595089178, 47.61878510849562], [-121.51064182339898, 47.620577597219594], [-121.5129093941565, 47.62218430706096], [-121.51513828538413, 47.62578700701684], [-121.51813378651144, 47.62843929683636], [-121.52926691986717, 47.634803255972486], [-121.54110246259062, 47.638036424858676], [-121.54628565279222, 47.63530634414238], [-121.54770780342207, 47.636961494078285], [-121.54956494378492, 47.63719929388864], [-121.55091763439164, 47.63880547382935], [-121.55307534495161, 47.63966093364089], [-121.55325408526527, 47.64084964368682], [-121.55588162623549, 47.64309753352358], [-121.57047071863569, 47.643087761929756], [-121.57208540970959, 47.64646612193912], [-121.58635457389123, 47.65412634080107], [-121.58642228126868, 47.64311849018921], [-121.60763735478145, 47.64321440787697], [-121.60767548409324, 47.64031068771349], [-121.61023928430784, 47.63944532738597], [-121.60958048291788, 47.63408481716379], [-121.61636100388952, 47.633486366390365], [-121.61819967393347, 47.63240616613029], [-121.62874792565718, 47.632365404975964], [-121.62871078478545, 47.62874398478147], [-121.64510442747664, 47.628737332990625], [-121.64482974680693, 47.62612399287747], [-121.64214196554761, 47.622700952983394], [-121.64260811518638, 47.62086832283208], [-121.6417917445958, 47.61895727281642], [-121.64265058459242, 47.61835271268951], [-121.64176705420925, 47.61735569273131], [-121.63435449248452, 47.61523108342413], [-121.63436280224836, 47.614236393368635], [-121.63049564160802, 47.6142146837896], [-121.63061084830639, 47.60030019301319], [-121.61981120651953, 47.60024669418861], [-121.61978801631545, 47.59940683414501], [-121.61534422519082, 47.59775295453894], [-121.61202924455203, 47.59735835487889], [-121.61102434320803, 47.592413614716556], [-121.60977471256113, 47.59056123475094], [-121.60430810079339, 47.58691308514637], [-121.58987353817983, 47.58590345666479], [-121.58239164706498, 47.58638894750729], [-121.57594911642869, 47.58816679830781], [-121.57359050542911, 47.58559965842334], [-121.56663615414143, 47.58499778914833], [-121.55594644378075, 47.59087029063787], [-121.54951736199986, 47.58783779117132], [-121.54075685079025, 47.58881666218037], [-121.53271042849725, 47.5847542628329], [-121.52478570751182, 47.58609962377099], [-121.5214354369071, 47.585878744123946], [-121.51705317652399, 47.58730348468039], [-121.506155435092, 47.58883534595288], [-121.49346371384881, 47.59240523753382], [-121.47188118032662, 47.59257220989508], [-121.4718890496934, 47.589907409746324], [-121.470639749387, 47.58948673985912], [-121.46757603903795, 47.590145420229504], [-121.45576844679344, 47.58890833144724], [-121.45115427622454, 47.58972033199503], [-121.45143293600847, 47.5886194119035], [-121.45045017531626, 47.5863931818869], [-121.4447852533954, 47.58225391227384], [-121.4429379324403, 47.57952225232306], [-121.44142299211563, 47.579209692470656], [-121.43904579108165, 47.57651368257955], [-121.43561013017984, 47.575109062875455], [-121.43764628998578, 47.572877712529575], [-121.44517072101293, 47.571968361659714], [-121.44921359257452, 47.57572713142862], [-121.45391784400992, 47.57849518107021], [-121.4551009346884, 47.58052568105421], [-121.45724869521247, 47.58123772085984], [-121.46506088674481, 47.58225560006548], [-121.47183325773973, 47.58173798929897], [-121.47181818744504, 47.58050983923244], [-121.47501756794408, 47.58038768887719], [-121.47605399794419, 47.57966903872439], [-121.4774898584447, 47.58077676862947], [-121.48606053980241, 47.58053871768259], [-121.48983812999455, 47.57872677717058], [-121.48844818953035, 47.57773965726725], [-121.49040984986827, 47.57779960705687], [-121.49612865016779, 47.57509340628379], [-121.4923458678168, 47.56783116629294], [-121.49483273844841, 47.56876255607379], [-121.49628321861721, 47.56846629589941], [-121.50440995071594, 47.571656295191154], [-121.50881603126007, 47.57088990466879], [-121.51486589162023, 47.568210863861324], [-121.51544254130111, 47.56646921370201], [-121.51326953054196, 47.56478251384521], [-121.51985706200925, 47.566387703216726], [-121.5217766520986, 47.56543299295471], [-121.52201282143129, 47.56246247276441], [-121.52448530172168, 47.56197040246793], [-121.52614671128538, 47.55898290212146], [-121.52688650051554, 47.55523070183299], [-121.51874839841471, 47.5520314725417], [-121.51880205807642, 47.55056990245479], [-121.51433026688174, 47.548642202834635], [-121.51379109634249, 47.546745562788125], [-121.5124215058057, 47.54543510286446], [-121.50850452528347, 47.54595469331963], [-121.50032901348717, 47.54406492410448], [-121.49900139372637, 47.545994434356146], [-121.49747761307441, 47.54430634442821], [-121.49146041184521, 47.543307805027524], [-121.48988817133367, 47.54224496513955], [-121.48603569073352, 47.542393265566965], [-121.48555649047492, 47.54163659557705], [-121.48671310048711, 47.54088425540933], [-121.48335909936472, 47.53848542564087], [-121.47919678835859, 47.537138346018736], [-121.47426305686588, 47.53427674639625], [-121.47142929655362, 47.53493147674092], [-121.4676965647497, 47.52992166686792], [-121.46439062414807, 47.52968504721431], [-121.46398686338783, 47.526759327095185], [-121.4602921823151, 47.52480586738803], [-121.4597413419774, 47.52376441738993], [-121.4534921707825, 47.52307487803087], [-121.44835081925825, 47.52022419843079], [-121.44474997860276, 47.51996681880786], [-121.44438434742072, 47.51523088858328], [-121.43576454535008, 47.512497669367455], [-121.43254365416402, 47.50973463956303], [-121.42462668256121, 47.50848821035358], [-121.42627544203376, 47.50510801998543], [-121.42488040147964, 47.503740150060516], [-121.41601757963917, 47.502150370934295], [-121.40868209877488, 47.50362179181344], [-121.40316059743611, 47.501820602312264], [-121.3948508162303, 47.50253158325459], [-121.39136218598253, 47.50392327371144], [-121.38857202612297, 47.506467974157125], [-121.38211414545327, 47.50815274495296], [-121.37405922508503, 47.512229686056436], [-121.36788480436486, 47.513505146798614], [-121.35771687372149, 47.517899438149605], [-121.35690698369852, 47.51836922826394], [-121.35543345465685, 47.523447758708954], [-121.35083402371869, 47.52270293916681], [-121.34036196242988, 47.524586890410255], [-121.33947906285901, 47.5270170806426], [-121.3371235523751, 47.526621840876324], [-121.33765881209123, 47.52504855072983], [-121.33182095088634, 47.52404619130769], [-121.33290303030266, 47.52082299100909], [-121.33804282135158, 47.521655630497555], [-121.33803304959596, 47.51424448008231], [-121.34167310999585, 47.51338560963874], [-121.34678992965131, 47.50834594879996], [-121.34978737989756, 47.50728825841508], [-121.3589734415554, 47.50786591744999], [-121.36266398180128, 47.5063222669626], [-121.36351098137436, 47.50392403673604], [-121.37879183196237, 47.49571525461619], [-121.38251806145523, 47.49096096394491], [-121.3884214114709, 47.48689490307595], [-121.38869287110194, 47.485142962948224], [-121.38139625916506, 47.482051803566605], [-121.3823598489763, 47.48057734337924], [-121.39080048096413, 47.483084012603896], [-121.40541596309515, 47.4818768709499], [-121.40822492371169, 47.48252166068111], [-121.41098773389919, 47.48138249031738], [-121.41430952447242, 47.481485709962634], [-121.4192779854394, 47.48210448945792], [-121.42969747799938, 47.48565542852562], [-121.43870258991609, 47.48747383764956], [-121.44188212107302, 47.4901476574538], [-121.44808078286312, 47.493391316961905], [-121.45033755408996, 47.49700410691859], [-121.45804013729781, 47.50518977653878], [-121.45915261829633, 47.508632656610025], [-121.45739501871743, 47.51163673696862], [-121.45809394001824, 47.516642657171914], [-121.46009904015439, 47.51582012690811], [-121.46543312101905, 47.51575442632461], [-121.4712159325499, 47.518189455831646], [-121.47590505337955, 47.51842616533507], [-121.47734886433835, 47.521467675347495], [-121.48309063549549, 47.52235450477255], [-121.49206377828541, 47.527881874104246], [-121.49871979948516, 47.52831413340435], [-121.50103582011353, 47.52935386321017], [-121.50582676088871, 47.529293222685695], [-121.50929240175537, 47.53053939237791], [-121.51678710373706, 47.53368774173737], [-121.523225665819, 47.537991891275645], [-121.52557693696261, 47.54117846119649], [-121.53564276940932, 47.544501760285144], [-121.53883298045935, 47.54671132006027], [-121.54220006092459, 47.54633590967292], [-121.54283800044118, 47.54385787946619], [-121.54771602103652, 47.54298346888673], [-121.54828252085666, 47.5418333687614], [-121.5473829504751, 47.54084981880486], [-121.54801962043793, 47.54025172870238], [-121.55361247120982, 47.539625798058964], [-121.55813051147544, 47.537612947455706], [-121.560464972246, 47.5392410972917], [-121.56313945273011, 47.53942710701086], [-121.56441345266447, 47.53826761680804], [-121.56425264220978, 47.536463496725666], [-121.56738307248739, 47.5354638263296], [-121.5769872142117, 47.536073965317904], [-121.57894619407261, 47.53413111499722], [-121.58026749306974, 47.528989714569015], [-121.58283564311651, 47.52740732420197], [-121.58343233319522, 47.52732564413252], [-121.5848695140479, 47.52992368411979], [-121.58726281441619, 47.52981800385346], [-121.58807903410171, 47.52792712366005], [-121.58605476325071, 47.52574245375958], [-121.59178796431468, 47.52625554316397], [-121.59816881497508, 47.524619862379076], [-121.5983713920229, 47.51202908166092], [-121.58976800060883, 47.51202666259675], [-121.5898647472521, 47.49778890179798], [-121.59976698887061, 47.497754680719275], [-121.5998126071693, 47.4905359603147], [-121.58987701553791, 47.49053844139498], [-121.58994657029073, 47.46829953015445], [-121.5947833004129, 47.46545444947118], [-121.59296682946504, 47.46270440951591], [-121.59338760928514, 47.46165040941176], [-121.58994186872123, 47.461658359786476], [-121.58978900107276, 47.42934264800784], [-121.58620755040444, 47.4290020083775], [-121.58045028878205, 47.42612839884227], [-121.5784452584522, 47.42612617905968], [-121.57556900748462, 47.42402387925469], [-121.57587335723393, 47.422747079150575], [-121.57020873497945, 47.41712375945182], [-121.56413407348293, 47.415005679992525], [-121.55319586976073, 47.40682458072217], [-121.55043574940403, 47.407236751044394], [-121.54912240890653, 47.40603904111991], [-121.53581756600497, 47.40300142239229], [-121.53428307575726, 47.40302129255971], [-121.53342534593169, 47.40436298272764], [-121.52239568423944, 47.40488121395195], [-121.51866860312067, 47.40273067423557], [-121.51513154255618, 47.40280486462301], [-121.51286172296612, 47.406137185055364], [-121.51208173237083, 47.4041512550288], [-121.50833568144596, 47.40283948536127], [-121.50305813066109, 47.403195795953074], [-121.49461891893648, 47.40176946678752], [-121.49149366871663, 47.40302370719636], [-121.49011148833675, 47.402375807309795], [-121.47922407641924, 47.40184691845962], [-121.47493116535657, 47.40033431883981], [-121.46194521351545, 47.40160650031777], [-121.4612436735206, 47.402120430422606], [-121.46123372491039, 47.40804109075596], [-121.45786753436526, 47.408082541122965], [-121.45398470412779, 47.40979569163977], [-121.45358927428741, 47.41075223173624], [-121.45469456493642, 47.41273722172793], [-121.45399791548374, 47.4155532519614], [-121.45186541550758, 47.41714967228204], [-121.45217891584942, 47.418383032317294]]]}, "properties": {"name": "Alpine Lakes Wilderness", "acres": 415203}}, {"type": "Feature", "geometry": {"type": "Polygon", "coordinates": [[[-117.70004966290344, 46.20345903730081], [-117.70712961428895, 46.20389465661575], [-117.7099361138281, 46.19925719599424], [-117.71276723390355, 46.197152125554446], [-117.71422488275259, 46.19039924491546], [-117.71623760287888, 46.18924846462802], [-117.71853193268385, 46.186320934182795], [-117.71804341190447, 46.1830306539927], [-117.71929494120106, 46.178585663542506], [-117.71893133051795, 46.1756439833651], [-117.72068814992613, 46.17128921287025], [-117.7151809081094, 46.16741930314534], [-117.71412040699208, 46.16300953293125], [-117.71722768697765, 46.160230472414526], [-117.7178440767222, 46.158472802224146], [-117.72309059653205, 46.15298741129394], [-117.72268232621374, 46.151822571250314], [-117.72461546622154, 46.150173070934706], [-117.72438204551354, 46.146993050726486], [-117.72289922485317, 46.145130400740584], [-117.72530970434755, 46.140608670167275], [-117.72357415290809, 46.135238959951], [-117.72609351249453, 46.13106014939169], [-117.7342428822254, 46.122652847955294], [-117.73047788140786, 46.12202817828997], [-117.72011356000995, 46.12439263950915], [-117.71835054921858, 46.12214449952308], [-117.71486016834217, 46.1209990797919], [-117.71288748738377, 46.11813392978184], [-117.71857384843493, 46.11819618921226], [-117.7204061083804, 46.11633308889127], [-117.72621379932343, 46.115772278263954], [-117.72667622913804, 46.11448004812292], [-117.72823565941786, 46.11445687796378], [-117.72996473932847, 46.11251714764768], [-117.7322903095611, 46.11159852734579], [-117.73368108923776, 46.10883306700355], [-117.7354770992767, 46.1074491467212], [-117.73551236898334, 46.10601219661279], [-117.73702436928733, 46.10614698647001], [-117.73954962942732, 46.104610136102885], [-117.74289304002689, 46.10456061576185], [-117.74287550021593, 46.105482095830844], [-117.7388019997183, 46.10665841632792], [-117.73721313984309, 46.10864551663329], [-117.74137109043325, 46.107838886154674], [-117.74298549097507, 46.10902407607819], [-117.74505460137762, 46.10914451587813], [-117.74661465207416, 46.11111861586462], [-117.74770780232186, 46.11135024577112], [-117.74883568231098, 46.11031240558156], [-117.75378506355706, 46.111957745201806], [-117.75769154387798, 46.11008284467069], [-117.76001953460427, 46.11152873454099], [-117.76526182520838, 46.10984421388888], [-117.76820593487707, 46.10568545328848], [-117.77302443483086, 46.10125508247905], [-117.78003866539063, 46.097811621519995], [-117.78681877669274, 46.09813210085885], [-117.7934326877453, 46.09740291013801], [-117.79800725779427, 46.093643609402406], [-117.8016181486982, 46.094824979123906], [-117.80936192006477, 46.094617758327004], [-117.81434759170901, 46.098149028080584], [-117.81425309188029, 46.09905224815588], [-117.81707207253581, 46.09973466792082], [-117.81582957158692, 46.096270957794275], [-117.81705495157436, 46.095141477588385], [-117.81629297123277, 46.09416903759455], [-117.81668337111459, 46.09326171748909], [-117.81869726131454, 46.09246317722765], [-117.82238572227371, 46.0938433169557], [-117.8234267623084, 46.093101826796584], [-117.82284660144587, 46.08947231659109], [-117.82464159149276, 46.08813090631231], [-117.8243648409628, 46.08583079617286], [-117.82530217089646, 46.084694575995584], [-117.82317392015989, 46.0830185960884], [-117.82502586032957, 46.082216165843064], [-117.82612921998094, 46.07958026553986], [-117.82400230949858, 46.07912249572117], [-117.82604057942125, 46.07697179535888], [-117.82217586860179, 46.076413505708295], [-117.82143037820936, 46.07518087569377], [-117.82293418826838, 46.074151025467], [-117.82206276786967, 46.07299778547095], [-117.82336718788466, 46.0719303952616], [-117.82248183756161, 46.07115275529434], [-117.82269819713807, 46.06892990511059], [-117.82396653720058, 46.0681223349238], [-117.82247082683278, 46.06766258504121], [-117.82159655641188, 46.066404955037804], [-117.81903507637229, 46.06845304544543], [-117.8109273447391, 46.06769479620802], [-117.8026791822711, 46.063050416701365], [-117.79750347124511, 46.06264739719396], [-117.79603847066643, 46.061148177232305], [-117.79335748013047, 46.06091834748591], [-117.7920095001063, 46.06198164769942], [-117.79004972902182, 46.058484277641824], [-117.78691282802447, 46.056435507808516], [-117.7832940171824, 46.055555238109086], [-117.78386645709598, 46.054638477984454], [-117.78219291646296, 46.05306004803789], [-117.78304107634258, 46.05173818785585], [-117.78249487545726, 46.04795825763483], [-117.77869413431722, 46.045803197860415], [-117.77751116425739, 46.04655189803437], [-117.77518412303193, 46.04269440798693], [-117.7772501031321, 46.04136557768169], [-117.77428197148339, 46.03603059759075], [-117.77443744106522, 46.0338804174179], [-117.77666006094357, 46.03134519700862], [-117.77471758060769, 46.03143129721059], [-117.7764537306589, 46.03015511694242], [-117.77143566938852, 46.02843757732218], [-117.76797203817307, 46.02562049746489], [-117.7652107375023, 46.024811817683734], [-117.76437008690269, 46.022660047610934], [-117.76500142612262, 46.01834522723157], [-117.76020248426745, 46.01361416736818], [-117.7606175439338, 46.01164021718186], [-117.76534270503204, 46.012786146790205], [-117.76759979582735, 46.01463930669868], [-117.76895358659942, 46.01717353674789], [-117.76914531769958, 46.0223088871044], [-117.77151351841286, 46.023667906965386], [-117.77319619932253, 46.02657472700862], [-117.77684280024408, 46.02781550673211], [-117.7820792912424, 46.028031666220556], [-117.78669836163309, 46.025862495596755], [-117.78778463152976, 46.02441168538131], [-117.78794941113863, 46.022382485216326], [-117.78465810995762, 46.01957811534272], [-117.78374694939173, 46.0176498252934], [-117.78578453913063, 46.01460257486535], [-117.78902398981226, 46.015045994571665], [-117.79175853169498, 46.021722394784476], [-117.79114328211239, 46.02427342503292], [-117.78763547234755, 46.028482715693904], [-117.77876340164899, 46.032898196910295], [-117.77660236204152, 46.03668328740471], [-117.77827734285106, 46.03911233741349], [-117.78317449450606, 46.04278574718852], [-117.7830339647962, 46.044305257313674], [-117.78527252664342, 46.051230717593874], [-117.7886584982412, 46.05594948759706], [-117.79859216016065, 46.0564829866345], [-117.80813805328248, 46.06313600615709], [-117.80961395338971, 46.06236077595175], [-117.81054611384197, 46.06371861595666], [-117.81026644399587, 46.06470254605663], [-117.81145470446174, 46.06590168602415], [-117.81380758427356, 46.06294081557103], [-117.81947719516053, 46.06224600494853], [-117.82657089721384, 46.06591055450001], [-117.8270461968936, 46.063957004309714], [-117.83181476743651, 46.0623985837152], [-117.83326397744598, 46.06117800348014], [-117.83137239661725, 46.05884908350128], [-117.82766531548741, 46.05665942371564], [-117.82775814528777, 46.05561893363049], [-117.82905361545942, 46.05531125347742], [-117.83379230676348, 46.05743682315435], [-117.83803654857599, 46.06243721309039], [-117.8414308493116, 46.06300608278939], [-117.84390802928485, 46.060714212372694], [-117.84660608986987, 46.06116827213354], [-117.84526994004386, 46.06317077241409], [-117.84930800096107, 46.064050462070675], [-117.85036487134218, 46.06495802203011], [-117.85175485130496, 46.063565821788565], [-117.8537075421759, 46.06604397177184], [-117.85113765209087, 46.06787845216456], [-117.8579958637597, 46.069905911619955], [-117.85956803364657, 46.06799096132203], [-117.8624321942612, 46.06844286106587], [-117.8623711340315, 46.067393430995715], [-117.86476623398322, 46.065071840585205], [-117.86530678465712, 46.067835980731644], [-117.86667935509531, 46.06874235065901], [-117.86644197526653, 46.06977127075775], [-117.86785831607935, 46.07243730080855], [-117.87074988687677, 46.073742920611544], [-117.86925673675908, 46.074480000815825], [-117.86866386700882, 46.07619512100028], [-117.87113072793595, 46.07849247091819], [-117.8712702482182, 46.079724810993575], [-117.8729529788087, 46.081090710922915], [-117.87563824917196, 46.08049304060834], [-117.87998781055812, 46.08335131037672], [-117.88283204097999, 46.08289687005651], [-117.88455111998633, 46.07663363942824], [-117.8882677414258, 46.08030039931912], [-117.89044713164871, 46.07947140903889], [-117.89349266164457, 46.07679897853738], [-117.89485582120525, 46.07350434816068], [-117.89351050064707, 46.07199814818718], [-117.89875372154462, 46.071737097638895], [-117.8989980507731, 46.067821997330036], [-117.90056189100827, 46.06758816715519], [-117.90001426048215, 46.06554013706185], [-117.90210727036438, 46.063150756677125], [-117.90412742054389, 46.06225210640799], [-117.90616180103511, 46.06283809624517], [-117.90965702158394, 46.06242777586263], [-117.91275817239935, 46.06364102563761], [-117.91231696212242, 46.06269564561354], [-117.90961635135064, 46.061343195788034], [-117.91220236151477, 46.0598781854207], [-117.90927505056948, 46.05788959557182], [-117.90967775046161, 46.05702064546806], [-117.9089395599238, 46.05508091540177], [-117.91065570978168, 46.05290237507044], [-117.9085127893892, 46.05288470528542], [-117.90715990865145, 46.05051972525017], [-117.90339890813588, 46.05132187568791], [-117.90293779787532, 46.05047193567269], [-117.90332175779493, 46.04975075558161], [-117.90638694819414, 46.04899625521751], [-117.90773018804852, 46.047124924946125], [-117.90992628833443, 46.0465840646853], [-117.91069368796177, 46.04412371442917], [-117.90607348697421, 46.04340598484314], [-117.91194214746132, 46.040628794049425], [-117.91087610681566, 46.03845408399896], [-117.91199431639843, 46.035472043669586], [-117.91009409588236, 46.034647653801265], [-117.90819987569589, 46.03540375404729], [-117.90465900487276, 46.03453443434112], [-117.90423256454984, 46.03335344429833], [-117.90162799377883, 46.03191777445662], [-117.9011428933037, 46.03005501437004], [-117.90277582261625, 46.02532039386119], [-117.9057070228784, 46.02402244347131], [-117.9079036825901, 46.02071605300948], [-117.91169040291341, 46.0189651725005], [-117.91238429246704, 46.01620954223018], [-117.91121422165301, 46.0133108421373], [-117.91264470148175, 46.01123570184224], [-117.90850547066282, 46.01090727223541], [-117.90886896020884, 46.008402252016545], [-117.90114197769958, 46.00306306240645], [-117.90020349720001, 46.00147540238542], [-117.90738555864141, 46.00214379171062], [-117.90704590837164, 46.00114024167177], [-117.90924414858705, 46.000256551386], [-117.9091540476117, 45.995631471058445], [-117.91020480753807, 45.994357180859836], [-117.91634183954001, 45.998645230553805], [-117.91867040979373, 45.99783285026013], [-117.92031080958103, 45.995372669915945], [-117.92558767013699, 45.99344043924385], [-117.92799221055829, 45.9933703289966], [-117.93047562135037, 45.99501951886639], [-117.93177818158843, 45.99502914873589], [-117.93227403133925, 45.993393938567], [-117.93161373098275, 45.99225167855045], [-117.93662393121411, 45.988987857808425], [-117.93638879062965, 45.98637351764199], [-117.9389765105708, 45.983826977196195], [-117.94127799095627, 45.983674726953325], [-117.94639673120885, 45.980418386201045], [-117.95040234100233, 45.97591921547057], [-117.95146079051082, 45.972619965124046], [-117.95508042044824, 45.96915196450743], [-117.95299467926198, 45.96524579443324], [-117.95148537727313, 45.95695419398174], [-117.95483652719888, 45.953661413404916], [-117.95604498683761, 45.95085642307916], [-117.95497630561329, 45.945869692823635], [-117.95296885466357, 45.94303248281888], [-117.94995942361976, 45.94061770294566], [-117.94497363238997, 45.93903451333171], [-117.94151838122096, 45.9364038634874], [-117.94034640018691, 45.932424283315086], [-117.9371974688818, 45.928864633372065], [-117.93739500853856, 45.92702796321826], [-117.93910464876251, 45.926613103016194], [-117.94029483862559, 45.92490541277198], [-117.94045139819322, 45.922672692593395], [-117.93463460645455, 45.919350332935565], [-117.93349909572984, 45.91683387286597], [-117.93447141531233, 45.91395525255819], [-117.93728232562371, 45.9129968322059], [-117.937336685334, 45.91154386209438], [-117.93555505430362, 45.9081104420227], [-117.93777623404473, 45.9049028215654], [-117.94034821409359, 45.90287998115944], [-117.9394979532682, 45.899620741006856], [-117.94104938319668, 45.89791006072615], [-117.94091260290115, 45.8965955606439], [-117.9377600318358, 45.89419361078495], [-117.93971234137338, 45.89023092029951], [-117.93892257067839, 45.88754929018289], [-117.94053735070358, 45.88625148992595], [-117.9396020898768, 45.88305631978637], [-117.93650296835287, 45.87837545975523], [-117.94255109895647, 45.87598775897384], [-117.94848121987599, 45.875240638324186], [-117.94739830880006, 45.87096116812011], [-117.94488961835782, 45.871018278375985], [-117.94201574752914, 45.86951707855451], [-117.93849184716075, 45.87082749900382], [-117.9330576560616, 45.870265299507864], [-117.92339225372342, 45.8674027902679], [-117.92125742373482, 45.869339020623705], [-117.91790591325633, 45.8699639810056], [-117.91165551146075, 45.866734861396026], [-117.91016339078452, 45.86475881140093], [-117.90743839034036, 45.864999621691865], [-117.90975565098896, 45.86611334154105], [-117.91001473137025, 45.86774075163427], [-117.90560386029046, 45.86637431197649], [-117.90038709878922, 45.8636671223012], [-117.90163915873948, 45.862320622077064], [-117.900796498579, 45.86228246215872], [-117.89936440841834, 45.86276334233753], [-117.8988079186441, 45.864353292509875], [-117.89400063808729, 45.86588316310395], [-117.88700120692502, 45.86640032384366], [-117.87896391589015, 45.86845473480014], [-117.88231457670541, 45.8694662445383], [-117.8832970771418, 45.87072322453195], [-117.87878776752251, 45.87655324541154], [-117.87021278601783, 45.87679782628945], [-117.86733980629789, 45.88069458686329], [-117.86284982587824, 45.88261457745444], [-117.85499558469623, 45.88379624832885], [-117.85047027318424, 45.880435808536106], [-117.84555843234813, 45.880704679048335], [-117.84345918183546, 45.88006390921184], [-117.8366181894196, 45.8743503794781], [-117.83418420905642, 45.87473337975023], [-117.83288501922539, 45.87670366002524], [-117.82831651853047, 45.87735837053133], [-117.82273727724848, 45.87604962099447], [-117.82022535632375, 45.87376889107857], [-117.8188906748899, 45.86796763078581], [-117.81141647462941, 45.87330941192769], [-117.80594734504156, 45.88015176297906], [-117.80232697472951, 45.8818345034657], [-117.80090114480595, 45.88346679372871], [-117.7963978342597, 45.88479120427756], [-117.79243712402783, 45.88716535484924], [-117.78845464421948, 45.891618805576115], [-117.78512696399733, 45.8934806860467], [-117.78180451455724, 45.899140186796146], [-117.77654289401465, 45.90115402747196], [-117.77327814416722, 45.904781378066225], [-117.7696309639525, 45.90696186859243], [-117.76213299294663, 45.90870281947258], [-117.7579543529515, 45.91242070016531], [-117.76282742426147, 45.91447592982768], [-117.76780211529311, 45.915090019373785], [-117.77003798605487, 45.916813729276235], [-117.75657730317099, 45.91470391047149], [-117.75092192241621, 45.91603774113693], [-117.74874835233865, 45.91758274146871], [-117.75156570351642, 45.92081093142358], [-117.75582115463455, 45.922478561119334], [-117.75432783553933, 45.92818888168921], [-117.75486630590413, 45.929483001730354], [-117.7607519375296, 45.93217145133726], [-117.76418141885334, 45.93556426124234], [-117.7682673300492, 45.93775703099329], [-117.76813794022475, 45.93872256107718], [-117.76657476011495, 45.93956922129637], [-117.76607370048147, 45.941788141509655], [-117.76136690973597, 45.94232720202187], [-117.75925553904877, 45.940858732126], [-117.75831083917947, 45.94232623232869], [-117.75548264871591, 45.94257488263093], [-117.75402084814434, 45.94109418266887], [-117.7519637377705, 45.941097512875636], [-117.74906504688549, 45.93936566303933], [-117.74725365658222, 45.93949443323065], [-117.74678848575688, 45.93590288301327], [-117.74403782597116, 45.93937094354445], [-117.73986191540195, 45.94029870403185], [-117.7392681755565, 45.94157241418515], [-117.74008324596088, 45.942813164194625], [-117.73895884606551, 45.944313154417756], [-117.73660432576978, 45.94495864470164], [-117.73509212530175, 45.94402522478484], [-117.73084089497877, 45.94621392537264], [-117.72936311458493, 45.94560979547656], [-117.72469812382579, 45.946050415977325], [-117.7227995638197, 45.94769780628918], [-117.71902741317021, 45.94788188668144], [-117.71817124237677, 45.94479184653992], [-117.71965737162944, 45.93985502602731], [-117.7209723616484, 45.93878460581649], [-117.71954301939762, 45.92912847524884], [-117.71891393928082, 45.9291179453112], [-117.71174843909829, 45.934569056431734], [-117.70591923803853, 45.93458268701767], [-117.70323440777977, 45.93570213736955], [-117.70186630802228, 45.9380886476827], [-117.70265985858107, 45.94009753775109], [-117.7015334784926, 45.94066445790588], [-117.70251811915794, 45.94302049798064], [-117.69999956940961, 45.946467448487375], [-117.70193433018699, 45.94852581844477], [-117.69978139004407, 45.94973598875007], [-117.69736746044556, 45.95381532929283], [-117.69629960042099, 45.95464015946079], [-117.6938613200049, 45.954778649715756], [-117.69237695029243, 45.95748382006406], [-117.69027447978512, 45.95688405023097], [-117.68640420970817, 45.959931860844094], [-117.68682954020656, 45.96196998095151], [-117.68532834002256, 45.96240543113434], [-117.68413075042695, 45.96542208147681], [-117.68102247963105, 45.964314681707336], [-117.6794674794154, 45.96464453188782], [-117.67590104983917, 45.969847952629294], [-117.67246964911506, 45.96937460293905], [-117.67087406896084, 45.97003804314822], [-117.67023796976041, 45.97447044353863], [-117.66645602892388, 45.97376334386642], [-117.66596686922665, 45.975661144055366], [-117.66482395894361, 45.97530121414365], [-117.66279119898402, 45.977292934494564], [-117.66234680859499, 45.97580306442942], [-117.66295537842177, 45.97442678426689], [-117.66210420796445, 45.97296536424467], [-117.66273878738299, 45.96958931393212], [-117.66143853713616, 45.96954373405932], [-117.65976249610432, 45.96602884396845], [-117.65798890603322, 45.967253054236835], [-117.65388494666446, 45.973938115141856], [-117.65108936649617, 45.97559530554479], [-117.65030810608873, 45.974313855528756], [-117.6483788856274, 45.973786135683596], [-117.64349190506682, 45.97539441629295], [-117.63905579432273, 45.97571578676213], [-117.63752687376295, 45.974358146815526], [-117.63824997333997, 45.97167043654463], [-117.6287507123812, 45.97543335777613], [-117.62120715085518, 45.974720908481], [-117.61986405004143, 45.971969278412615], [-117.62001729976825, 45.97051054828954], [-117.62104158977664, 45.969644178122685], [-117.61998481935366, 45.96853133814662], [-117.6197499688139, 45.96612443799239], [-117.62044521870783, 45.96499469783913], [-117.6230235989687, 45.963974957505066], [-117.62039305843246, 45.963706467749205], [-117.61624967788084, 45.964703728238746], [-117.61446133740257, 45.96397044836404], [-117.61429783782492, 45.966161608542386], [-117.6127363575523, 45.9662241687037], [-117.61221480781396, 45.967953618883854], [-117.60980775790632, 45.97053333931605], [-117.60949700819691, 45.972215929471574], [-117.60660590786745, 45.97318094983315], [-117.6022031564107, 45.970024990041836], [-117.60099789583174, 45.96828811003441], [-117.5929494740007, 45.966549660713596], [-117.58850453252126, 45.96332074092082], [-117.5856755424572, 45.96551889136727], [-117.58467670222454, 45.96527693144962], [-117.5848342117673, 45.962921051259464], [-117.58702083119948, 45.95822875069287], [-117.58635487053323, 45.95558870056431], [-117.58805315041029, 45.95348556023826], [-117.5837735395457, 45.953089680638236], [-117.582948439171, 45.952004190640636], [-117.58097210933089, 45.95453386102614], [-117.57508595864572, 45.95643511175733], [-117.57249024855665, 45.95830684215626], [-117.56568260762465, 45.95983041295196], [-117.5593895170219, 45.96249440378057], [-117.55277384603102, 45.96356380452338], [-117.54692393551073, 45.966235765308255], [-117.54597778559167, 45.967468425494495], [-117.5459170468559, 45.97364940595859], [-117.54759870805822, 45.97798133611074], [-117.54804286911818, 45.982720786417204], [-117.55021144984255, 45.98430453631677], [-117.55002172106701, 45.99039980678702], [-117.54836499248302, 45.99871894756907], [-117.54696628252461, 46.00015961781615], [-117.54850395315547, 46.00184795778664], [-117.5488658838287, 46.00478247796735], [-117.5517855750875, 46.00828142793286], [-117.55127216639846, 46.015070958486454], [-117.55372004764838, 46.01894195852661], [-117.55119384768871, 46.0213720889601], [-117.55104786840965, 46.0249823692416], [-117.53249350544195, 46.02707474126109], [-117.52192944439214, 46.031359092639775], [-117.51805688344973, 46.03023878294607], [-117.5132839627505, 46.03109010348878], [-117.51098298214443, 46.03020208365431], [-117.50707757207664, 46.033333954278554], [-117.5058279117116, 46.03267876435568], [-117.50669726126449, 46.029750344051564], [-117.50072260016518, 46.0297361646509], [-117.50076919318766, 46.04428080572284], [-117.47818951899919, 46.04407456797739], [-117.47830655921467, 46.04501065803495], [-117.47757869915219, 46.04535392813356], [-117.47579628856204, 46.04408650821881], [-117.45928588553079, 46.044096129878916], [-117.45923005850915, 46.058509270952705], [-117.46001499865247, 46.058504550873444], [-117.46002527974855, 46.06377803126307], [-117.46716920252044, 46.07080589106488], [-117.4692003129366, 46.07101268087587], [-117.47057266276258, 46.06896023058588], [-117.47251647327101, 46.06968871044429], [-117.47264715344508, 46.070411090484555], [-117.4706234635785, 46.07284445086821], [-117.46004234167764, 46.0730549719483], [-117.46004860227882, 46.075944002161506], [-117.46140487247602, 46.075693372006526], [-117.46547738431909, 46.08096166198663], [-117.4661524659121, 46.08802896244152], [-117.46438316608213, 46.09041121279581], [-117.4646877563772, 46.09156077285013], [-117.46162175627391, 46.093774633322546], [-117.46241203670209, 46.0951344633435], [-117.46187573681516, 46.09615215347279], [-117.45958298676136, 46.097919733834296], [-117.45549523595379, 46.09765071422599], [-117.45143142625304, 46.10268108500718], [-117.45391155777355, 46.10779529513562], [-117.45696875867066, 46.10940399494667], [-117.46069236005674, 46.11277247482058], [-117.465615370115, 46.10870546402415], [-117.47299305124275, 46.1076083332], [-117.47399991087632, 46.104959012902874], [-117.4750875912329, 46.10571179284898], [-117.47722174267888, 46.11077257300774], [-117.47989466329997, 46.11139644278456], [-117.48314123524494, 46.11786900293529], [-117.48468673579461, 46.119144022873606], [-117.48752826623834, 46.1187676825595], [-117.48944420705763, 46.12100986253184], [-117.49438356867645, 46.124422432285726], [-117.49920419873864, 46.12047215150852], [-117.50869985055428, 46.12081587057677], [-117.51220039093273, 46.11954761013049], [-117.51336046123892, 46.11999458004649], [-117.51327560150946, 46.121367160156204], [-117.51508033212909, 46.12274986007612], [-117.51954483316088, 46.12376725970102], [-117.52369405359008, 46.122172309165215], [-117.52908173375022, 46.1181969883293], [-117.5378070953315, 46.118101457442656], [-117.53887471572128, 46.11903146740354], [-117.53892824586296, 46.119663947444664], [-117.53769683565335, 46.1197422975746], [-117.53753770580063, 46.12058890765298], [-117.53658433560403, 46.12048502774142], [-117.5347522656151, 46.122150448048714], [-117.58097239409916, 46.12218775339054], [-117.58195931452559, 46.123364883377434], [-117.58057894457048, 46.12479272362156], [-117.58113670520521, 46.12734490375277], [-117.58507514700595, 46.13251447373498], [-117.59314885939787, 46.136884653241], [-117.60332323196887, 46.14026941246237], [-117.60526825282484, 46.142661212441396], [-117.60633707419247, 46.14826876274448], [-117.60722986462567, 46.14955862274884], [-117.61416862652925, 46.152584722269836], [-117.61880162815805, 46.15631596207521], [-117.62510540948045, 46.15711951149726], [-117.62866628060317, 46.159369631302205], [-117.63108733167383, 46.162368021277], [-117.63197227256165, 46.16583606144124], [-117.63054742310561, 46.16968059186638], [-117.62373461285878, 46.17445940290444], [-117.62046822221257, 46.174230433217886], [-117.6178737818963, 46.17498929353557], [-117.61261478184562, 46.17934688438596], [-117.61261475328519, 46.18621733488852], [-117.61884470492778, 46.18860880443345], [-117.62664888618893, 46.18780583358563], [-117.63206866796027, 46.19152011330892], [-117.64038241908764, 46.18963677233052], [-117.64935816130166, 46.19235933162145], [-117.65339849203083, 46.19231006120917], [-117.66383861499746, 46.1973445105202], [-117.66940640573483, 46.19600395985907], [-117.67188841625165, 46.19630300962975], [-117.67404815708035, 46.19836931956181], [-117.68361472887703, 46.19859307861002], [-117.68748824977779, 46.19950985828478], [-117.69318929070732, 46.19897250766863], [-117.69863327218683, 46.20127941728552], [-117.70004966290344, 46.20345903730081]]]}, "properties": {"name": "Wenaha-Tucannon Wilderness", "acres": 176785}}, {"type": "Feature", "geometry": {"type": "Polygon", "coordinates": [[[-121.25344283838353, 46.96609516782646], [-121.26720472012967, 46.96377768622361], [-121.26839501995437, 46.96214372600154], [-121.2723593604059, 46.96125069552672], [-121.27661341061075, 46.959064124945776], [-121.28049837150824, 46.96018947459683], [-121.28105798126782, 46.958726884452055], [-121.2828636913685, 46.95785910420897], [-121.28552090108745, 46.95469586374157], [-121.28955915165409, 46.95425691328536], [-121.29058292205036, 46.9552562532343], [-121.29321053243056, 46.95502152294042], [-121.29528581253835, 46.95398992265906], [-121.29568063189744, 46.9508858724365], [-121.29892997197005, 46.94884802197149], [-121.30043440207743, 46.94822882177509], [-121.30146279248238, 46.94926359172555], [-121.30264639265143, 46.949148411592624], [-121.30309517236246, 46.94755213145198], [-121.3053067025641, 46.94683472117445], [-121.30876355333761, 46.94772906085777], [-121.30894785306593, 46.94640063076092], [-121.31291381338625, 46.94493307025274], [-121.31270532298375, 46.94331403018086], [-121.314314743067, 46.942512869962705], [-121.3156815233762, 46.9428816198384], [-121.31743654344572, 46.941914909595084], [-121.32058208394363, 46.941824039254364], [-121.32168981434637, 46.94279229919246], [-121.32413826478154, 46.942931118939434], [-121.32488271454268, 46.941340798767705], [-121.33087369549466, 46.941185328119836], [-121.33514795582101, 46.939522797567484], [-121.33794748553531, 46.936236667078234], [-121.34112378590744, 46.93557180670099], [-121.34256574586593, 46.93434379647593], [-121.34428023639782, 46.93544175635688], [-121.34671272660243, 46.93457933604742], [-121.34820738640614, 46.93263234577508], [-121.35316357734543, 46.93317431527809], [-121.35567193761959, 46.932563424975164], [-121.35716635765627, 46.931641954762405], [-121.3573657474482, 46.930582014679665], [-121.3617652177214, 46.92859676409544], [-121.36305308729207, 46.92577371379447], [-121.36417061740175, 46.92544690365633], [-121.36677315651234, 46.91964452304241], [-121.37269957663308, 46.91588134219245], [-121.38363160791943, 46.913626160896555], [-121.38378576769614, 46.91253090081664], [-121.38576403787735, 46.91189593056897], [-121.39000332881726, 46.91296561017911], [-121.39084280927433, 46.914371290171076], [-121.39378951934091, 46.91253040975037], [-121.3943073691743, 46.91142124963091], [-121.39551064941108, 46.91159289951258], [-121.39582789980685, 46.91310686956647], [-121.39690819965453, 46.91165333936714], [-121.39986948041555, 46.912861419121406], [-121.40073677016314, 46.911121588928275], [-121.404834270131, 46.90801276831148], [-121.4061228303989, 46.908260378188466], [-121.40598613058452, 46.909177288256096], [-121.40987507100442, 46.9082115977857], [-121.40997260979891, 46.902827947463614], [-121.41664784043931, 46.90081701663586], [-121.42169497129709, 46.90094404610532], [-121.42603210127305, 46.897698105455305], [-121.4270003811162, 46.89630548527155], [-121.42720257033196, 46.89270068504138], [-121.42591503002099, 46.892261375153154], [-121.4268151096911, 46.89015426493529], [-121.43090733031116, 46.88992606448606], [-121.43666626151256, 46.89105551393785], [-121.43696866180225, 46.89211425396688], [-121.4394535424642, 46.89323489376692], [-121.44931614406386, 46.89315219271117], [-121.45291285426744, 46.89144796222936], [-121.46517184608318, 46.89058853087335], [-121.46757288616766, 46.88922477053871], [-121.47201306700059, 46.88968753009225], [-121.47421972711632, 46.888602529794476], [-121.48310791831234, 46.88745242878087], [-121.48379868818087, 46.886373268645016], [-121.48875867872879, 46.88520544804903], [-121.49017920863356, 46.883758607814215], [-121.49291701891721, 46.883031417480495], [-121.49857267853116, 46.87724048654383], [-121.50181644889398, 46.876497266155354], [-121.50432265802014, 46.87082858556142], [-121.50748957782663, 46.8676848650427], [-121.50677453713537, 46.86514923497258], [-121.5008206460371, 46.864603835575274], [-121.49546097472307, 46.862676246034766], [-121.4945690741285, 46.86069463601535], [-121.49509991287488, 46.854770615616665], [-121.49015001075747, 46.84899319580976], [-121.49099237070001, 46.8481290156702], [-121.48966222017408, 46.84676643573298], [-121.48978428991032, 46.84551135564741], [-121.48827851954692, 46.84499476577785], [-121.48814336918454, 46.84348962570519], [-121.4851004882977, 46.841771035929625], [-121.48296220739817, 46.83934056601651], [-121.48371995665774, 46.835514155714506], [-121.48320668630332, 46.8343174656999], [-121.48010516558635, 46.83339231597631], [-121.47924530563486, 46.83423061611631], [-121.47659121523985, 46.834406706408835], [-121.47490247438046, 46.83182690643911], [-121.47357531420525, 46.83201365659111], [-121.4708578431496, 46.8293109167236], [-121.47023672240233, 46.82645156662401], [-121.47084751191235, 46.82383752640756], [-121.47257887206452, 46.82325519618972], [-121.47161973160044, 46.821894936212864], [-121.47428031168589, 46.820342245839996], [-121.46157319777963, 46.81225546672207], [-121.4581302571662, 46.81203741707541], [-121.45669204651767, 46.81020666712201], [-121.45836968633628, 46.80818257682621], [-121.45689016586783, 46.8071803569253], [-121.45569309466399, 46.8027094967929], [-121.45352835394742, 46.80110401692973], [-121.4508495634158, 46.80069297719046], [-121.44981872262413, 46.79792910713945], [-121.44445990107371, 46.7949458275353], [-121.44291913041451, 46.793140397594016], [-121.44414030040004, 46.79218706740887], [-121.4479504610392, 46.7922516770079], [-121.45353152117848, 46.788807796214996], [-121.45554872085962, 46.78592261583304], [-121.45510751953721, 46.780367765556974], [-121.45004489731247, 46.7741656357338], [-121.44799367677537, 46.773272175899514], [-121.44753982599707, 46.77014145576552], [-121.45560855684548, 46.76803439478652], [-121.46077887782148, 46.76860822427112], [-121.46386811777549, 46.7661526938004], [-121.46918415890055, 46.76728434330193], [-121.47175340881086, 46.76501396289726], [-121.47054744835185, 46.763850522957604], [-121.4765626986572, 46.76082683214338], [-121.4788457591874, 46.76152316194158], [-121.48726103822322, 46.75110115044281], [-121.48727723573747, 46.74001708979663], [-121.48443119527022, 46.74001028009815], [-121.4842272848491, 46.738282290019235], [-121.48204635396276, 46.73592231011323], [-121.47400306248882, 46.73522003092526], [-121.4713355223469, 46.73653398128464], [-121.46778436141543, 46.734973321570315], [-121.46565410003915, 46.73039169152933], [-121.46569448941321, 46.72757041136061], [-121.46344915913869, 46.72798558162282], [-121.45852771816416, 46.72723322210069], [-121.46164531764416, 46.7226357715022], [-121.46161675661513, 46.718064121238655], [-121.46415774700012, 46.71792559096128], [-121.46566115695654, 46.71663255072655], [-121.46751698732467, 46.71691979054667], [-121.467987037201, 46.716024230444646], [-121.47004349759558, 46.7162831002418], [-121.47330728688583, 46.71072930957223], [-121.47839083763714, 46.71036964901262], [-121.4814919383715, 46.7113832987431], [-121.48125147691755, 46.705065518400346], [-121.48002398662118, 46.70463866850551], [-121.47975164636905, 46.703711318480316], [-121.4821372465879, 46.702945588182956], [-121.48035089457042, 46.69523548792259], [-121.47913571419113, 46.69442847800417], [-121.47482277352347, 46.69459838847087], [-121.46530831127376, 46.69150080929757], [-121.46572713116852, 46.69072369920786], [-121.46493873085942, 46.68991826924429], [-121.45703692867613, 46.685937769848294], [-121.43887169488262, 46.68227281155671], [-121.43734926433275, 46.68092775163912], [-121.43332199351933, 46.680239612024984], [-121.43230074309893, 46.67910665206674], [-121.43236176256106, 46.676653991916716], [-121.42678168020937, 46.67021606212998], [-121.42631840926217, 46.66631214195019], [-121.42718866905767, 46.664756871767025], [-121.43526423035328, 46.66463496090575], [-121.43799032039722, 46.66283124051178], [-121.43981562064823, 46.662616620306146], [-121.44038036029275, 46.66060882012879], [-121.44209176055986, 46.66055001994438], [-121.4427946404656, 46.65961171981507], [-121.44620119917562, 46.6513269889696], [-121.45150158988838, 46.6506326283685], [-121.44608810818384, 46.64696145872575], [-121.44468901735387, 46.644265178715614], [-121.44198976680522, 46.64378607897285], [-121.43914540535265, 46.63935671901381], [-121.43578888451859, 46.6380795092936], [-121.43414365348598, 46.634652619266376], [-121.42967495301096, 46.63580558980624], [-121.42386242199517, 46.635519100403585], [-121.42344048262423, 46.63865394063215], [-121.42631324339973, 46.64002304040899], [-121.42720210415281, 46.642749990475096], [-121.42458236502264, 46.64857882109395], [-121.42266684481808, 46.649068931325175], [-121.42132178447913, 46.64853686143618], [-121.41799701428229, 46.65009752187919], [-121.41217294293305, 46.64832599239076], [-121.40587569180688, 46.64790386303154], [-121.39932647138254, 46.65081732389487], [-121.39042521018251, 46.65198208490409], [-121.38903705029385, 46.6535029251402], [-121.37982085910454, 46.65494988619939], [-121.37777379868523, 46.65457546639371], [-121.36473709854339, 46.6635350582987], [-121.36009866707592, 46.66036924860275], [-121.3541449857085, 46.658620829129056], [-121.34377692435025, 46.66016670031583], [-121.34270439441353, 46.661240600492484], [-121.34026640386064, 46.66055733070987], [-121.33944597395269, 46.661574770856525], [-121.33590750277855, 46.658916011073806], [-121.33427703261256, 46.659372981273016], [-121.33157784198606, 46.65855248150989], [-121.32806553161873, 46.65949396193653], [-121.32278618076604, 46.6595616724984], [-121.31901277000838, 46.65894548286075], [-121.31750837995311, 46.65980707307053], [-121.31187722857842, 46.657793473546676], [-121.30974516829161, 46.65807970378886], [-121.3087420484116, 46.659358313970294], [-121.30734304783601, 46.6578080540266], [-121.29993682613721, 46.6556512546816], [-121.29666313578355, 46.65648104507647], [-121.28169034263507, 46.65340802647632], [-121.28101753275728, 46.654453636609226], [-121.28388325378366, 46.65694370645377], [-121.28575148488129, 46.66048960646603], [-121.2916800472617, 46.66679133621201], [-121.2914247173298, 46.667285046268155], [-121.29042521730602, 46.66791618641105], [-121.28755646677433, 46.66764925669842], [-121.27994929434193, 46.66235470718929], [-121.27636217354437, 46.66142590751332], [-121.27516900311747, 46.660391637578144], [-121.273461492994, 46.66109919780039], [-121.26628407118527, 46.65828605839208], [-121.26495513288098, 46.666877179040796], [-121.25761082334208, 46.67437087026011], [-121.25314910222758, 46.672669860630926], [-121.23932118962014, 46.67119694200463], [-121.22244583596171, 46.66726815355435], [-121.21978683562159, 46.66771000386136], [-121.2188943365447, 46.6725117442404], [-121.2163860867623, 46.67534368467331], [-121.2163141084986, 46.68318145514558], [-121.20772956711897, 46.68334729606252], [-121.20061760504477, 46.679310856574475], [-121.19059877329346, 46.67887516760696], [-121.1872637824574, 46.67759540788325], [-121.18258192174665, 46.677875728394426], [-121.16975545032022, 46.680981689933766], [-121.15739303829666, 46.68106977124474], [-121.15918313890764, 46.68248270113972], [-121.15559588829045, 46.68237437151218], [-121.15091187895744, 46.68883709239136], [-121.14994905001646, 46.69429672281776], [-121.1517035106948, 46.696036322735814], [-121.14906519078032, 46.698373953153585], [-121.14980147147718, 46.700950173228975], [-121.14812480264173, 46.707406533789886], [-121.1463911230341, 46.71044648415382], [-121.14950067392252, 46.71212074392461], [-121.15938927617522, 46.71488319304316], [-121.16273401679625, 46.7151874827076], [-121.16596738711458, 46.71421988230824], [-121.16722783755047, 46.715238102235396], [-121.16372459728606, 46.7166460726894], [-121.14839824504325, 46.717951394387526], [-121.1426548158612, 46.725859285464495], [-121.1398268584843, 46.739673656583875], [-121.13986668040901, 46.74823957708796], [-121.1416529116419, 46.75242273714705], [-121.14564706268928, 46.754147106826494], [-121.14719059330902, 46.75577274675949], [-121.14204167370382, 46.76133538763436], [-121.14658888547633, 46.765883717422376], [-121.14927871622133, 46.767220457216716], [-121.14896190666511, 46.76943244738131], [-121.14386919513667, 46.76637619773957], [-121.14282050460278, 46.764769707755434], [-121.14124063434757, 46.76479779792441], [-121.13523910389229, 46.76719771870215], [-121.12959694436078, 46.77345082967041], [-121.12594800396951, 46.77440035011319], [-121.12546539428523, 46.7761634502688], [-121.12086370423198, 46.77932277094351], [-121.12063516566266, 46.785864051355546], [-121.11919379589115, 46.787944901631555], [-121.11979528651297, 46.79026970170566], [-121.11711910699127, 46.79437275223239], [-121.12594940787857, 46.79181025114476], [-121.12590250758012, 46.790516261073115], [-121.12683662781012, 46.79085121099393], [-121.12917929771665, 46.78870770061874], [-121.13749801907231, 46.78860961973142], [-121.13824474985331, 46.79153573982549], [-121.13507675917025, 46.79083050011946], [-121.12794997844838, 46.7928715309956], [-121.12563810852853, 46.794932541362705], [-121.12035715768403, 46.7950681619304], [-121.11814901770656, 46.79679667226686], [-121.12082026901189, 46.80063497221107], [-121.1264147104843, 46.803061471761715], [-121.13412257307746, 46.80891476129087], [-121.13864590364521, 46.80810816076348], [-121.14148683449203, 46.80978122056118], [-121.145655153974, 46.80440943980154], [-121.1482402841345, 46.80321984945714], [-121.15278239566322, 46.806673939179674], [-121.15200662618784, 46.80957677943346], [-121.15514626701325, 46.81093547918078], [-121.15627670801962, 46.81457602927591], [-121.16502622046067, 46.81898706860811], [-121.1645839205529, 46.819721798698374], [-121.16174322007289, 46.81967793899717], [-121.16074526006891, 46.820393829145345], [-121.15924130970829, 46.81989799927561], [-121.15025527847986, 46.82104882029693], [-121.15037197911583, 46.82378759044628], [-121.1488940290231, 46.8244623306429], [-121.13935759712852, 46.82306250157204], [-121.13636146670885, 46.82340272190999], [-121.13542899629441, 46.82224804194066], [-121.13377369614452, 46.82280009214889], [-121.12893244511997, 46.821812132604094], [-121.1270797343634, 46.81981502268246], [-121.12636864439774, 46.82049076279787], [-121.12349257376852, 46.81981271306285], [-121.1223970332538, 46.81833244309148], [-121.11436133122949, 46.815255233761555], [-121.1066326801154, 46.8159982746251], [-121.10464358954366, 46.814922964772364], [-121.10239090917159, 46.8149292950116], [-121.09796141786921, 46.8124050753317], [-121.09793261898845, 46.8174013356308], [-121.09673436878927, 46.817399415757755], [-121.09233247888064, 46.82105001644082], [-121.08975836974295, 46.82677786705324], [-121.09224192053797, 46.828478856890584], [-121.09335017141343, 46.83154982695485], [-121.0962783114783, 46.82968095653361], [-121.09876544225902, 46.83131598636657], [-121.10465429338875, 46.831995345782026], [-121.10758329436143, 46.834157125599155], [-121.12153527705124, 46.83582912421755], [-121.13235929968334, 46.83954852328855], [-121.13793704082242, 46.840502142752825], [-121.14100537185178, 46.8428130925635], [-121.14288398292922, 46.846211042564555], [-121.15595686509745, 46.84622480117731], [-121.15921901587642, 46.84728378089337], [-121.16224123690796, 46.8496383207112], [-121.16757545827528, 46.85178456027113], [-121.17032182961185, 46.85569261020956], [-121.17417985055363, 46.85703551987878], [-121.17632879153045, 46.859786929812365], [-121.1855264543221, 46.86540858916569], [-121.19493354636676, 46.867570408293034], [-121.20080298789829, 46.87005200781492], [-121.20080630837668, 46.8721661779387], [-121.19927462853826, 46.8740017082093], [-121.1976343883945, 46.87456562841684], [-121.1983355890259, 46.87684556847614], [-121.19729219941964, 46.87934992873412], [-121.1988752500911, 46.88116101867209], [-121.19898598050872, 46.88292625876392], [-121.19519069002068, 46.88354441920378], [-121.19375348025325, 46.88562335947869], [-121.19080933011391, 46.88716028988201], [-121.190911651018, 46.89108084010125], [-121.18888348110592, 46.8929521204268], [-121.18220780050915, 46.89519660126862], [-121.17866719056659, 46.8980391818122], [-121.17316636001341, 46.89961813249003], [-121.1685612699822, 46.90284783316962], [-121.1675391302111, 46.90460587338164], [-121.16779231064028, 46.906315463455066], [-121.1654725621877, 46.91484030420245], [-121.16676515277054, 46.91646709416035], [-121.16436944321052, 46.92015809463199], [-121.16471264354544, 46.9213846146674], [-121.16829780493372, 46.92488736449128], [-121.16543745573763, 46.93051964512624], [-121.16726086688854, 46.93426020515141], [-121.17321750882726, 46.93845379476284], [-121.17142245923334, 46.941551825135576], [-121.17336730012335, 46.94405215507492], [-121.17142744093638, 46.94904580557406], [-121.17431560245535, 46.95362459553449], [-121.17431383315251, 46.95669292571428], [-121.18033202427789, 46.95725800510593], [-121.1818612543751, 46.95657162490281], [-121.1825139940516, 46.954672994722166], [-121.18562009453815, 46.954550354383926], [-121.18932625461512, 46.952189213850815], [-121.18900025360504, 46.94798216363941], [-121.19045126337359, 46.945905953363315], [-121.19061188298194, 46.94406500323844], [-121.19905560345997, 46.940016072101905], [-121.20003578262647, 46.935631051740955], [-121.20427063283016, 46.93344170116177], [-121.20550784317815, 46.93407295106689], [-121.20751913340175, 46.93359176082446], [-121.20819558281927, 46.930532900573525], [-121.21046833248889, 46.9274203301493], [-121.21373112262765, 46.92565342969848], [-121.21534745212996, 46.92228160932905], [-121.21750596209947, 46.92057351899929], [-121.21919688234496, 46.9204230788104], [-121.22506641213852, 46.91523380788183], [-121.22782162236003, 46.914201877528185], [-121.22912156303622, 46.91623646750876], [-121.235245893674, 46.914585066760075], [-121.23823343447245, 46.915928746520514], [-121.2393461345259, 46.915353976368415], [-121.24105263397658, 46.911687825972464], [-121.24285943391497, 46.910099385687204], [-121.24100319288752, 46.90691963569896], [-121.24288550276442, 46.90500442538656], [-121.24270518187309, 46.901202275183465], [-121.24409954187406, 46.9001896449758], [-121.24948073290098, 46.90079911443869], [-121.25255310327519, 46.900211424077284], [-121.25451019322341, 46.89855608377226], [-121.25638717367406, 46.89917711360877], [-121.25921601376236, 46.89750501320994], [-121.25959797359806, 46.896501643110675], [-121.2619200340115, 46.89663439287125], [-121.26298508381866, 46.89500667266281], [-121.26548942423634, 46.89502575239741], [-121.26652328392349, 46.89289095216262], [-121.26938743439813, 46.89289929185831], [-121.27081023442274, 46.89197110165263], [-121.27209355392598, 46.88884192133329], [-121.27140692338907, 46.88697096129701], [-121.27253391337155, 46.88607221112455], [-121.26788507175247, 46.882308211399206], [-121.26780695113285, 46.87962696125081], [-121.26557773016032, 46.87695453133166], [-121.27046870122746, 46.878103680878574], [-121.27270853141316, 46.87729077059281], [-121.2769008912474, 46.87350030992529], [-121.28014427072505, 46.86882492930695], [-121.28099465034445, 46.866521199081845], [-121.28057975010249, 46.865753539081076], [-121.28355412928069, 46.859947318425355], [-121.28244179739472, 46.85241127810279], [-121.28406468747654, 46.85158851788214], [-121.28584871704524, 46.84837622750462], [-121.28909333701179, 46.845858637012455], [-121.29529859617072, 46.83760034586992], [-121.2956373650487, 46.832379675528436], [-121.29680453506423, 46.831595575358556], [-121.29697832457123, 46.82928272520472], [-121.29894793428358, 46.8265679548366], [-121.29932947358488, 46.8231897045983], [-121.2986851629716, 46.82094010453507], [-121.2998194021797, 46.8165968741603], [-121.3017378924526, 46.81640524394538], [-121.30176963215014, 46.81503943386202], [-121.30324538217837, 46.814085803649476], [-121.30160132150736, 46.81230933371999], [-121.3015041011048, 46.810593423629825], [-121.30203366110662, 46.81021404355136], [-121.30312005177119, 46.81237002356229], [-121.30448439166953, 46.8109208333326], [-121.31328839223909, 46.807011602168934], [-121.31899919293862, 46.80594265150009], [-121.31948495275786, 46.80478473138079], [-121.31890176182749, 46.80107870122571], [-121.32137716092505, 46.79525854062222], [-121.32689226043392, 46.789040759672886], [-121.33117925089367, 46.787948579154026], [-121.33178592064034, 46.78637839899773], [-121.33717396086554, 46.783437998253895], [-121.3405568002888, 46.77839779759995], [-121.34041981007543, 46.777548697564725], [-121.34279794004968, 46.77569392720389], [-121.34273521982621, 46.774745567155044], [-121.34365255985108, 46.77418496702489], [-121.34307503954325, 46.77323760703069], [-121.34455826953574, 46.77211885680786], [-121.34458909894806, 46.7694805966501], [-121.3461951791799, 46.769337156471366], [-121.34710033851538, 46.765716196163375], [-121.34865884868775, 46.76534273597623], [-121.34952584815825, 46.76235008570903], [-121.34887899764534, 46.76053952567156], [-121.35034733754318, 46.75900938542624], [-121.34998675694841, 46.75662357532477], [-121.35295324717868, 46.75547723494307], [-121.35278511685902, 46.7541759348847], [-121.35542704730173, 46.754213854606846], [-121.3597320173885, 46.75144769398844], [-121.36679225875203, 46.75235442329304], [-121.36632748504302, 46.78069895500022], [-121.36937517719481, 46.78803874510555], [-121.36416755744301, 46.79294553594497], [-121.36375183759328, 46.793916646045844], [-121.36476956814893, 46.795642066038596], [-121.36314038850483, 46.79841267637334], [-121.36258456955265, 46.803471886727806], [-121.35828320892793, 46.803837827205925], [-121.35513669881479, 46.80563272764486], [-121.35437259889923, 46.80656531778046], [-121.35439834944204, 46.808956267917374], [-121.35228296928493, 46.809802898191485], [-121.34913862961335, 46.81355555874458], [-121.34871761009478, 46.81599926893204], [-121.34592005007504, 46.817953109343286], [-121.342324699479, 46.817932939724066], [-121.3405999893829, 46.81876547995587], [-121.33878079958231, 46.82097802027838], [-121.33948533006865, 46.82262090029946], [-121.33680279035579, 46.82585157077314], [-121.33662762097661, 46.82873213096001], [-121.33492025126016, 46.831234481287545], [-121.35115450382472, 46.830761669534695], [-121.35738099527038, 46.83262938898187], [-121.37825385769814, 46.82818025650403], [-121.37776989783289, 46.82913001661081], [-121.37638885762438, 46.82921184676237], [-121.37885587844572, 46.83105496660749], [-121.37561736855284, 46.83388772711672], [-121.37752774903927, 46.83465186695814], [-121.37456397996387, 46.840904787637356], [-121.37447138060843, 46.84382588781725], [-121.37591429101595, 46.84457999770771], [-121.37196056051708, 46.8452489781671], [-121.36989513058242, 46.84704156849116], [-121.3678001602285, 46.846999828711475], [-121.36647600038845, 46.848671528949666], [-121.36223815984239, 46.84933962943926], [-121.35846827960916, 46.85105153993987], [-121.35105797844896, 46.85131227074317], [-121.34352051751117, 46.852651121622756], [-121.33412069592367, 46.85247292261197], [-121.32408983501084, 46.85574267386942], [-121.31842801489121, 46.85933969468142], [-121.30675550539848, 46.87008917655031], [-121.3012764261846, 46.87755591756896], [-121.3020049566225, 46.878960267573405], [-121.2961785764016, 46.88222831838408], [-121.29561167657096, 46.88338941851216], [-121.29650790690785, 46.88422502846557], [-121.29645784723684, 46.88571436855779], [-121.29545166765116, 46.8882769488144], [-121.29601852785116, 46.888747408781484], [-121.29324404747557, 46.88910932909794], [-121.2909761578454, 46.892393589530954], [-121.29133062831262, 46.89419818959852], [-121.28946684788582, 46.89367079976614], [-121.2834222675087, 46.896407690569276], [-121.28267936765319, 46.89758633071712], [-121.2815416773163, 46.896927790799786], [-121.28020690717887, 46.897293270963225], [-121.2739250268826, 46.90056046182267], [-121.26725019594326, 46.901277002575114], [-121.26147195535415, 46.90288664328422], [-121.25504212428218, 46.90284126396609], [-121.25251158369962, 46.902114664193], [-121.24784248305716, 46.902682614723204], [-121.24478883464245, 46.91190218558715], [-121.24190798509412, 46.915992866132974], [-121.2387925350099, 46.91789125657568], [-121.22970939386397, 46.9194574676345], [-121.22514511375356, 46.92229698828661], [-121.22969379568681, 46.92750278810647], [-121.23312043666226, 46.9293045178467], [-121.2357206876666, 46.93183530771757], [-121.23458853822693, 46.93512749803044], [-121.23253020841153, 46.93743850838475], [-121.23259593918904, 46.94081358857484], [-121.23494246045324, 46.94467045854992], [-121.23318238126228, 46.94951043902], [-121.23050177104972, 46.950524919364916], [-121.22464898016166, 46.950875860009326], [-121.21917842961169, 46.952436880683585], [-121.21832108966748, 46.95330600082574], [-121.21549856907428, 46.952750551094134], [-121.2143943491843, 46.95403795128706], [-121.2106521683248, 46.952980721624165], [-121.2063785376024, 46.9529138820758], [-121.20288226672601, 46.95160362237183], [-121.194163615373, 46.95200002332421], [-121.19242731579915, 46.95513936369288], [-121.18593051547107, 46.95842814457768], [-121.18031696491072, 46.960052215271034], [-121.1791152357017, 46.96440544565386], [-121.17503994559854, 46.96691962623538], [-121.17981130665197, 46.9680756457943], [-121.18073248701856, 46.96901620575109], [-121.18098167765285, 46.97162244587688], [-121.17931706857084, 46.976866796361], [-121.18230919855186, 46.974606135909774], [-121.1917343795945, 46.97232878477157], [-121.1965035507041, 46.97373405434502], [-121.20499540111636, 46.969369133184486], [-121.20837515172717, 46.9695951028373], [-121.21005472167884, 46.96816170257451], [-121.21371423211893, 46.96743429214176], [-121.21853082287844, 46.96727002161855], [-121.22156742359424, 46.96820794134938], [-121.23653222566436, 46.96642944964964], [-121.23858541610883, 46.966890659457555], [-121.24559577694849, 46.965488108628094], [-121.24850336762074, 46.966330288367026], [-121.25272297815269, 46.96560353787461], [-121.25344283838353, 46.96609516782646]]]}, "properties": {"name": "William O. Douglas Wilderness", "acres": 168954}}, {"type": "Feature", "geometry": {"type": "Polygon", "coordinates": [[[-120.60896123790667, 48.50174524537212], [-120.61429025954756, 48.504630034938714], [-120.61534052025925, 48.50673870493856], [-120.62176022010908, 48.50177812394916], [-120.62984763078234, 48.49895055289233], [-120.6284436799627, 48.49665284292135], [-120.62989618995603, 48.49563878270354], [-120.6384816914652, 48.495791051756264], [-120.64260002125124, 48.49214238109591], [-120.64974322156871, 48.488547330101945], [-120.6508871309431, 48.485285789794126], [-120.65330492119531, 48.484643579489536], [-120.65408243061755, 48.48182057924677], [-120.65274847945287, 48.47810136918941], [-120.6434762668888, 48.47422062000615], [-120.63796601566327, 48.47309999055709], [-120.63563522493963, 48.47181049074489], [-120.63474439442011, 48.470351790763125], [-120.63190301368633, 48.46936907102466], [-120.6363763542139, 48.46842073047454], [-120.63989064493596, 48.468898790110124], [-120.64269683520001, 48.46803847975031], [-120.64789179489385, 48.46328461890907], [-120.64862959453559, 48.46135756872022], [-120.65121038493251, 48.461179188423344], [-120.6517337644978, 48.45909376824956], [-120.65096034420311, 48.45844817829982], [-120.65442618388435, 48.45481995771332], [-120.65492603340859, 48.45258627753393], [-120.66682910519764, 48.45160178615584], [-120.66867167506463, 48.44981834585219], [-120.66800513456921, 48.448300275842215], [-120.66601531400941, 48.44742665601498], [-120.66570799326387, 48.44466774589634], [-120.66368584213932, 48.44156706594922], [-120.65777266094055, 48.44082156656518], [-120.65122945876784, 48.43662588705974], [-120.65158151756056, 48.43157516674026], [-120.6555963180434, 48.430761806248995], [-120.6558843878054, 48.42961694615345], [-120.6518808556944, 48.42393130628263], [-120.65145089475092, 48.42046196613769], [-120.64978725423786, 48.419550746271874], [-120.64997494301873, 48.4145586559737], [-120.64615066178068, 48.41222895626891], [-120.64462900074268, 48.409124856265265], [-120.64581631026122, 48.40639175598146], [-120.64501052981727, 48.405169646002996], [-120.64521230883079, 48.401092105753776], [-120.64900275900382, 48.399193345227374], [-120.65061069896342, 48.39793312497883], [-120.65028505879566, 48.39748560499006], [-120.64889380830238, 48.39646535508773], [-120.64202846729938, 48.397150275887896], [-120.63928321663316, 48.39636517614888], [-120.62999624511338, 48.39664257719508], [-120.62196293425987, 48.39872665820272], [-120.61838706303448, 48.39627650846307], [-120.61062835117495, 48.39415420920574], [-120.60777219973362, 48.390347419310295], [-120.60023862722913, 48.385492069875035], [-120.58885956504561, 48.38455574108487], [-120.58836930453421, 48.38284608104371], [-120.58569741343207, 48.38026797119594], [-120.57487766119256, 48.37872680230953], [-120.57051416992704, 48.376655292677434], [-120.5670296092248, 48.3762357030403], [-120.56740170866489, 48.373738492859275], [-120.56315419758425, 48.372327473251154], [-120.56257982675457, 48.36939892315078], [-120.56358673621601, 48.366549912879634], [-120.56234528507153, 48.362817092808065], [-120.55999516414134, 48.3607042729501], [-120.56303536432362, 48.35934573253709], [-120.56558078472162, 48.359191802246414], [-120.5670635945875, 48.3576350919949], [-120.56684765389473, 48.3550061118715], [-120.56890272291918, 48.34968170134543], [-120.56874323251317, 48.34816288127797], [-120.57715169320048, 48.34513953017713], [-120.57913425264618, 48.34155283975651], [-120.5819911827797, 48.340124539360055], [-120.58367641260408, 48.338261299069025], [-120.58501535211036, 48.335358848758055], [-120.58373293996861, 48.32764112846746], [-120.58591926960077, 48.32465941805819], [-120.58946069977183, 48.32291032756808], [-120.58356909781396, 48.31909709800635], [-120.57996718735563, 48.3197344184408], [-120.57685345648922, 48.318395728710314], [-120.57368457604241, 48.31878192908275], [-120.57027617505078, 48.31714320936797], [-120.56178993323584, 48.31569243022565], [-120.56148699254015, 48.31310399011372], [-120.55281000997022, 48.3087492108289], [-120.55222306947194, 48.30714934080385], [-120.55598344919686, 48.30344923017982], [-120.5508621372654, 48.29920837050764], [-120.54939946600028, 48.29512447043954], [-120.5470546551925, 48.29349013060687], [-120.54519896403727, 48.29011856062215], [-120.54722708394385, 48.288341680297826], [-120.55278202474331, 48.287727139649114], [-120.56292688548515, 48.28371293830151], [-120.56552746522867, 48.2808843178548], [-120.565386824274, 48.27713351765924], [-120.56876961429604, 48.27488679715883], [-120.57019681394111, 48.27247023686502], [-120.57430823371843, 48.26873307620028], [-120.58044671453133, 48.267773495467836], [-120.5884693767679, 48.271255044776986], [-120.59785881871453, 48.27262559381613], [-120.6014375490083, 48.271341623348384], [-120.60280775884699, 48.26974611310724], [-120.60520465928117, 48.26984356284773], [-120.61816358066979, 48.26650688122781], [-120.61820313042047, 48.265474201165404], [-120.61289333950296, 48.2654354817502], [-120.6128931776908, 48.25812548133944], [-120.6182731986106, 48.258125340744876], [-120.61842119783083, 48.254876840546004], [-120.6174494473935, 48.25378217059182], [-120.61757416711986, 48.25259166051118], [-120.61621906662296, 48.25152107060069], [-120.61647347606024, 48.24907363043502], [-120.61504576536909, 48.24726864049123], [-120.60994920449754, 48.24726760105425], [-120.60992667403615, 48.24542007095279], [-120.60736475360247, 48.24543764123679], [-120.60735986336911, 48.244498431184454], [-120.59643586151326, 48.24454832239393], [-120.59643626074262, 48.24143498221861], [-120.59951822126303, 48.24140799187668], [-120.59950671083617, 48.23969121178129], [-120.60194268123351, 48.23961333150788], [-120.60184273867841, 48.22935510094118], [-120.59632261772212, 48.229305271547844], [-120.59623089590193, 48.2220067011466], [-120.60151354679934, 48.22198298056217], [-120.59842512550249, 48.21887252072771], [-120.58663386215713, 48.21349429172553], [-120.58415872258206, 48.21692812219244], [-120.57912759170554, 48.21686431274405], [-120.57548174070622, 48.21534431306052], [-120.57721372023906, 48.21225305269482], [-120.57476688937923, 48.210466892863906], [-120.56341017693413, 48.208435384001916], [-120.55400530413911, 48.20363454476773], [-120.5513414429697, 48.20074389489787], [-120.54731831198464, 48.19954327527357], [-120.54578522111375, 48.197077205302946], [-120.54269307024722, 48.1957108255665], [-120.54074087900855, 48.19204344557393], [-120.53826133831662, 48.19095926578585], [-120.53465160653282, 48.18623092591562], [-120.52615967501961, 48.18599364683807], [-120.52612253413753, 48.182439606640536], [-120.5206198432089, 48.1824969972501], [-120.5206149214432, 48.175331616843884], [-120.52635254242612, 48.1753315262118], [-120.5258857418924, 48.17348888615861], [-120.52391609119401, 48.172022556292355], [-120.52326799050272, 48.16966570622991], [-120.5209716295429, 48.167364316352085], [-120.52142897916134, 48.16549532619555], [-120.5204602685257, 48.16358648619378], [-120.51795341784222, 48.162554286411186], [-120.51406648619549, 48.1585669966125], [-120.50632187449143, 48.157034467377954], [-120.50436916364751, 48.154963097475054], [-120.50230556334652, 48.15517758771445], [-120.4998088127044, 48.15430645793968], [-120.49784610172759, 48.15170136800745], [-120.49252533027426, 48.14949951846766], [-120.49226789842913, 48.142168998078304], [-120.4911524474512, 48.138965868018516], [-120.49195650690503, 48.136180277771246], [-120.49170942585289, 48.132066797563894], [-120.49095839548835, 48.13110587759177], [-120.4919401854402, 48.130224097433455], [-120.4884599346179, 48.12930442776379], [-120.49106237450638, 48.12703200734797], [-120.49011544417195, 48.12633045741207], [-120.4912533534791, 48.12271108708049], [-120.4902900322317, 48.118298266934595], [-120.4916418714346, 48.11410213654652], [-120.49176738051266, 48.110252986313], [-120.48995325965771, 48.108033046385664], [-120.4898727192695, 48.106505066307214], [-120.48769245863485, 48.105439916486006], [-120.48799118827566, 48.103764486357505], [-120.48715605812292, 48.103725456447016], [-120.48537787725174, 48.101412776510294], [-120.48370363696597, 48.101417646694536], [-120.48236330630692, 48.09966477674169], [-120.48035052595107, 48.09962064696026], [-120.48046773553965, 48.09785819684664], [-120.474815584004, 48.09554336733525], [-120.47321580336025, 48.094033867424656], [-120.47398155323904, 48.09300257728152], [-120.47360548283807, 48.09162755724421], [-120.47110244184287, 48.0893143573868], [-120.46855498128332, 48.088812557637866], [-120.46694774009528, 48.08508285760084], [-120.46383615909085, 48.083157547832315], [-120.46185917874118, 48.08311387804688], [-120.46031066688518, 48.07660943784421], [-120.4582712961495, 48.075030397977635], [-120.45882536605068, 48.07423735787133], [-120.45080136360063, 48.069842658500114], [-120.44844650254356, 48.06716921860516], [-120.44438983168105, 48.06648678901119], [-120.44190099077977, 48.06454502917282], [-120.43802002988924, 48.06362500954587], [-120.43483375876013, 48.06123980975848], [-120.4313046179664, 48.060469370101345], [-120.42934891730378, 48.05912980023894], [-120.42887153678687, 48.05734776018887], [-120.42653636607116, 48.056057310370846], [-120.4220077051588, 48.05550386083576], [-120.42366898620129, 48.05860696083192], [-120.42311523656967, 48.06050541100179], [-120.42110398657168, 48.06192807130422], [-120.42286496782013, 48.06580296133375], [-120.4223900588722, 48.07044435165255], [-120.42029053952807, 48.07460441212194], [-120.41766127954315, 48.07651372252013], [-120.41176257855182, 48.07660223317261], [-120.4060212185535, 48.08064446403497], [-120.40178413984094, 48.08888780497379], [-120.40212590123927, 48.094364645250884], [-120.40360914297216, 48.100404595434874], [-120.40933632500717, 48.10469773505233], [-120.40645102506652, 48.10696483549932], [-120.40030645436308, 48.10840449625688], [-120.39943809483272, 48.1109317164973], [-120.39965205567066, 48.114202196661495], [-120.39660302556219, 48.115898757093795], [-120.39857714665335, 48.11896692705296], [-120.3971249472783, 48.12253559741724], [-120.39764935795199, 48.124916207496156], [-120.39582498893685, 48.130211738000355], [-120.40143145075042, 48.13367605758271], [-120.40151634115622, 48.13527069766476], [-120.39950725169857, 48.13888871809299], [-120.40004603264816, 48.14238035823381], [-120.4017616337282, 48.145578408228346], [-120.40586794554612, 48.15010659803606], [-120.40686407695478, 48.15514391821478], [-120.41006993796144, 48.156997937968214], [-120.41068563847217, 48.15864546799473], [-120.40555289077122, 48.171585879299535], [-120.40616140199735, 48.17614473949315], [-120.40428257212332, 48.17796980980426], [-120.40428207239592, 48.179077859867675], [-120.41269384429938, 48.180934719047755], [-120.4140954050225, 48.18289350900533], [-120.41802272618067, 48.18485509868493], [-120.41837282736323, 48.189412758906535], [-120.42984686057227, 48.19443303792921], [-120.43267442181836, 48.197517827793604], [-120.43849220356917, 48.200564517326306], [-120.43944269433966, 48.20302739736188], [-120.4414170249867, 48.20427573721545], [-120.43933509499635, 48.20576535752968], [-120.43050239394194, 48.207645258610064], [-120.4152510810481, 48.20654362022772], [-120.41007302055648, 48.208161320890476], [-120.40779365945617, 48.205288890977776], [-120.40342330856926, 48.204740871427944], [-120.39509835715802, 48.20482652234986], [-120.388792366433, 48.20628776312795], [-120.38418922547396, 48.205611243596344], [-120.37866578468712, 48.206276924242744], [-120.37480388449968, 48.20821378477884], [-120.37370396468535, 48.20973506498695], [-120.37420890564161, 48.2132604651328], [-120.37792032754174, 48.21837281501595], [-120.36804037611302, 48.21947863616767], [-120.3647736253505, 48.21866872648132], [-120.35916043482467, 48.22045734720201], [-120.35637062396327, 48.21891439742115], [-120.35275250319722, 48.21833644778666], [-120.34789738292407, 48.22062129845225], [-120.34529627359248, 48.22514754899774], [-120.34642976429245, 48.22719202898978], [-120.34566911494885, 48.23038257925604], [-120.34670546634557, 48.23531600942387], [-120.34492559675796, 48.23822809978648], [-120.33202356442996, 48.23781093118466], [-120.3287648632598, 48.235348541402914], [-120.32422722225209, 48.23443763185079], [-120.31244134053975, 48.235739233223974], [-120.30889755939225, 48.233568353490085], [-120.30380911832408, 48.23279939400669], [-120.29754412790655, 48.2354899848511], [-120.29627255825746, 48.237800595123645], [-120.29619091958772, 48.24324474544466], [-120.29138413991754, 48.24794059624342], [-120.29565342089676, 48.24891959582901], [-120.29515380139476, 48.251284106019526], [-120.29798732191773, 48.251420195715006], [-120.29834707222719, 48.25242091573263], [-120.30139037296695, 48.25328758544678], [-120.30257832345245, 48.25442196538075], [-120.30133841394158, 48.257266615680265], [-120.30426099529237, 48.26068828555387], [-120.30421396583625, 48.26292033568673], [-120.3016239358155, 48.26464471607104], [-120.3100849174524, 48.2653554451786], [-120.31212416806312, 48.26640098501348], [-120.3124150984747, 48.26786136506485], [-120.31559045943645, 48.26953262481018], [-120.31599304982126, 48.2708068248386], [-120.31495993976776, 48.27131127498136], [-120.30650470886815, 48.27357505604346], [-120.30833854957773, 48.27516221593187], [-120.31247380082141, 48.2773015455979], [-120.31743797174084, 48.27755344506463], [-120.32261387318083, 48.27976010461957], [-120.33482554559266, 48.28098867334212], [-120.34603743807733, 48.28321048223141], [-120.35005454919694, 48.28493260188618], [-120.3484473401356, 48.289838262343146], [-120.34834405120915, 48.29424044260532], [-120.34732089179026, 48.29729546289228], [-120.34839938354011, 48.303599533132136], [-120.34813969416236, 48.30628769331389], [-120.34929342481982, 48.308134753291576], [-120.35672037551059, 48.30575596233583], [-120.36566617682156, 48.304822191294576], [-120.37439708891452, 48.307190080464736], [-120.38204142985307, 48.30566311953348], [-120.38943599105748, 48.30538202870056], [-120.39420186237449, 48.30737952828737], [-120.39685816242078, 48.305722837899836], [-120.40246030297921, 48.304085447187944], [-120.40858374399917, 48.303946346503444], [-120.4114334855365, 48.30816196642769], [-120.40913831657103, 48.31391853700776], [-120.40480062748536, 48.32060504786623], [-120.40594189833777, 48.32324367788966], [-120.40602433970008, 48.32866626818778], [-120.40759882046495, 48.330651328126194], [-120.41221916214177, 48.33419347781581], [-120.41932170353971, 48.33489623707002], [-120.42384645515277, 48.33824809675917], [-120.42254062506528, 48.33879982693488], [-120.42322479547774, 48.33998375692613], [-120.4221138553645, 48.3402972970668], [-120.42291495569285, 48.34106238702142], [-120.42172518568692, 48.34186159719825], [-120.42241669630876, 48.343881147235976], [-120.42897394710391, 48.342540506434666], [-120.43045410760705, 48.3435378263273], [-120.43506112828314, 48.343068265791025], [-120.43619244892376, 48.34485912576708], [-120.43544407898591, 48.34562602589318], [-120.44007130971734, 48.34536533536643], [-120.4420005103911, 48.34673757523048], [-120.44636797300733, 48.35422283516966], [-120.44653512511468, 48.362562305621736], [-120.45221318645942, 48.364036835076185], [-120.45792523834037, 48.36763834464669], [-120.47127358184862, 48.372497283441945], [-120.47213947251198, 48.37455870346209], [-120.47156496351094, 48.378956553773236], [-120.47810376609989, 48.38482121337859], [-120.48260511750043, 48.38732940302076], [-120.48137093758868, 48.388531913225115], [-120.48501051845038, 48.389476372874825], [-120.48913775887058, 48.3883182023523], [-120.48988161978622, 48.39147091244695], [-120.49246524017127, 48.39123422214726], [-120.49251002086122, 48.39396408229559], [-120.49516385141507, 48.39435481202333], [-120.49606364194304, 48.395848232007445], [-120.4979356224799, 48.39670883184821], [-120.49900537395804, 48.40188458202001], [-120.50495755565447, 48.40457706151098], [-120.5030541457066, 48.40609299180707], [-120.5064954371352, 48.409438781613], [-120.50898913762312, 48.409676071349665], [-120.51071424857868, 48.412309661305905], [-120.51607976916051, 48.41095108063457], [-120.52057415018402, 48.41195559019221], [-120.52316097042426, 48.41114014985955], [-120.5260311515985, 48.413861579693474], [-120.53060176273924, 48.41528256926586], [-120.5332501842372, 48.41944783920498], [-120.53334220489575, 48.4220138493383], [-120.53497102562083, 48.42379157925696], [-120.5379429365596, 48.42550147902265], [-120.54238433760872, 48.42664479859357], [-120.54579964796429, 48.42572399816295], [-120.54691257867059, 48.42777990815425], [-120.54806551055226, 48.434495948401356], [-120.5552409323547, 48.436772007731584], [-120.55943313390817, 48.440096477451526], [-120.55987950427723, 48.44126233746695], [-120.56235931495159, 48.44225379724681], [-120.56252511544814, 48.44411921733243], [-120.56441305578085, 48.44415387712463], [-120.56463241615248, 48.44548466717443], [-120.56582775650739, 48.44608152707495], [-120.5680926868305, 48.44582040680878], [-120.56773614721808, 48.447608476948005], [-120.56892295765877, 48.44855256686876], [-120.57805514009664, 48.45202199604732], [-120.58033936001817, 48.450149295689236], [-120.58368841029024, 48.44894517525006], [-120.58438718088657, 48.450842645277994], [-120.58216564146925, 48.45468008573851], [-120.58347189231534, 48.457156175731114], [-120.58508106287131, 48.458270715614276], [-120.58396696312785, 48.460052185837256], [-120.58404624435123, 48.46486578609618], [-120.58313617465434, 48.46669291629903], [-120.57918847375146, 48.465795046687944], [-120.5759363126703, 48.463713626933625], [-120.56940166181268, 48.46476267771842], [-120.56350371069506, 48.464343288350676], [-120.56191884053109, 48.46477351855079], [-120.55989508126838, 48.469089019016096], [-120.55157245980718, 48.46896064993409], [-120.55313200958803, 48.467023129652766], [-120.55208152914528, 48.46597925971137], [-120.55298012917528, 48.46548486958398], [-120.55288191885627, 48.46428233952789], [-120.5512400479479, 48.461789189571384], [-120.54975873762284, 48.46150774972034], [-120.54722474652506, 48.45886988985486], [-120.54286105548988, 48.4577320702763], [-120.54064745470548, 48.456122450432424], [-120.53907413448098, 48.45630460061741], [-120.53826135395633, 48.45477130062214], [-120.53293193239377, 48.452194021070326], [-120.53007920200508, 48.4525977714098], [-120.53021543154264, 48.450662271286575], [-120.52434831021105, 48.44937321186623], [-120.52421688995166, 48.44842963182815], [-120.52036249886663, 48.446745302162064], [-120.51997298847718, 48.44545995213348], [-120.51694629774757, 48.44462498242297], [-120.51561933718608, 48.44329579249596], [-120.51368764684953, 48.44327767270945], [-120.51303296705404, 48.444541682852844], [-120.50889055591762, 48.442849803218174], [-120.50557498546155, 48.44330381361171], [-120.50544506471998, 48.440436083465684], [-120.50322481384589, 48.43847262360228], [-120.49897889304539, 48.438191664057896], [-120.49759880254801, 48.437154384153054], [-120.48992961143983, 48.437994905051426], [-120.48988427057972, 48.43459491486599], [-120.4849638293226, 48.432955945320266], [-120.48477249900567, 48.43182257527798], [-120.47880065781499, 48.43117066590416], [-120.47725476691608, 48.428644415934016], [-120.47277043563516, 48.42661110631748], [-120.47330301552618, 48.425810156213466], [-120.47239545467819, 48.42304775615914], [-120.47265352419748, 48.420950626012754], [-120.47120137302522, 48.41726631596702], [-120.46926176237824, 48.41601473611183], [-120.46418323151289, 48.41604909667707], [-120.46346781041038, 48.412135216536484], [-120.45688294852773, 48.409140207098375], [-120.45417485732439, 48.40619276723288], [-120.4483026958021, 48.404147567768824], [-120.43792198448772, 48.40603960902605], [-120.43819560421282, 48.404751788923214], [-120.43660132355102, 48.40320290901275], [-120.43348647300395, 48.403160469355605], [-120.43256578239252, 48.401349109355635], [-120.43109050202122, 48.40088017949274], [-120.42747001369771, 48.41007974041225], [-120.42759275413583, 48.41174679049249], [-120.42612667467466, 48.4149105008332], [-120.42423085646887, 48.4233851615205], [-120.42563900763383, 48.427068841571625], [-120.43064098843146, 48.42681223100238], [-120.43270581900799, 48.42769385082297], [-120.43626679047728, 48.431110690620095], [-120.43695084098503, 48.43266732063171], [-120.43477575101434, 48.43427997096364], [-120.43400967206793, 48.43901139131461], [-120.43859080365687, 48.442201380985516], [-120.43986430574006, 48.449634321261605], [-120.43939846606581, 48.45125288140418], [-120.43214346621299, 48.456822652522256], [-120.42875556603194, 48.458428272988556], [-120.42289504618125, 48.46304850389866], [-120.40982057470406, 48.46614562552431], [-120.40128994269467, 48.464003366350944], [-120.39713425224069, 48.465051396871225], [-120.3887629607797, 48.464986667796936], [-120.38582315982505, 48.463204588022975], [-120.37975869857891, 48.46241068865139], [-120.37322374761878, 48.463081169414465], [-120.36965239659885, 48.461474369720335], [-120.36603174590941, 48.4612185901077], [-120.35288693420958, 48.46349488169481], [-120.3399869020593, 48.46381069314406], [-120.33825902284201, 48.46812075357903], [-120.33894393400898, 48.472298483738655], [-120.33590022404445, 48.474536034202714], [-120.3334777937922, 48.47519990450903], [-120.32115821086764, 48.47203757569781], [-120.31588438029404, 48.47338748635931], [-120.30799969321639, 48.490457168198276], [-120.31302392497076, 48.49397762783911], [-120.31463079580054, 48.496172337784515], [-120.32131191790013, 48.49992454725406], [-120.3251499484044, 48.49928898679199], [-120.33004188977864, 48.501388186366896], [-120.33510679087681, 48.502270755854035], [-120.34377635229166, 48.501934874872006], [-120.34796485263901, 48.500436594322366], [-120.35022909326038, 48.50135063412225], [-120.35469127405368, 48.50143774363144], [-120.36625498760428, 48.50760581269338], [-120.37282268024114, 48.51357209229861], [-120.38338393257106, 48.51557894123725], [-120.38981861470232, 48.51962772074898], [-120.3928446554274, 48.52043140045756], [-120.39727688606023, 48.51990542993523], [-120.40582956795018, 48.521546229076115], [-120.41008301021184, 48.52760597894245], [-120.41809572202223, 48.52930154814601], [-120.42194218319749, 48.53132986783161], [-120.42921444338508, 48.52709857678589], [-120.43335803409023, 48.527060786322785], [-120.43923320393026, 48.52240730540901], [-120.44267330415661, 48.52095245494502], [-120.44808143486142, 48.52004950429297], [-120.448688754246, 48.5171925340657], [-120.4466415124045, 48.511284153963075], [-120.45401650287937, 48.50812329296621], [-120.45754708194583, 48.50200016223129], [-120.45899660199248, 48.50119344202498], [-120.46251173228355, 48.49994390156429], [-120.46449015266937, 48.50012283135432], [-120.47066261440197, 48.502781990816594], [-120.47591682533925, 48.502910680239495], [-120.4799868365381, 48.5048885198973], [-120.48486197740742, 48.50500741936176], [-120.48815714846877, 48.506969019104694], [-120.48870726835189, 48.506129058996606], [-120.49075547862864, 48.50582815875207], [-120.50392460147398, 48.50812692741533], [-120.51153420189165, 48.50458883637161], [-120.51396265153554, 48.50151676593029], [-120.5173174020339, 48.501204645539744], [-120.51817544149176, 48.49846625529167], [-120.5169118391417, 48.48999432495995], [-120.52057965941945, 48.48859183447392], [-120.52502933029265, 48.48902214400306], [-120.52939383080916, 48.488093423465976], [-120.53349361272585, 48.49290899327831], [-120.53752618374959, 48.49422267290296], [-120.53939339455665, 48.49615366280277], [-120.5459565459028, 48.497020952120906], [-120.54775564661637, 48.49862716201015], [-120.55276080795872, 48.5005427615598], [-120.56513173071725, 48.50305886032316], [-120.57039130150714, 48.50260995971288], [-120.5732373521492, 48.503219029430035], [-120.5786840625928, 48.50126932871561], [-120.58112203313829, 48.50177352847225], [-120.58486678327654, 48.49977191794441], [-120.58879417386656, 48.49943915748889], [-120.58976500376801, 48.498386927322414], [-120.60096300485382, 48.49507289589243], [-120.60216324512548, 48.49533422577335], [-120.60406819613702, 48.49805224571203], [-120.60611822649619, 48.49808277548557], [-120.60812240712241, 48.49920393532462], [-120.60896123790667, 48.50174524537212]]]}, "properties": {"name": "Lake Chelan-Sawtooth Wilderness", "acres": 153153}}, {"type": "Feature", "geometry": {"type": "Polygon", "coordinates": [[[-121.52161507444087, 48.86114577205851], [-121.52181113064941, 48.99953350909556], [-121.74902452794664, 48.99731810312617], [-121.74095759546128, 48.9929626638268], [-121.73637988370989, 48.9891937441592], [-121.73416895230098, 48.9852310442123], [-121.72546503935345, 48.979517194916454], [-121.71304669656618, 48.976763416191496], [-121.71131487583979, 48.975093536304676], [-121.70975086553825, 48.97493533647472], [-121.74491211786481, 48.961543181801645], [-121.74838330668157, 48.954836351070256], [-121.76805202905427, 48.95143828866235], [-121.7906854109365, 48.944303965730285], [-121.78967582835836, 48.93510531538435], [-121.80269859876192, 48.928408713567975], [-121.80703125837694, 48.924198122864446], [-121.8077718778772, 48.921820952661164], [-121.80614433685, 48.918926292701144], [-121.80823197628584, 48.91544977228962], [-121.80579644459493, 48.91052806231974], [-121.80345657410997, 48.910155552567005], [-121.80023845392382, 48.911481452999226], [-121.79979217360284, 48.91053678300259], [-121.79576594280694, 48.91004372343542], [-121.7940679827365, 48.910849853668836], [-121.79423525300766, 48.911780473696474], [-121.79055962257648, 48.912460234148334], [-121.78968570276984, 48.91375292431253], [-121.78113573117618, 48.91307709525022], [-121.78097858279027, 48.919345775582784], [-121.72058507258782, 48.91865009241064], [-121.7205751228126, 48.91951575245538], [-121.69659511880988, 48.91944575517605], [-121.69543826924036, 48.921826905427636], [-121.69585581965528, 48.92314770544683], [-121.69384744932822, 48.92317354567631], [-121.69205322868342, 48.92184909581328], [-121.69076336878264, 48.923048146020356], [-121.682985017218, 48.92201142685158], [-121.68335377842804, 48.92640240703141], [-121.68251853927907, 48.93018551731726], [-121.67895102014884, 48.93577545800484], [-121.6756389197857, 48.93649278841739], [-121.67592000059193, 48.93939343853188], [-121.67416461017393, 48.93891265870706], [-121.67133528029419, 48.94116962914254], [-121.66314369994261, 48.94503239026853], [-121.6577532192821, 48.94593667092681], [-121.65549635881287, 48.94557984116528], [-121.65543838914431, 48.94688210123765], [-121.64511803748115, 48.94709404242121], [-121.64498114828363, 48.950244272596], [-121.64138110740252, 48.949170112950824], [-121.6395615279738, 48.95250741332633], [-121.63580820735517, 48.95253322375423], [-121.62820615734293, 48.957320804860366], [-121.62447512564876, 48.95322900507742], [-121.63171214547579, 48.947964783988645], [-121.63900577564563, 48.943973382958], [-121.6416891252632, 48.94080560249287], [-121.64422487605916, 48.94223248227693], [-121.64778540663491, 48.942166611868984], [-121.64979411675115, 48.94133299159863], [-121.64972193753023, 48.94435399175953], [-121.65554098846414, 48.94422004109146], [-121.65639844854502, 48.94398372098209], [-121.65692905826556, 48.94257938085087], [-121.66597927878553, 48.93881228963217], [-121.65907650615353, 48.93314651013016], [-121.65490748490986, 48.93104624049761], [-121.66107358595426, 48.93111505980058], [-121.66272292552863, 48.92843918947794], [-121.6623477452539, 48.92762777947955], [-121.66502737485095, 48.92438274901111], [-121.66316508435735, 48.92368059918713], [-121.6634258333143, 48.919526258947464], [-121.66216792287439, 48.91864432904568], [-121.66285105274032, 48.91769666892019], [-121.65544398035772, 48.91329776953865], [-121.65847974999645, 48.90998174902613], [-121.65830731980333, 48.909352519013815], [-121.6514315176047, 48.90531695958999], [-121.65120879725947, 48.90413709955546], [-121.64837356652068, 48.9031153698255], [-121.64360030599241, 48.90413527041896], [-121.6427595765176, 48.906682030643466], [-121.6407952665041, 48.90788248092726], [-121.62851677528809, 48.91105579248192], [-121.62782597564974, 48.912880392652895], [-121.62373957471121, 48.91189399306667], [-121.61410328314598, 48.91204933416836], [-121.61282902311554, 48.91274579434832], [-121.6087281322042, 48.911874104769524], [-121.59753540072036, 48.91333748611419], [-121.589593219183, 48.912523286974086], [-121.58958372842974, 48.90964517682883], [-121.598600217731, 48.90121007537686], [-121.59646975683715, 48.899146395513625], [-121.59603936629195, 48.89733198547014], [-121.60247827635744, 48.89346884454322], [-121.60661719439099, 48.88328361355566], [-121.60804793436326, 48.88226272334146], [-121.60993692351089, 48.87778517289945], [-121.60849974269337, 48.875566832949474], [-121.60522349192152, 48.8746999732768], [-121.60511470946616, 48.865343042812576], [-121.61294305100674, 48.866250331971486], [-121.61570280197846, 48.86821629175874], [-121.619941902987, 48.86937737133731], [-121.63044070665937, 48.876761300522446], [-121.6348990077432, 48.878071350083424], [-121.63615078824299, 48.87918929999823], [-121.63919542886443, 48.87962876967525], [-121.64020188883939, 48.878889989523586], [-121.6425063697376, 48.88086395936251], [-121.64408703995784, 48.880699489174845], [-121.64483580989102, 48.87996519905263], [-121.64360658759323, 48.871934528784244], [-121.6442803571042, 48.869627418590646], [-121.64205520581112, 48.866085078662906], [-121.6428053657033, 48.86519175853247], [-121.64307897469294, 48.86113731829538], [-121.64125503263917, 48.85441398816026], [-121.6394703818204, 48.85240895826056], [-121.6400519317143, 48.85162926815498], [-121.64314941187538, 48.85026745773471], [-121.65209595321707, 48.84970355669216], [-121.65913383384762, 48.847628105789084], [-121.6636349245835, 48.84757971527657], [-121.66658161484544, 48.84670349489811], [-121.67007819561988, 48.84744596453953], [-121.68694307717993, 48.842669292385686], [-121.71366595295105, 48.84779380961647], [-121.6941823933991, 48.86194044254214], [-121.69218234438324, 48.866993163024944], [-121.68636652376613, 48.86833355375244], [-121.68477944411595, 48.87068780405173], [-121.68060545398652, 48.872853094634856], [-121.67989053418918, 48.874086224778445], [-121.67626510396177, 48.87552575526258], [-121.75271511667381, 48.87559574659196], [-121.75290510915612, 48.84662574510835], [-121.82213505061917, 48.84662573725593], [-121.81990795113676, 48.85002692767961], [-121.81611302114145, 48.852454648232296], [-121.81446663185775, 48.85624850860986], [-121.81045594189585, 48.85894101920043], [-121.80719104260253, 48.86372411981147], [-121.80720739407491, 48.86935962009288], [-121.81016729599713, 48.87484982003273], [-121.8111951263567, 48.87557573995248], [-121.85172513306112, 48.875580735350326], [-121.85189465899231, 48.85987753454401], [-121.86113829052843, 48.859911553496325], [-121.86504312037104, 48.85683443289881], [-121.86826513200913, 48.86107573274551], [-121.87361013289184, 48.86107573213863], [-121.8754058734944, 48.86224916199353], [-121.87730359358666, 48.861401661735606], [-121.88614092511204, 48.86165661074488], [-121.88433497440924, 48.86010500087233], [-121.88582326424898, 48.85854835062546], [-121.88399002314291, 48.855467350679405], [-121.88375863243861, 48.852912030577755], [-121.8868085925911, 48.851565970164145], [-121.8873617420123, 48.848995279972634], [-121.88688136126987, 48.84645041989976], [-121.88405361965653, 48.84204894000024], [-121.8869514501779, 48.84221468967967], [-121.88759050012051, 48.841589399575874], [-121.88841199899403, 48.836743849239895], [-121.88730361803154, 48.833749589215664], [-121.88848171784778, 48.83229705900921], [-121.889432636547, 48.82669649862065], [-121.88886547537788, 48.82256247847768], [-121.88366512327228, 48.817765728826934], [-121.8917451246, 48.81774572790956], [-121.88920459312683, 48.81369174799435], [-121.89181629227316, 48.80875038745027], [-121.89333703218483, 48.807445487212384], [-121.89313240125338, 48.80399076706219], [-121.89505410095401, 48.801618576725325], [-121.89389306947945, 48.79667854660896], [-121.91497227226796, 48.79403669408704], [-121.91463123189726, 48.792825524065], [-121.91065158082122, 48.791206764434875], [-121.90988675001385, 48.788582284389875], [-121.9104692096716, 48.7868937442391], [-121.91333242990173, 48.7859626438679], [-121.92096454084891, 48.784767712943044], [-121.92835624246527, 48.78630471218242], [-121.9246253190157, 48.77537763205718], [-121.92516603756667, 48.769445971698275], [-121.93208261865163, 48.769238370904326], [-121.93645167905098, 48.76800458034752], [-121.94009607895039, 48.76530274979913], [-121.94015244715735, 48.758347599443844], [-121.94774613799456, 48.75675639850398], [-121.94808504759433, 48.75499607837736], [-121.95004102771169, 48.75420700811625], [-121.9501565764007, 48.74907148784555], [-121.94014263426917, 48.74720171888556], [-121.93604192367823, 48.74752578936607], [-121.9250599711014, 48.744553770459945], [-121.91916436005994, 48.744280031113554], [-121.90433491808444, 48.74608428288282], [-121.89964851779173, 48.74793655350651], [-121.89857739831172, 48.75062725376317], [-121.89454667850718, 48.75394807438663], [-121.89093778829776, 48.75543661487013], [-121.88480224744337, 48.75604316559522], [-121.87997245607069, 48.75381702602979], [-121.8793361156784, 48.752707056045935], [-121.87955081549407, 48.75185816597882], [-121.88767295555338, 48.74691361481036], [-121.89166533487858, 48.74176226409898], [-121.89223205439201, 48.73952020392191], [-121.88630008287885, 48.73744963448873], [-121.88768466269903, 48.735871884252504], [-121.88860745200624, 48.73260417398335], [-121.89208900228053, 48.73144573353108], [-121.89451325169757, 48.72764508306518], [-121.91329930302818, 48.720820170596255], [-121.92385610332498, 48.71524177912119], [-121.93897526732515, 48.72109646770572], [-121.94828947044127, 48.72722508695997], [-121.96937592420176, 48.72836142463073], [-121.97445030568777, 48.73088304418286], [-121.97556521620196, 48.73216262412085], [-121.98891910842093, 48.73225986261404], [-121.98911504781341, 48.729786982467935], [-121.98765371635992, 48.72509464239823], [-121.99067572649687, 48.72370491198652], [-121.9920751662447, 48.721840581734696], [-121.99584987630698, 48.719683871199415], [-121.99829801562775, 48.71550085071275], [-121.99118604348052, 48.711709421327335], [-121.98944052218513, 48.70780396132892], [-121.98955608167996, 48.70577428121404], [-121.98335672986603, 48.70269146176048], [-121.98357669915082, 48.69978078158944], [-121.98089134759613, 48.69546510167634], [-121.97391606532962, 48.691120242246654], [-121.9684017740496, 48.689669262797125], [-121.96843700254617, 48.68381625249867], [-121.96615369190548, 48.68278584270489], [-121.96255170029828, 48.67884600291359], [-121.96459423046127, 48.67817649264909], [-121.96544419994541, 48.67563243242495], [-121.9647311693914, 48.67393662242011], [-121.96524340916791, 48.67274228230205], [-121.96359078849812, 48.671195862410926], [-121.96219005723515, 48.66718518236707], [-121.9570871052846, 48.66286502272571], [-121.95444949459043, 48.66185158297256], [-121.95453837419208, 48.66024704288157], [-121.95328766353748, 48.65850186293478], [-121.94567337120492, 48.65429860358248], [-121.94288604973556, 48.65036674369859], [-121.93937995879295, 48.6489418540224], [-121.93667243729386, 48.64484188412085], [-121.93595396645327, 48.6420306440598], [-121.93129564454509, 48.63758449436066], [-121.92644301348648, 48.63656936485691], [-121.92167782354473, 48.63984615556043], [-121.91423127230546, 48.63978971639787], [-121.91258579224512, 48.64060818662501], [-121.91157734254227, 48.642410406830074], [-121.90152924174477, 48.64574088813265], [-121.91382030070963, 48.67272773811059], [-121.92001856726222, 48.69419736849427], [-121.90218335777554, 48.70756749118495], [-121.89847059724435, 48.70787844162042], [-121.89033738566343, 48.70694395249268], [-121.8815357851959, 48.710751773680016], [-121.8754426845546, 48.71215802443992], [-121.8703118034616, 48.71120064497155], [-121.86583840214573, 48.70895975536389], [-121.85954427171006, 48.71129342619337], [-121.85644027203014, 48.714517086707346], [-121.85638458247539, 48.71627742680268], [-121.8698425797345, 48.73578291626653], [-121.85152010809665, 48.741138468609705], [-121.84366110801568, 48.745840639736386], [-121.84256266832114, 48.74772238995581], [-121.84043254835363, 48.749207350271824], [-121.84043416880925, 48.750967180360604], [-121.83875702882766, 48.75210834060802], [-121.83857549913502, 48.75341199069444], [-121.81382932865003, 48.76732893419845], [-121.80720897017112, 48.73878850350258], [-121.79896151784307, 48.73505531424587], [-121.79523259700869, 48.73421174462471], [-121.78846000479699, 48.729985185175835], [-121.78363429377717, 48.729126365677665], [-121.78154451358317, 48.729713535943716], [-121.78016994411915, 48.7326687662492], [-121.76751754111136, 48.72912802749936], [-121.76149109031948, 48.72992346822092], [-121.7577437902871, 48.73219965876017], [-121.75395426992522, 48.73322745924077], [-121.74849284890323, 48.73277171983481], [-121.74379589851301, 48.73427235044204], [-121.73629472743997, 48.73492842132319], [-121.7327397495254, 48.74527915225207], [-121.71778114235508, 48.765807104988305], [-121.67987105741815, 48.77103659954211], [-121.67311267598349, 48.76982957024479], [-121.67021606586107, 48.771215570643086], [-121.66727523483648, 48.769143800869884], [-121.66603023461236, 48.76907685100723], [-121.66597296428789, 48.767859680951545], [-121.66361812357366, 48.766611121154064], [-121.65993691297525, 48.76666194157281], [-121.65965833390817, 48.77044651179761], [-121.66077241446797, 48.77189414174557], [-121.65956585461954, 48.773254461951474], [-121.64871756360542, 48.77630171333383], [-121.64635813382458, 48.77866332372127], [-121.64339886356888, 48.77957577410252], [-121.63840576424384, 48.785388374964214], [-121.64069724506079, 48.787071234791014], [-121.63992123507546, 48.78762587490708], [-121.6403000429363, 48.81769575639875], [-121.62935508111528, 48.81769575763778], [-121.62940509241388, 48.861125689844776], [-121.52161507444087, 48.86114577205851]]]}, "properties": {"name": "Mount Baker Wilderness", "acres": 120271}}, {"type": "Feature", "geometry": {"type": "Polygon", "coordinates": [[[-121.45799209982273, 46.419478164063875], [-121.45747354932493, 46.41759486400665], [-121.4679166410338, 46.41761340291191], [-121.46791885975516, 46.41178243256613], [-121.46957285997549, 46.411555912379164], [-121.47422451101203, 46.41282098196604], [-121.47474743189665, 46.41646467212703], [-121.47370797201232, 46.41776520231317], [-121.47450696275139, 46.420539132393614], [-121.47771495332296, 46.42075848206992], [-121.47962879390792, 46.42200089194258], [-121.4868576455421, 46.424072851306434], [-121.49416020665902, 46.423734840519856], [-121.49585731642563, 46.421410680204225], [-121.49962152695336, 46.421018449785905], [-121.49987854674978, 46.41990009969278], [-121.49888873643154, 46.419185249754385], [-121.4993465059024, 46.416433909543585], [-121.50312450528669, 46.410819498815], [-121.50321179446752, 46.40701942858104], [-121.50553677392139, 46.40280007808748], [-121.49986274265714, 46.40125195859105], [-121.49840127213785, 46.39996968866844], [-121.49444684139294, 46.39951268905624], [-121.49297574079468, 46.39787714911367], [-121.48945674992933, 46.39654657940394], [-121.48654750861465, 46.39271107948171], [-121.48753876806742, 46.38947448918594], [-121.48626001772072, 46.38884336928264], [-121.48475998789945, 46.39077657955446], [-121.47861607734771, 46.392833250320656], [-121.47699487735598, 46.3940784205645], [-121.46608060595281, 46.39580271181129], [-121.46378277513344, 46.39377383193182], [-121.46002466423116, 46.39245495224759], [-121.45893152379463, 46.39127617229217], [-121.45903274341472, 46.38946570217412], [-121.45787499304423, 46.38863666224623], [-121.44746558045688, 46.384580063096394], [-121.44573601130111, 46.38972710358354], [-121.44247846109451, 46.391213434013316], [-121.44084370082207, 46.39118867418324], [-121.43969414035827, 46.38992770422877], [-121.43431361950165, 46.3900295347988], [-121.4326139993871, 46.39077467502124], [-121.42913242846443, 46.38915791529002], [-121.42789248840464, 46.389810445458835], [-121.42496608775102, 46.38900914571783], [-121.42144920758048, 46.39085572619631], [-121.41501410631612, 46.38988458681295], [-121.41038844565188, 46.39030462732273], [-121.4041157341593, 46.388171227853036], [-121.39929408349973, 46.38876030839339], [-121.39686047295635, 46.38809611860879], [-121.3937990828629, 46.3899572990405], [-121.39284731333586, 46.39282967931141], [-121.3931752336586, 46.39405880935031], [-121.39147218366156, 46.39534509960543], [-121.39174131418162, 46.3975192397068], [-121.39002501474106, 46.40135616011528], [-121.38860072467324, 46.40211044030953], [-121.39120400572999, 46.40499001020817], [-121.38775288582679, 46.408009350749815], [-121.38643639618275, 46.410616631043155], [-121.38877012701288, 46.41266181092021], [-121.39094630812639, 46.41611680089771], [-121.39387884897972, 46.41782015069155], [-121.39665140045045, 46.422457750676614], [-121.40218314186401, 46.424775880234236], [-121.4044989031787, 46.42904088024478], [-121.40613315349273, 46.42925367008591], [-121.40788631408722, 46.430655469985254], [-121.40795860587718, 46.4387543804588], [-121.4101908669447, 46.44195210041438], [-121.41079527792915, 46.44598292059026], [-121.41216533832946, 46.44678496049401], [-121.41374268947102, 46.45080501056697], [-121.4148323198247, 46.451603120499904], [-121.41479960059851, 46.45514696071354], [-121.41200246112517, 46.45962251127281], [-121.41425873164444, 46.46030517107633], [-121.41578617179303, 46.459844760888565], [-121.4193399629796, 46.46259671067839], [-121.42566897433578, 46.46405622009993], [-121.42606128500414, 46.46680176022141], [-121.42822940569805, 46.46834368008488], [-121.42952299646515, 46.47086769009843], [-121.43598921861143, 46.47581380971159], [-121.43651684920367, 46.478110759792074], [-121.43500392942558, 46.48024101007717], [-121.43521796985036, 46.48201011015932], [-121.43211220991061, 46.484588450638405], [-121.43186194031794, 46.48662242078509], [-121.4282963503942, 46.48961381133696], [-121.42335450001167, 46.49154532197096], [-121.42301537017418, 46.49253411206513], [-121.41763537888207, 46.49066520252028], [-121.41449675848229, 46.491181312880855], [-121.4078722367734, 46.48834638340952], [-121.40829735638458, 46.486266263241575], [-121.40621663531284, 46.48294756326371], [-121.4008294341335, 46.48159612374987], [-121.39956161346814, 46.47951749375984], [-121.39350171151246, 46.47514114413717], [-121.38551429944935, 46.471709984772794], [-121.3802976477649, 46.467937345096786], [-121.3750121369492, 46.4681645656655], [-121.37260548617145, 46.46642156581474], [-121.36711193562289, 46.46801888648669], [-121.35848020408194, 46.46744378735912], [-121.35035046149243, 46.46172861787286], [-121.33930778981482, 46.4623330590683], [-121.33357451854948, 46.46085455958223], [-121.33360911471057, 46.488826001243915], [-121.3230089029815, 46.48887267236059], [-121.31758621298025, 46.492907173170586], [-121.31456488278147, 46.4942560835684], [-121.31256789245798, 46.49427576377942], [-121.31250646382885, 46.500542384159], [-121.31672296450782, 46.50048215371217], [-121.31783673419268, 46.498222713460656], [-121.32313377494076, 46.49767191287113], [-121.32992502675653, 46.50085325234653], [-121.33344108741184, 46.50120884199801], [-121.33336646027527, 46.5142464727807], [-121.32809090940219, 46.51421345333359], [-121.32812342861124, 46.510604343115645], [-121.31758907687397, 46.510567694221216], [-121.31769421609994, 46.50697999399671], [-121.31245135523707, 46.50697076454738], [-121.31249868441765, 46.50321895431913], [-121.30503234319112, 46.503216945103844], [-121.29498535245108, 46.50734589640585], [-121.29323648274699, 46.50999063674723], [-121.28562688162663, 46.51058072758237], [-121.28587291202777, 46.51221614765396], [-121.28721224250172, 46.513366937581715], [-121.28622748325554, 46.51751740793251], [-121.28722471372468, 46.51890084791002], [-121.2851676042485, 46.52280636835893], [-121.27938675439661, 46.52778208926325], [-121.27628689430573, 46.529678869702245], [-121.27051066293645, 46.5277792001966], [-121.26548781216196, 46.528013050738835], [-121.26180642246221, 46.532115431370535], [-121.26172717282964, 46.533838201481515], [-121.27184020554792, 46.538613280702094], [-121.27446800611918, 46.53924263046307], [-121.2780869165683, 46.538581900042985], [-121.28141251747248, 46.54019913978933], [-121.28836041875446, 46.54083155909586], [-121.29080966953701, 46.54255049894034], [-121.30322217140859, 46.5417893475888], [-121.30446484123809, 46.54009415735727], [-121.30402757009364, 46.5352405671148], [-121.30480694016956, 46.53500471701875], [-121.31385569195812, 46.536372206147824], [-121.31835711239151, 46.53498812559194], [-121.32139933309834, 46.53592613532745], [-121.32107985331486, 46.53714323543336], [-121.32193332355848, 46.53761150537135], [-121.32051966363164, 46.53899279560213], [-121.31448556314731, 46.54128466637335], [-121.31272789325543, 46.543079636664956], [-121.30859771291873, 46.54462540719151], [-121.30829268300188, 46.54522818725938], [-121.30998580369454, 46.54710291719254], [-121.3040581626384, 46.546730667794414], [-121.30206280260775, 46.54807465808426], [-121.29687943198957, 46.54913106869271], [-121.30275345324414, 46.55043912815206], [-121.30725166443665, 46.55248887780018], [-121.31747550652779, 46.55434962683414], [-121.3202815673902, 46.55616416664635], [-121.32058478815631, 46.559400646806395], [-121.31920087880052, 46.5633375171856], [-121.31945652985316, 46.567901637429316], [-121.3225254313978, 46.57259912738442], [-121.32360931277309, 46.57800189759035], [-121.32152456381817, 46.58426110818081], [-121.31708799353294, 46.586261838766994], [-121.31465530421607, 46.591143999312656], [-121.31554597471022, 46.59271169931155], [-121.32225318640087, 46.59536482876145], [-121.3290402883911, 46.59930872827913], [-121.33370805836505, 46.595737247575585], [-121.33506219815133, 46.593772127316534], [-121.34035024943702, 46.595653046870154], [-121.3408202190077, 46.59337074668565], [-121.3434287794773, 46.59355723642157], [-121.34637380969555, 46.59236179604032], [-121.34731859948276, 46.59070388584273], [-121.34871191967024, 46.590518105684794], [-121.34851083932298, 46.589101825622265], [-121.34638592862308, 46.58751877575274], [-121.35006619856352, 46.584527035187804], [-121.3496584482972, 46.583627855177646], [-121.3514027183902, 46.582756574942216], [-121.35211489800368, 46.58048608473288], [-121.3537151981189, 46.5798215645249], [-121.35284702773468, 46.57873109455193], [-121.35402162772306, 46.57780908437358], [-121.3536707674843, 46.57699182436221], [-121.35538218778296, 46.57707225418659], [-121.35577947750646, 46.57553085405357], [-121.35833980802862, 46.575991613810956], [-121.36097917883502, 46.577675943632315], [-121.35995718939418, 46.580953953933836], [-121.35687486961602, 46.58423495445267], [-121.35740732991971, 46.58520996445418], [-121.35576995983863, 46.58605587467681], [-121.35585199011109, 46.587223484737194], [-121.35463549003332, 46.587772864897936], [-121.35407346042936, 46.58997362508726], [-121.35247334037749, 46.59092343531214], [-121.35050843067897, 46.5937351856855], [-121.34823134147034, 46.59898440623585], [-121.34636038148892, 46.600451646519915], [-121.34623283169164, 46.60145900659291], [-121.3503039228252, 46.60355413628721], [-121.34422311169567, 46.602962906893744], [-121.33999173137134, 46.604631177438705], [-121.33426516202947, 46.611827698468126], [-121.32888687216011, 46.61639144930537], [-121.32861326236126, 46.61749861939962], [-121.32989732284076, 46.61870684933557], [-121.32548104394229, 46.62692451028721], [-121.32227562369206, 46.628167870699016], [-121.31960782406365, 46.63180949119579], [-121.31409620294811, 46.63086712172193], [-121.31373372323982, 46.632446501853536], [-121.30812586293128, 46.63520373260852], [-121.30999668382852, 46.63785330256762], [-121.31214054427033, 46.63825493236499], [-121.31450400522897, 46.64081585226673], [-121.31467299557751, 46.64225709233404], [-121.31899643657503, 46.64354528195351], [-121.3146555670903, 46.6490635027378], [-121.32105268852332, 46.65077569216313], [-121.32887982972268, 46.65038475131325], [-121.33244582045376, 46.65103625097495], [-121.33658996076812, 46.64939085044014], [-121.3396447912198, 46.649165620104135], [-121.34354250213596, 46.650403859765376], [-121.34849210254546, 46.648593109135724], [-121.35793754404041, 46.648341788122984], [-121.36676387478285, 46.64517072700374], [-121.37056769537789, 46.64503974659414], [-121.37391793543836, 46.64284292611091], [-121.37689227499834, 46.63867583555139], [-121.37685468439332, 46.63598576539698], [-121.3725811826554, 46.631327755574084], [-121.37829867173714, 46.62298473447885], [-121.37938333169075, 46.62197611430492], [-121.3848290925828, 46.6219714637297], [-121.38734710248798, 46.61968840332943], [-121.38904680206548, 46.61653527296425], [-121.39562974266752, 46.61438892214296], [-121.39639522243685, 46.61278686196783], [-121.4003205825963, 46.61060986142529], [-121.40120704230046, 46.60862506121487], [-121.4006403817425, 46.60653215115145], [-121.40411853218963, 46.60597915075179], [-121.40810170193478, 46.601894720090975], [-121.41075600266304, 46.6032153298886], [-121.41521892437392, 46.60762501967702], [-121.41954447649844, 46.61399506959501], [-121.41904582707248, 46.61694373982103], [-121.41678572724868, 46.61940045020409], [-121.41671225775383, 46.62172570034856], [-121.41775547816373, 46.6228000103015], [-121.42581650044104, 46.62710058970279], [-121.43410889129842, 46.62485161869481], [-121.43559546107811, 46.6227676284154], [-121.44132911176978, 46.621658107744665], [-121.44850348306484, 46.62220114701875], [-121.45137000374778, 46.6231623067723], [-121.4515716341654, 46.624890736852386], [-121.45421344480003, 46.625799876626594], [-121.45432562513133, 46.62720559669721], [-121.45278214515801, 46.62845985693383], [-121.45589618604097, 46.63013751670313], [-121.45440437619979, 46.631946726966795], [-121.45470717660929, 46.633563137029604], [-121.45740181736218, 46.634963786826916], [-121.45737032769185, 46.63646715691828], [-121.45911513823813, 46.6376379068025], [-121.45952157873586, 46.63957350687289], [-121.46166311950289, 46.64144332675607], [-121.46190954981775, 46.642675256802164], [-121.4637918002816, 46.64337493664413], [-121.4639874808109, 46.645606126754096], [-121.46715519164533, 46.64702451650218], [-121.46800811224884, 46.649105596533765], [-121.46951434251179, 46.649180026378886], [-121.46994538291197, 46.65065857641981], [-121.47205412349517, 46.651726936259294], [-121.48778944638457, 46.65314517467809], [-121.52977367329382, 46.65337130025006], [-121.534561065109, 46.6580030000134], [-121.54055782690585, 46.661667349592214], [-121.54201253757083, 46.663581969549696], [-121.54273292841975, 46.66685684966404], [-121.55099188941692, 46.6652873986985], [-121.55513947038807, 46.66660567833609], [-121.55633516044072, 46.665968258172455], [-121.55554957998217, 46.66448910816957], [-121.56552738025714, 46.65843278676124], [-121.56486109989507, 46.65729753676574], [-121.56563950972473, 46.65596575660591], [-121.57060223035519, 46.65516527603411], [-121.56991405995433, 46.65387207603174], [-121.57052977988442, 46.65310918592225], [-121.5643220582215, 46.65019323640956], [-121.56232251731068, 46.64757200646856], [-121.56416816714403, 46.6454759961513], [-121.56888504758236, 46.64399332556604], [-121.57028128753058, 46.6427404653454], [-121.57278977788884, 46.64251352506682], [-121.57260020747124, 46.640779404986], [-121.5739363274887, 46.639881094792436], [-121.57495245678392, 46.635977364457766], [-121.57170307626852, 46.63604115480516], [-121.56950841613106, 46.637029205094805], [-121.56806202535181, 46.634591255105875], [-121.56662655507171, 46.634384405245676], [-121.56558947512427, 46.635378775413244], [-121.56329025427988, 46.63327221553372], [-121.5569054233084, 46.63358443622713], [-121.55243428292067, 46.63511678678924], [-121.55259294251942, 46.63320033666078], [-121.55082410214312, 46.6328063568249], [-121.55078053377669, 46.59524497463811], [-121.55491183406322, 46.59350349410008], [-121.55644045382299, 46.59130091381001], [-121.55426748322945, 46.59022404397665], [-121.55179491197848, 46.58640749401477], [-121.55136507117409, 46.58310139386691], [-121.54901461038041, 46.58125262400703], [-121.54914793955682, 46.5774450137704], [-121.55185535957627, 46.57554433337351], [-121.55380318988371, 46.57549896316526], [-121.55968841183538, 46.57996947280524], [-121.56076808243907, 46.58189563280383], [-121.56376040325914, 46.58339260257527], [-121.56383821415623, 46.58737387279952], [-121.56695533487337, 46.58831561252535], [-121.56846955550998, 46.59007030246783], [-121.57486588688647, 46.591574721880065], [-121.57905067856865, 46.59607555170048], [-121.58475741987212, 46.59775755119567], [-121.58648490087067, 46.60098263120107], [-121.5887527315048, 46.60217318103079], [-121.59603593279803, 46.6026553202893], [-121.5989969329409, 46.60113042988764], [-121.60455199359019, 46.599984209233895], [-121.60852873360797, 46.59715389864894], [-121.60862189329485, 46.5956775985532], [-121.60269665065705, 46.58814940874084], [-121.59711960913477, 46.585383819168804], [-121.59488477833831, 46.58343617929129], [-121.5913271474742, 46.582153819592214], [-121.58836761637006, 46.57935188974135], [-121.58370705526417, 46.577789110142234], [-121.58116738424708, 46.57507075025178], [-121.5796064329924, 46.57056324015345], [-121.58001517216114, 46.56651679987404], [-121.59271921423611, 46.566546788535014], [-121.5927635806912, 46.5505285375953], [-121.59525229105144, 46.550326277320906], [-121.59757714164242, 46.55128580713166], [-121.59946577173723, 46.55032700687648], [-121.60540401291405, 46.55127728630545], [-121.60648999228634, 46.547648075979104], [-121.60616069119249, 46.5429528957398], [-121.60476339103654, 46.543275145905994], [-121.6020602902756, 46.54182511610642], [-121.60016479917063, 46.538228406096245], [-121.60029203846852, 46.53496419589215], [-121.59909885808875, 46.534125495968986], [-121.59292472687804, 46.533194666565535], [-121.59273225487081, 46.524265696063765], [-121.58643877384661, 46.52426548672707], [-121.58710170322858, 46.520983366465174], [-121.58260409196204, 46.51856613679766], [-121.58232469172614, 46.51770492677666], [-121.57947091098018, 46.51643197700283], [-121.5771849206771, 46.51674428726199], [-121.5753000100371, 46.51523724737229], [-121.57158946938436, 46.51501708775035], [-121.57146988821002, 46.50979150745675], [-121.56195349666037, 46.50979102845905], [-121.56194715544363, 46.50428823813702], [-121.56358219526261, 46.50226282784607], [-121.56945290680844, 46.50493396738444], [-121.57459333730084, 46.50337461675168], [-121.5747515969211, 46.5015385066274], [-121.57655524701977, 46.500655916385725], [-121.57808523683074, 46.498672176108315], [-121.57646896642011, 46.49800379623937], [-121.5751753058199, 46.496238896272075], [-121.57236239525704, 46.49576346654037], [-121.56865155391611, 46.49242503673524], [-121.54097262842807, 46.48798268938763], [-121.5409671468525, 46.48084256896847], [-121.53385220569318, 46.48084259971704], [-121.53272436529235, 46.47985811977778], [-121.53275821499919, 46.478503119694444], [-121.52854981384354, 46.476371860011724], [-121.52994988331604, 46.47294219966258], [-121.53237305317799, 46.47052344926537], [-121.53235434268083, 46.468280319135346], [-121.5276571118927, 46.46817737962321], [-121.52216035034687, 46.46522652002737], [-121.51680592937343, 46.464769780563415], [-121.51128330736385, 46.45973167084699], [-121.50942649695617, 46.45925496101406], [-121.50929381126254, 46.43346060950562], [-121.51195639101594, 46.43036221904302], [-121.51194859070301, 46.428943318959995], [-121.51985908106569, 46.4247241778802], [-121.5208750005371, 46.421562397586776], [-121.51801068959534, 46.41939840775969], [-121.51226335864122, 46.41931892835832], [-121.51228668899718, 46.4209230584507], [-121.50871021893087, 46.423276898965284], [-121.50421551822944, 46.423419669445565], [-121.50233461830565, 46.42516317974607], [-121.49825316787137, 46.42621633023686], [-121.48916922655826, 46.42698381123593], [-121.4835595960578, 46.428872441936655], [-121.47942187546633, 46.42925359239357], [-121.47227893383162, 46.42711737301702], [-121.46916246233323, 46.42260852307707], [-121.45799209982273, 46.419478164063875]]]}, "properties": {"name": "Goat Rocks Wilderness", "acres": 108196}}, {"type": "Feature", "geometry": {"type": "MultiPolygon", "coordinates": [[[[-121.41402736350473, 47.89495696288704], [-121.42661047588065, 47.896142951568365], [-121.43227115671664, 47.89571983092279], [-121.43528515650033, 47.8927744404304], [-121.43451827596233, 47.8910840704224], [-121.43613017599895, 47.890135140193266], [-121.43588408554177, 47.88842190012674], [-121.43396187471005, 47.88631072022264], [-121.43840339578895, 47.887720169811416], [-121.43869259566267, 47.887003239740444], [-121.44352438633845, 47.8864881691811], [-121.44834029653241, 47.88400126851576], [-121.45127069584713, 47.87918119793033], [-121.45493472572876, 47.87619417736443], [-121.45820575507386, 47.871265136735595], [-121.46138268539197, 47.87040779633965], [-121.47386107581691, 47.86364499459903], [-121.4743230256983, 47.86284105450433], [-121.4731492249551, 47.860578964509784], [-121.4668980739183, 47.86057131519622], [-121.45958759203799, 47.85781050584849], [-121.45848829168432, 47.857103165930575], [-121.45849078089873, 47.85386192575303], [-121.4663507229831, 47.85708974506608], [-121.46840011333083, 47.857124254842866], [-121.47025738397366, 47.85850656471434], [-121.47798996521205, 47.85833491385535], [-121.484483436661, 47.85987745322608], [-121.4885832073234, 47.85981166277199], [-121.48857186694505, 47.85825993268853], [-121.49170929729954, 47.857581302306784], [-121.49322986716295, 47.85598138205242], [-121.49796636755957, 47.85438616144495], [-121.49929675726904, 47.85228110118396], [-121.50067294599545, 47.84608954069491], [-121.4978919549377, 47.8436233708658], [-121.49967340517257, 47.843376740656666], [-121.49977170473107, 47.841488090542775], [-121.49901081434116, 47.84039816056684], [-121.50095239449394, 47.839703670315714], [-121.50020972299525, 47.83402430008717], [-121.5031258826802, 47.83073260958718], [-121.5035114023529, 47.829117689456645], [-121.50470306286806, 47.830431439397564], [-121.50615160297406, 47.829880179208395], [-121.50716848285013, 47.82867409903092], [-121.5068977224677, 47.82727964898448], [-121.51018142232158, 47.82443394846861], [-121.50747559151408, 47.82294546868433], [-121.50755589072823, 47.819643528495156], [-121.50689933053691, 47.8193013285485], [-121.49668615815582, 47.81643835951299], [-121.49221356731736, 47.816029669981454], [-121.49960652821028, 47.81466755909565], [-121.49412919604681, 47.80946617941225], [-121.4889296344565, 47.8064443998173], [-121.47795033174918, 47.80275615081973], [-121.47707469169595, 47.80313541093654], [-121.47674278202885, 47.8047401210609], [-121.47419742123559, 47.80320009125572], [-121.4674870198896, 47.802224851938256], [-121.4655192996586, 47.8026164921755], [-121.46530224932002, 47.80136390213066], [-121.46130786842659, 47.800402022515925], [-121.45581709688153, 47.79776826297356], [-121.45581045569779, 47.79287073270548], [-121.45447007518558, 47.79166834278643], [-121.45134033436776, 47.79042666306131], [-121.44473972335189, 47.79074560380239], [-121.44031451210658, 47.78862198417081], [-121.43938829235582, 47.790290464364], [-121.43596990173708, 47.79007266472675], [-121.42268966829052, 47.784907005898056], [-121.41874961701869, 47.782341156188565], [-121.42078346695725, 47.780688895874796], [-121.42242773726689, 47.78084308570312], [-121.42372981785377, 47.782381835645154], [-121.42733444865418, 47.7832243052965], [-121.43144452995381, 47.78578918498719], [-121.44141545195704, 47.78724722397455], [-121.44405069267872, 47.78842926375067], [-121.45113255383772, 47.788373292971336], [-121.45457959458578, 47.78910848263386], [-121.47224729903711, 47.795435201043944], [-121.47415681935902, 47.79546017083593], [-121.47573634937982, 47.794464330608115], [-121.4757019290046, 47.79293405052799], [-121.4744699684926, 47.79165771059309], [-121.47396697647464, 47.78364254020867], [-121.4681444046543, 47.78009018065191], [-121.46446415374783, 47.77885655098754], [-121.45298873173496, 47.77838469221918], [-121.4525731892972, 47.76855920172468], [-121.44803172813006, 47.76683548212736], [-121.44690731745781, 47.764818142139546], [-121.44326103632463, 47.762620112418], [-121.44415931630282, 47.76191233228063], [-121.44331996580847, 47.76043685229139], [-121.43171875229932, 47.75384107319849], [-121.43166522972423, 47.7431775726166], [-121.41510931605347, 47.73931574421532], [-121.40805195401889, 47.73571675478877], [-121.40521651343607, 47.73524688507298], [-121.40521538423168, 47.73855681525596], [-121.40382745416012, 47.739216005444256], [-121.39688329309101, 47.73955615622281], [-121.39218369197319, 47.73814709665906], [-121.38884635162385, 47.7389956070711], [-121.3888024645777, 47.75130653775636], [-121.39959673636058, 47.75127842657343], [-121.39956985984828, 47.76578265737689], [-121.38881004806302, 47.765778318554744], [-121.38879925151858, 47.78012456934761], [-121.36765692798697, 47.780027611657985], [-121.36755488602506, 47.77195732122333], [-121.3596453232012, 47.76568466174254], [-121.3459338309224, 47.76567618324294], [-121.34610447438685, 47.77993895401339], [-121.30089437681261, 47.77969444894972], [-121.29889554741419, 47.783570939383495], [-121.29623153753407, 47.78590716980472], [-121.29757362844354, 47.788753289815546], [-121.2975473491756, 47.79180761998779], [-121.29523549929614, 47.79390241035708], [-121.29497586023768, 47.79798509061176], [-121.30265774151908, 47.79799803977114], [-121.3026577449551, 47.81223283055928], [-121.31338846618056, 47.80991485925513], [-121.32199878769055, 47.81023755832945], [-121.32494100800342, 47.80950718796666], [-121.3249457107023, 47.820675448583316], [-121.3233638806956, 47.8217359488153], [-121.33133830223134, 47.82260380798901], [-121.32490394250948, 47.828179679002375], [-121.32527666280504, 47.82914549901485], [-121.3301814938783, 47.8302107985358], [-121.32698305473889, 47.835967339204274], [-121.34335465019872, 47.84727749803192], [-121.34352679076076, 47.84947996813436], [-121.34180439097945, 47.851565108438265], [-121.34249265137417, 47.85272219842647], [-121.3411047722449, 47.85726855882919], [-121.34162912299905, 47.86002045892319], [-121.34007861316212, 47.861757099189], [-121.33732432290171, 47.862572039536225], [-121.33857435328873, 47.863311119439665], [-121.34143561519366, 47.86920516945003], [-121.34485144610176, 47.8706073891521], [-121.34301954694041, 47.875319899612506], [-121.3442685783031, 47.88007942973709], [-121.340898399464, 47.88716995049718], [-121.34460192022924, 47.88778473012406], [-121.35045415084345, 47.886306789399846], [-121.3559610518266, 47.88658522881015], [-121.36770812441982, 47.88922323766421], [-121.37102717487183, 47.888813457276946], [-121.37254758546653, 47.89022167718715], [-121.37445033577293, 47.89018148697585], [-121.3762219863714, 47.89143347684976], [-121.37815131659175, 47.89102126661514], [-121.38575377830642, 47.89288076588153], [-121.3891901087618, 47.89240620547777], [-121.39199175978435, 47.89469940529549], [-121.39675345083992, 47.89578935483173], [-121.40248799183433, 47.89596376421083], [-121.40726824307933, 47.89782094378692], [-121.41122574328783, 47.89597695325091], [-121.4140252938208, 47.89625843295845], [-121.41402736350473, 47.89495696288704]]], [[[-121.25941758040828, 47.94685448273797], [-121.26559104047126, 47.94288555184044], [-121.26980168077311, 47.94124127128682], [-121.27344303009401, 47.9359597005956], [-121.28037690978263, 47.92993234950135], [-121.27705118877509, 47.92807131976457], [-121.27169619804734, 47.92875006039073], [-121.27197217760863, 47.92675877025074], [-121.27406742804521, 47.927116780040066], [-121.27842297823965, 47.92493131944089], [-121.28022935871255, 47.925637319281144], [-121.2864291589579, 47.92239813842125], [-121.29281476018483, 47.923066687756], [-121.29793788058856, 47.92121762709097], [-121.30244183140871, 47.92150448661158], [-121.30485022122572, 47.91910341621473], [-121.30816201163304, 47.91851034581804], [-121.30846779142425, 47.9174426457257], [-121.30753073105836, 47.91658025578133], [-121.30906186093856, 47.91503946552826], [-121.30902763049482, 47.913238515432994], [-121.3115117205384, 47.9117166950762], [-121.3102151400588, 47.91063242515909], [-121.31069243978328, 47.90917258502635], [-121.31386921971652, 47.90672192454237], [-121.31418216950462, 47.90563616444827], [-121.31545591962866, 47.90527400428837], [-121.31860822871732, 47.899364923616915], [-121.32575861873897, 47.89455557256667], [-121.32806916850673, 47.89201662217311], [-121.32553559790934, 47.89129292241167], [-121.32392725724826, 47.889672912499236], [-121.32141541710233, 47.89079323283686], [-121.31945791647568, 47.889554562983704], [-121.32458563614027, 47.884658142150926], [-121.32098087502959, 47.882553962431025], [-121.31674037461298, 47.88374526296237], [-121.3104835735229, 47.88354539363853], [-121.31014280297221, 47.88151000356381], [-121.305581301049, 47.876713753800395], [-121.30132681059709, 47.87777109432581], [-121.29736096991738, 47.87769150475687], [-121.30128171967476, 47.8739997141228], [-121.29861270845132, 47.8707875342386], [-121.29440106823517, 47.872788494811324], [-121.2914742576309, 47.87230700510608], [-121.29070254727446, 47.87136715513891], [-121.28672980668851, 47.871679905592224], [-121.28458990539418, 47.867811735613536], [-121.27992479407692, 47.86558349600239], [-121.27897089395778, 47.86574779611615], [-121.27738721432402, 47.868347676433594], [-121.27766238304481, 47.8628802061013], [-121.27935482291542, 47.86118222582171], [-121.27233593111775, 47.8585895164485], [-121.27178723991649, 47.854007186255245], [-121.27371563811799, 47.84525024555928], [-121.26965544648982, 47.841317545786836], [-121.27050099649387, 47.840751685662795], [-121.26933068593179, 47.83923442570709], [-121.27030680572793, 47.83771913551618], [-121.27268727589379, 47.83676508520235], [-121.26767369405738, 47.832625295522696], [-121.26819664356245, 47.83021778533197], [-121.27009957344569, 47.82842320502401], [-121.27012156219811, 47.823245804734675], [-121.26564449145462, 47.82325594522589], [-121.25915695791906, 47.813093415373054], [-121.24630264676712, 47.81719610700894], [-121.24366114671673, 47.81881105738801], [-121.2423637263886, 47.81834825750448], [-121.24235524687678, 47.82037545761794], [-121.23795879641146, 47.82148436816118], [-121.23720105659102, 47.822750768314535], [-121.2365582163091, 47.82202757834477], [-121.23459753599936, 47.8220989985636], [-121.22650508518305, 47.824308089572924], [-121.21810430465602, 47.82792913069456], [-121.21883369523145, 47.82980683071895], [-121.2177915848676, 47.8290206707895], [-121.21058704358032, 47.828670121559355], [-121.20441057275339, 47.829515552283034], [-121.19761881145119, 47.828819962988455], [-121.19570841126871, 47.8293852432292], [-121.19516924087999, 47.82814878321947], [-121.1937215205403, 47.82774375335549], [-121.19373743986344, 47.824930603197146], [-121.19736656096973, 47.8270011429149], [-121.20105296141581, 47.82629944247198], [-121.20416186215736, 47.827220352182614], [-121.2053759821264, 47.82625287199582], [-121.21149442308506, 47.82599319131109], [-121.21287939312826, 47.82521498111607], [-121.2148841936218, 47.825872860933], [-121.21593365344248, 47.82440531073647], [-121.22087794403168, 47.823428630140526], [-121.22169838392108, 47.82240402999369], [-121.22448384460523, 47.82331225973901], [-121.23445502541327, 47.81977073844986], [-121.23828329591124, 47.819188937998135], [-121.23955919547163, 47.81648749770837], [-121.243883995974, 47.81558143718426], [-121.24708814588077, 47.81298277668897], [-121.25034463642758, 47.81299924633317], [-121.25222529619072, 47.81071949600058], [-121.2434919727426, 47.80246307649837], [-121.24335499019918, 47.79201068593232], [-121.24460191011876, 47.790814715729276], [-121.2386525784452, 47.78798575622312], [-121.23865675812073, 47.78663627614758], [-121.23316195697151, 47.78566896669506], [-121.21788513435729, 47.785393278351464], [-121.21790577350062, 47.78182252815016], [-121.21668468260539, 47.778950868123715], [-121.2461973875574, 47.77908049490193], [-121.25750741073568, 47.78445092396292], [-121.26411255208477, 47.7854833032973], [-121.26413912061899, 47.779381112955306], [-121.25988219990784, 47.77937262342065], [-121.2593141029674, 47.75092394189982], [-121.2808086165504, 47.750943399550586], [-121.28094580005462, 47.765415460340144], [-121.28636317194807, 47.76953593997631], [-121.29014328296687, 47.77115475965253], [-121.29527210416255, 47.77257615917019], [-121.29917175465665, 47.77193404870777], [-121.30151895429218, 47.76879904827697], [-121.30146836341737, 47.765200128082775], [-121.30318305370932, 47.765228097896674], [-121.30618843345695, 47.76210302739438], [-121.307594900582, 47.74917976652311], [-121.3103303001132, 47.74533823601064], [-121.31148955906306, 47.740167215596635], [-121.30114512645179, 47.73645710652143], [-121.28319365345723, 47.73642090848177], [-121.27685254193734, 47.73448571906716], [-121.27240698148188, 47.73566964961901], [-121.27152581175451, 47.73741537981253], [-121.26703374120225, 47.73822942034888], [-121.26711649143942, 47.73915918039159], [-121.26117290086108, 47.74087100113665], [-121.25895068050207, 47.74091698138209], [-121.25843088023672, 47.74017269139742], [-121.25221145970687, 47.742278532194604], [-121.24645984873771, 47.74223248282072], [-121.24522425788246, 47.739528972805], [-121.2409647368297, 47.73810026319076], [-121.23573218583742, 47.73759885373462], [-121.23244082499257, 47.73636454402533], [-121.22420691360963, 47.73632065492258], [-121.22183206295074, 47.73522536512086], [-121.20985689066636, 47.73402706636215], [-121.20595959169896, 47.74103558717976], [-121.19563075098633, 47.74524364854364], [-121.19624316710954, 47.77028934987633], [-121.19477172730706, 47.77213083014007], [-121.199878839668, 47.7783980299313], [-121.1997181304031, 47.78156227012548], [-121.19659327096407, 47.786057410718094], [-121.19603993171087, 47.789540940973], [-121.19723638262646, 47.79251161100772], [-121.19407472278554, 47.79536190151269], [-121.19321263365009, 47.79954545184031], [-121.18794784349673, 47.802555742584374], [-121.1910072155553, 47.80897221260721], [-121.18262841724138, 47.82175725423714], [-121.18131905692894, 47.82136923435889], [-121.17931798605996, 47.819154704454604], [-121.17199888526898, 47.82094494535588], [-121.1684806550925, 47.82264961583624], [-121.17665699026946, 47.838421875819535], [-121.2358967641565, 47.85493440024318], [-121.23870682511541, 47.856958670047185], [-121.24879614789641, 47.86149232919162], [-121.25069789856124, 47.86292747906241], [-121.25122862906798, 47.86465378909977], [-121.25807315007742, 47.86410930831866], [-121.26239698095982, 47.86477581788115], [-121.26463082172286, 47.86638765772518], [-121.26906751417309, 47.87344461762839], [-121.27081285471677, 47.87448687749437], [-121.26918372514724, 47.87738167783317], [-121.26896524603733, 47.881201098068104], [-121.27143022780297, 47.88678431810581], [-121.27225355908608, 47.89150483827601], [-121.21511643873143, 47.88812327436232], [-121.22169181543062, 47.91118931491691], [-121.2305982988229, 47.91902515437155], [-121.24153143412468, 47.93331296395862], [-121.24154289466424, 47.935521484079175], [-121.24424832577814, 47.93824121393166], [-121.24437788649995, 47.94111599407593], [-121.25535356965412, 47.94654282316788], [-121.25941758040828, 47.94685448273797]]], [[[-121.6269139181413, 47.89263899933812], [-121.62729948306338, 47.87150163815374], [-121.61692534134784, 47.87147543929374], [-121.6167631581649, 47.85848341860847], [-121.61363556719206, 47.85659897885042], [-121.60380347645878, 47.860252370129615], [-121.59613155431927, 47.856649280778], [-121.60252679467884, 47.853787459919644], [-121.60251893367145, 47.849641699695795], [-121.58494074071837, 47.84941507161595], [-121.58494949160327, 47.85305615181257], [-121.56348355803226, 47.85293439416568], [-121.5634566653905, 47.84206101357767], [-121.5414689617711, 47.8421036459959], [-121.54147734262358, 47.84561417618607], [-121.53096590088349, 47.84559832734014], [-121.53109786176178, 47.84913062751804], [-121.51225188858672, 47.848881019575174], [-121.51086226903115, 47.851661099879394], [-121.5070082788715, 47.85363023041026], [-121.50482621912884, 47.85617866078896], [-121.50484312991463, 47.85940587096302], [-121.49949694902276, 47.85937417154886], [-121.49946262989133, 47.86297700174904], [-121.49407411890853, 47.86260026232073], [-121.49106753882877, 47.864321202745], [-121.48862872850029, 47.864630463029904], [-121.48862089894739, 47.866477723131496], [-121.48322413803984, 47.866418393721396], [-121.48329973733887, 47.8634786535527], [-121.47787158679593, 47.86494342422914], [-121.4722924467756, 47.86866514504549], [-121.4722918770449, 47.86977481510614], [-121.46571203743639, 47.875874446162335], [-121.46289015728617, 47.87718036654383], [-121.46701271797323, 47.8771980660916], [-121.46702245883715, 47.88074793628427], [-121.46165884794472, 47.88073141687304], [-121.46169208061764, 47.89170743746837], [-121.45132523889663, 47.89169374860762], [-121.45157402939216, 47.89356243868227], [-121.45404193056781, 47.89671550858299], [-121.4552093207904, 47.89683540846107], [-121.45892246218493, 47.90003919822742], [-121.46137999261441, 47.9001307079621], [-121.46726261452109, 47.90396200752381], [-121.47716712666329, 47.9060235165464], [-121.47761253701009, 47.90714527655845], [-121.48194463848053, 47.91023865625014], [-121.48303979915202, 47.91225169623918], [-121.48923938111102, 47.9160808157651], [-121.4891504113194, 47.916996665824705], [-121.47647747922036, 47.91699483721958], [-121.47412615897672, 47.91759347751094], [-121.47309962806554, 47.91455034745829], [-121.47157539758014, 47.913594007573955], [-121.46506637649586, 47.91356970828894], [-121.46402760606064, 47.912489048344426], [-121.46253993593932, 47.91300319853611], [-121.45866210472019, 47.91063489883378], [-121.45503531528954, 47.91544222949488], [-121.44911781414113, 47.91475427010856], [-121.44133691210634, 47.91169505079785], [-121.44192044331353, 47.916256340982486], [-121.44117947365602, 47.918167281168266], [-121.44251516619556, 47.92768250154001], [-121.44144556760236, 47.934182222011984], [-121.44134886090252, 47.9477779527631], [-121.44007983128473, 47.95020662303513], [-121.4360073010544, 47.952030863583055], [-121.43456372044126, 47.95050016365869], [-121.43609391035383, 47.949101713414024], [-121.43549981995378, 47.947866223412134], [-121.43610864921368, 47.94441901315731], [-121.43708439902177, 47.942968822970904], [-121.43740102814247, 47.93914838272789], [-121.43850586798604, 47.93775528253035], [-121.4378111873864, 47.93576889249858], [-121.43895380732377, 47.93473456231637], [-121.43870024661823, 47.93201295219598], [-121.43954536622192, 47.92981182198299], [-121.43891596511631, 47.92570304182831], [-121.43981939492286, 47.92429413165204], [-121.43885656424862, 47.92218191164282], [-121.43876656307981, 47.91744417139432], [-121.43951043285225, 47.916003091233854], [-121.43774145105797, 47.90983729109203], [-121.43621176808615, 47.898664750650326], [-121.43019847714744, 47.89890539132473], [-121.42519510657523, 47.89996494193291], [-121.42539960679248, 47.90071887195158], [-121.42041223567718, 47.89953470243533], [-121.41102466410608, 47.899479703464635], [-121.40323864305924, 47.90048941437602], [-121.4008477525458, 47.90001005461261], [-121.40017320267904, 47.90101877474202], [-121.3982306022624, 47.90063179493446], [-121.39935342223018, 47.89973241476176], [-121.38537635944397, 47.89781904619361], [-121.38459886911821, 47.89701022623478], [-121.38370371930421, 47.8983871964086], [-121.37824050750297, 47.89471013680764], [-121.35304295260035, 47.89176822941545], [-121.35214981218154, 47.89065527945248], [-121.34830683174103, 47.89147237991965], [-121.34456348095537, 47.89080094029404], [-121.33619906974691, 47.89155358125442], [-121.3317259694403, 47.893355101844975], [-121.32681209958665, 47.89732308260314], [-121.32631294993915, 47.89911567275653], [-121.32238002021106, 47.902927973398356], [-121.3187981409194, 47.90829422408711], [-121.31567183075856, 47.90977349451208], [-121.31641750110076, 47.91066999447943], [-121.31481711111311, 47.91181667471838], [-121.31362682272704, 47.91926611525877], [-121.31162982277147, 47.92081516556349], [-121.31224885335635, 47.92279488560423], [-121.31180999364074, 47.924263835733214], [-121.30189405198512, 47.92424782682267], [-121.30065683221693, 47.92604715705764], [-121.2906431405355, 47.92599471815583], [-121.28669810934849, 47.92381926846987], [-121.28476624920307, 47.9245449887222], [-121.28759565062506, 47.92844936862599], [-121.29454954247456, 47.93128542801728], [-121.2959695427183, 47.93131464786277], [-121.29671411262494, 47.93042157773176], [-121.31432042579279, 47.93138561584838], [-121.3214166065382, 47.92959413496949], [-121.3301868977964, 47.92876504395936], [-121.34003815863035, 47.92545674269427], [-121.3420336279745, 47.92139873225219], [-121.34076836662973, 47.916738252135616], [-121.34247940646635, 47.91489666184638], [-121.34250990611388, 47.913427061762356], [-121.34402642595502, 47.911737031502895], [-121.34402836560191, 47.91028402142289], [-121.34612837494886, 47.90616238096577], [-121.350547015459, 47.905237820429285], [-121.36084656737474, 47.906073589342846], [-121.36353900814737, 47.907409929120135], [-121.36487700886833, 47.90945986908544], [-121.3689657594253, 47.908955588608165], [-121.38186885554306, 47.925280538083], [-121.38164400643014, 47.929075828315334], [-121.38536551829128, 47.93417637818477], [-121.38842602928264, 47.93615739795624], [-121.3923881509674, 47.9403682477502], [-121.39836567470036, 47.95160105770545], [-121.40184653862508, 47.96530846806975], [-121.42084732333589, 47.971673696322775], [-121.43122598506639, 47.97170471518058], [-121.43372248440889, 47.96731890466686], [-121.43694120447005, 47.96538297420681], [-121.44453146635453, 47.96794169350949], [-121.45661408851254, 47.968571602211945], [-121.45661341762838, 47.96495411201548], [-121.45123723673561, 47.96494924260774], [-121.45123998320292, 47.950481661820675], [-121.47333328686634, 47.950486249386906], [-121.47274192030577, 47.964968730238574], [-121.49424462387135, 47.96498160786888], [-121.49424788475632, 47.96859958806463], [-121.49180537436621, 47.96865881833717], [-121.49897409768093, 47.97735787801795], [-121.50229715874372, 47.97945263776488], [-121.51579006097718, 47.97945100627642], [-121.51576218654976, 47.96136490530067], [-121.51038102565911, 47.96136483589393], [-121.51037494389028, 47.95412915550262], [-121.494223391216, 47.95412771728267], [-121.49421631033132, 47.95050975708715], [-121.48797604929868, 47.950512907774936], [-121.48804970577373, 47.93601842697977], [-121.57407638994071, 47.935778207488745], [-121.5741089381801, 47.92854040709394], [-121.5823309595377, 47.928541246188054], [-121.58234818879835, 47.92549866602175], [-121.59357679063334, 47.925424364780476], [-121.5935931398217, 47.92208528459835], [-121.60443928162454, 47.92214135340634], [-121.60443973072543, 47.91845378320721], [-121.59076651847256, 47.91846493471418], [-121.5907604675927, 47.91485963452], [-121.60444015984658, 47.91484847301249], [-121.60444063897285, 47.91126321281887], [-121.58813674627126, 47.91121352461194], [-121.5880594871498, 47.91487101481816], [-121.58240601622197, 47.914892175441985], [-121.58244688444867, 47.90758651504236], [-121.62696828180505, 47.9076457801421], [-121.62692440887709, 47.8956544594998], [-121.6225177178383, 47.89437015991568], [-121.62054095715285, 47.892892590053506], [-121.61603341641194, 47.892900570550225], [-121.6269139181413, 47.89263899933812]], [[-121.6048746038585, 47.889967131620125], [-121.60492426426597, 47.89160784170339], [-121.59553604274078, 47.89170230274197], [-121.59387927257035, 47.892124972947194], [-121.59388067276697, 47.8929317729907], [-121.58498853130145, 47.8929375339698], [-121.59523859229057, 47.89005381268549], [-121.6048746038585, 47.889967131620125]]]]}, "properties": {"name": "Wild Sky Wilderness", "acres": 107094}}, {"type": "Feature", "geometry": {"type": "Polygon", "coordinates": [[[-121.3613971015, 48.0860160890994], [-121.3631534620859, 48.08720744896989], [-121.3703336825869, 48.08438602802305], [-121.3695138116393, 48.08109188793499], [-121.37049243114181, 48.0784088276812], [-121.3691026700687, 48.074988447649226], [-121.36944348899397, 48.070389387361864], [-121.36764876813547, 48.06811412743668], [-121.36712259732842, 48.06518862733592], [-121.3860073604708, 48.06518532524919], [-121.38849421005757, 48.06182219479199], [-121.39028506081247, 48.063680484694885], [-121.39185970116758, 48.06405938454144], [-121.39880279027179, 48.05571858332196], [-121.39716419928772, 48.052823413345955], [-121.3883931563327, 48.04673343398414], [-121.38373523496479, 48.04431860436732], [-121.37358137254333, 48.04133749532643], [-121.36609610022741, 48.03697786591571], [-121.36405108985912, 48.03686399613523], [-121.36447698975259, 48.03614098604888], [-121.35995298804202, 48.03223877633577], [-121.36250971803032, 48.03045592595655], [-121.36858100859881, 48.028654065188455], [-121.36985453896796, 48.02929506508281], [-121.36925823916732, 48.030512355214874], [-121.36978530944477, 48.03128572519877], [-121.37148611973934, 48.031332615013575], [-121.3747068207511, 48.03327216476363], [-121.37884022155647, 48.033751584333416], [-121.38264995266684, 48.035693544018464], [-121.38576272323341, 48.03589246368564], [-121.38970899430035, 48.03756492334086], [-121.39759901590311, 48.03874905253403], [-121.40546886858675, 48.04434940196895], [-121.41216228043325, 48.047337031391656], [-121.41495203092582, 48.04745447108987], [-121.41481934157817, 48.05019944125336], [-121.41553001194472, 48.05121023122964], [-121.41964480274866, 48.05169917080153], [-121.42245523297971, 48.050738970439006], [-121.43069969247048, 48.04309136911398], [-121.43290674144322, 48.03741591856273], [-121.43252392114994, 48.03648033855434], [-121.43091329087976, 48.036469498731606], [-121.43035067960528, 48.03165832853298], [-121.4334806789, 48.0266661579167], [-121.43299873753271, 48.0214186276854], [-121.43352304738713, 48.020470047576076], [-121.4349192375903, 48.020353127415596], [-121.42813974324474, 48.007218127451026], [-121.4239489715165, 48.00300410768451], [-121.41337757870569, 47.998696298616466], [-121.4111057388473, 48.00081595898231], [-121.40980096823473, 47.999199549038316], [-121.40308574667003, 47.99736613967917], [-121.40072926591891, 47.99589741985911], [-121.39981315583354, 47.99617059997504], [-121.39914356536278, 47.994701769968906], [-121.39439234399579, 47.99234276036438], [-121.39299603331256, 47.99049905041792], [-121.38207217029496, 47.985587001354425], [-121.37670848907274, 47.98423634187194], [-121.3712876887963, 47.986792282608874], [-121.36723081749992, 47.98425069291732], [-121.36674166705379, 47.982758862889774], [-121.3672759461616, 47.978745602611866], [-121.37039002587933, 47.975471422089996], [-121.38697940940374, 47.97860552043293], [-121.3935661111596, 47.981309499854376], [-121.39955124331769, 47.98606679945379], [-121.40254711414181, 47.987400749196155], [-121.40638058394323, 47.98398498858757], [-121.40689692325934, 47.980837868359316], [-121.40891434297397, 47.97830007799874], [-121.41350530332667, 47.97662382740143], [-121.419328314133, 47.97596642672386], [-121.41992134407724, 47.975335576624175], [-121.41970309347302, 47.973011906521734], [-121.42084732333589, 47.971673696322775], [-121.40184653862508, 47.96530846806975], [-121.39836567470036, 47.95160105770545], [-121.3923881509674, 47.9403682477502], [-121.38842602928264, 47.93615739795624], [-121.38536551829128, 47.93417637818477], [-121.38164400643014, 47.929075828315334], [-121.38186885554306, 47.925280538083], [-121.3689657594253, 47.908955588608165], [-121.36487700886833, 47.90945986908544], [-121.36318121801628, 47.90711554914332], [-121.36060948732359, 47.906025309366285], [-121.350547015459, 47.905237820429285], [-121.34612837494886, 47.90616238096577], [-121.34402836560191, 47.91028402142289], [-121.34402642595502, 47.911737031502895], [-121.34250990611388, 47.913427061762356], [-121.34247940646635, 47.91489666184638], [-121.34076836662973, 47.916738252135616], [-121.3420336279745, 47.92139873225219], [-121.34003815863035, 47.92545674269427], [-121.33056109783227, 47.92865648391224], [-121.3214166065382, 47.92959413496949], [-121.31432042579279, 47.93138561584838], [-121.29671411262494, 47.93042157773176], [-121.29525274260725, 47.931349217943485], [-121.29106106166552, 47.93035052834949], [-121.28759565062506, 47.92844936862599], [-121.284854749263, 47.92473062872267], [-121.28208914915521, 47.926181999106696], [-121.28082399982503, 47.92980015944492], [-121.27859721970968, 47.93085156974766], [-121.2739441700488, 47.93543097051139], [-121.26980168077311, 47.94124127128682], [-121.26510481045594, 47.9431557119088], [-121.26043565054185, 47.946705532617806], [-121.25535356965412, 47.94654282316788], [-121.24437788649995, 47.94111599407593], [-121.24424832577814, 47.93824121393166], [-121.24154289466424, 47.935521484079175], [-121.24153143412468, 47.93331296395862], [-121.2305982988229, 47.91902515437155], [-121.22157498536501, 47.910999724919286], [-121.21511643873143, 47.88812327436232], [-121.27225355908608, 47.89150483827601], [-121.27143022780297, 47.88678431810581], [-121.26896524603733, 47.881201098068104], [-121.26918372514724, 47.87738167783317], [-121.27081285471677, 47.87448687749437], [-121.26906751417309, 47.87344461762839], [-121.26463082172286, 47.86638765772518], [-121.26239698095982, 47.86477581788115], [-121.25807315007742, 47.86410930831866], [-121.25122862906798, 47.86465378909977], [-121.25069789856124, 47.86292747906241], [-121.24879614789641, 47.86149232919162], [-121.23870682511541, 47.856958670047185], [-121.2358967641565, 47.85493440024318], [-121.17665699026946, 47.838421875819535], [-121.1684806550925, 47.82264961583624], [-121.17199888526898, 47.82094494535588], [-121.17931798605996, 47.819154704454604], [-121.18131905692894, 47.82136923435889], [-121.18262841724138, 47.82175725423714], [-121.1910072155553, 47.80897221260721], [-121.18794784349673, 47.802555742584374], [-121.19321263365009, 47.79954545184031], [-121.19407472278554, 47.79536190151269], [-121.19723638262646, 47.79251161100772], [-121.19603993171087, 47.789540940973], [-121.19659327096407, 47.786057410718094], [-121.1997181304031, 47.78156227012548], [-121.199878839668, 47.7783980299313], [-121.19477172730706, 47.77213083014007], [-121.19618405702721, 47.76998796986597], [-121.1937515358876, 47.766938889961615], [-121.18836839543887, 47.76880908065473], [-121.18403402487607, 47.76947772116596], [-121.17935061399119, 47.769050631654224], [-121.17449319355153, 47.77059513227163], [-121.17357530359074, 47.77139567241675], [-121.17358729567637, 47.78005333289944], [-121.15204247206859, 47.78002252525386], [-121.15197837858206, 47.76557489445205], [-121.13052509498387, 47.7655286867942], [-121.13049823231232, 47.7544311161746], [-121.12874862195235, 47.75415057634999], [-121.119195831162, 47.75751263758231], [-121.11042214983208, 47.75808794857307], [-121.11034317063636, 47.76149010877281], [-121.1083491311128, 47.76486107918002], [-121.10854988135047, 47.7657098492057], [-121.1054227114147, 47.76815472968473], [-121.10037705247596, 47.776080680681154], [-121.09834066222604, 47.776459350925016], [-121.08765642970445, 47.77341525192166], [-121.08748144233151, 47.78445729256111], [-121.08065822148279, 47.78568108337571], [-121.0683173705783, 47.79051676499655], [-121.06702721126499, 47.79426735534837], [-121.07186816208342, 47.79429584482066], [-121.07167561229429, 47.79530552489849], [-121.07382150270098, 47.79550054467478], [-121.07437978327056, 47.79747690472475], [-121.07944675335986, 47.794321543993526], [-121.08736732470206, 47.79438339313088], [-121.08813913498558, 47.795023683082455], [-121.08668715519097, 47.796886673345774], [-121.08338022500196, 47.79840259379249], [-121.08058202544575, 47.80219103431114], [-121.07694468519443, 47.80367821479245], [-121.0769047860188, 47.80712670499037], [-121.08293642805275, 47.811370114568625], [-121.0811219690126, 47.81661179506111], [-121.07414006923699, 47.82239434614941], [-121.06815427798107, 47.82134909674577], [-121.06236416727874, 47.822462997441846], [-121.04938219628843, 47.82738573913878], [-121.0402196053496, 47.82986814028083], [-121.03493311534835, 47.833540201065624], [-121.03271432574881, 47.836742401488365], [-121.03110137563644, 47.837398601701736], [-121.02813621511118, 47.83728556201994], [-121.02708374462802, 47.836016672063806], [-121.02009758307076, 47.83442680273895], [-121.01703392207823, 47.83244674296284], [-121.00933758075216, 47.8323106637973], [-121.00983931240894, 47.83882491410889], [-121.00758546411524, 47.84745887484109], [-121.00778170553583, 47.85320165514243], [-121.0092671565792, 47.85648550516435], [-121.01022826670243, 47.856326995050196], [-121.0120929964729, 47.85408059471982], [-121.01345636678134, 47.854408814589], [-121.01691009856495, 47.85938583449039], [-121.02181976877978, 47.85686217381103], [-121.0218901081602, 47.85425017365665], [-121.02395284852007, 47.854305253433864], [-121.02525287897868, 47.85529899334732], [-121.02583892955813, 47.857288553394795], [-121.0246819106648, 47.8626687938235], [-121.02761670140855, 47.8637052935602], [-121.03792001361099, 47.865655682540954], [-121.04001034384815, 47.8651848722856], [-121.04573569512264, 47.8664789017309], [-121.05373769659066, 47.866994010883005], [-121.05949546705136, 47.864903960135116], [-121.05886054488792, 47.856400349728425], [-121.05996268433901, 47.85336534943765], [-121.06239745494146, 47.85416740921593], [-121.06565324634713, 47.85772121905832], [-121.06653072713367, 47.86036437911017], [-121.06903162783338, 47.861522568901016], [-121.07318582788751, 47.85886545829722], [-121.08345824882367, 47.85561309698982], [-121.08142240768213, 47.852303917027704], [-121.10907677231565, 47.8522973539978], [-121.10921716847061, 47.877628835396635], [-121.11168107899532, 47.87809035515221], [-121.1142857098585, 47.879851914964824], [-121.11882139065327, 47.87999584447549], [-121.1250172921078, 47.88171500389182], [-121.13032432406627, 47.88612757355553], [-121.12668686398338, 47.88829833407545], [-121.1262758441673, 47.88934080417854], [-121.12942757577657, 47.89379949408107], [-121.12885944642409, 47.896860794313746], [-121.12943743838477, 47.904541134677736], [-121.1328789596016, 47.90717861444666], [-121.13646173122585, 47.9113962342879], [-121.13593126220718, 47.915801744590965], [-121.12376388984278, 47.91445982585223], [-121.11591187876297, 47.915431706768295], [-121.10874646721582, 47.914006877475536], [-121.10157845532152, 47.91115510810348], [-121.09671839357748, 47.90732828842365], [-121.0934674730951, 47.90758726879478], [-121.08992642286474, 47.90908483926686], [-121.09379543457857, 47.91347086908668], [-121.08968568435941, 47.91540708964566], [-121.08863663496294, 47.91861640993966], [-121.08470824464212, 47.92000879044847], [-121.08227877383261, 47.918354440622906], [-121.08160337385492, 47.91891276072816], [-121.07893105266197, 47.915847550850565], [-121.07896340312868, 47.91774673095293], [-121.07732506311592, 47.91882616119293], [-121.07646549267366, 47.91759923121888], [-121.07557000262872, 47.918033011341336], [-121.07460730225625, 47.91716466139856], [-121.07021260183916, 47.918484731954514], [-121.07074250169553, 47.91752704184293], [-121.06704553097329, 47.917108312225324], [-121.06685494072617, 47.91622258219682], [-121.06532663031894, 47.91560215232989], [-121.0622794199008, 47.915987062685744], [-121.06244436030623, 47.91754252275448], [-121.0611993905769, 47.91951784300135], [-121.06212774116304, 47.92128925299832], [-121.06219699291037, 47.92843277338926], [-121.06085961315722, 47.93037235364426], [-121.06074436359991, 47.93227324376294], [-121.06174411463108, 47.93582393385118], [-121.06000626502198, 47.93863156419856], [-121.06418851703707, 47.944028054040054], [-121.07047777880001, 47.94693268351104], [-121.07251845960296, 47.948823953392164], [-121.07310093147944, 47.95612992373488], [-121.07255621199626, 47.95862762393371], [-121.07385554280364, 47.96104652392551], [-121.07405672344073, 47.963522754041186], [-121.08348011632064, 47.96884776330145], [-121.08948890885078, 47.97508801298752], [-121.0937519101063, 47.97730201264168], [-121.10320391209048, 47.97893356169274], [-121.10503596308672, 47.98175705164789], [-121.10632119333671, 47.98189772151434], [-121.10932015444061, 47.98435947132092], [-121.12678096785727, 47.98635938951079], [-121.12987541864467, 47.98745931923123], [-121.13493610897868, 47.985352408557766], [-121.13563787848042, 47.9828293483409], [-121.14156163958803, 47.98329967771517], [-121.14752625002414, 47.980991476931244], [-121.15042261081742, 47.98225348668239], [-121.15256274168995, 47.98435877656329], [-121.16449235418466, 47.98639244536291], [-121.16806198432641, 47.98452498486692], [-121.16899150411118, 47.98300590468065], [-121.17442927452632, 47.980977523970196], [-121.17464944409595, 47.979063323840265], [-121.17773979384414, 47.97591228332617], [-121.18755204554104, 47.97613708225891], [-121.19045908632168, 47.97734249200552], [-121.19258101649032, 47.9765791017299], [-121.19234458365824, 48.00607804338246], [-121.19631223445539, 48.006622702975456], [-121.20224609526183, 48.005860622279855], [-121.20776664624992, 48.00612493168634], [-121.20762578427093, 47.99812853126161], [-121.22524405458232, 47.98734995872811], [-121.24355172867664, 47.99158663694511], [-121.24657618814402, 47.98734017637862], [-121.25195742853012, 47.9852424256707], [-121.27937186305368, 47.985029192639814], [-121.2804244637804, 47.98728411264758], [-121.28218914443568, 47.98876032253418], [-121.28699830564942, 47.990443822096665], [-121.29104016696988, 47.99308700179627], [-121.29273066724548, 47.99306104160862], [-121.29616636840568, 47.995462431361624], [-121.30498788074428, 47.999009660583695], [-121.30581545116853, 48.000179600556535], [-121.30326408188424, 48.00484246109295], [-121.30066667202006, 48.00716695150643], [-121.30315557279573, 48.00863998131267], [-121.30226486297492, 48.00997873148412], [-121.30246271349645, 48.01197376157147], [-121.30152345345822, 48.01245736170148], [-121.301761043738, 48.013437851728895], [-121.29975034393713, 48.015620102069974], [-121.30193136483526, 48.017801671948824], [-121.2998688746243, 48.018344672205934], [-121.30003325490074, 48.01936115224338], [-121.29768918487619, 48.020856582583676], [-121.29868538513334, 48.021228102494135], [-121.29837272535698, 48.02235341259017], [-121.29965586579678, 48.02327480249902], [-121.29801119669258, 48.028049022941424], [-121.29840374709711, 48.02943194297376], [-121.29551729702845, 48.03111589338416], [-121.29864035812855, 48.03347741316873], [-121.29806714833937, 48.034727163300275], [-121.2985419786609, 48.035714953301806], [-121.29572283799294, 48.03490933356882], [-121.29519215911664, 48.03985119389745], [-121.29582915953642, 48.04112888389695], [-121.29472416988321, 48.043293614137156], [-121.2918784397368, 48.04463193452429], [-121.29073980016449, 48.04714849478743], [-121.30292583220218, 48.04716696344353], [-121.30293855667487, 48.065367354435125], [-121.31371015846426, 48.06533685324394], [-121.31373518936095, 48.06896731343893], [-121.31911363025318, 48.06894803284381], [-121.31917300205146, 48.07621954323321], [-121.32410784286995, 48.07620152268705], [-121.32408253550967, 48.086944983274314], [-121.36139782171016, 48.086869029145575], [-121.3613971015, 48.0860160890994]]]}, "properties": {"name": "Henry M. Jackson Wilderness", "acres": 103240}}, {"type": "Feature", "geometry": {"type": "MultiPolygon", "coordinates": [[[[-121.9737832329883, 45.5760016202273], [-121.9584572705466, 45.57600124179583], [-121.95841481453769, 45.54704617005566], [-121.90690318632421, 45.547046525321065], [-121.90689520332752, 45.532568904445945], [-121.89659554168357, 45.532568415497984], [-121.8965904188045, 45.518642184654865], [-121.88187626645544, 45.518642116157], [-121.8818762665824, 45.519256816194236], [-121.8782267259996, 45.51925671656683], [-121.8773550561629, 45.520721396744634], [-121.87565479602947, 45.52138977695879], [-121.87286435514312, 45.519256747114184], [-121.86218060343646, 45.51925748820478], [-121.85848770327621, 45.52133893870811], [-121.85602786394719, 45.52648932927203], [-121.85386587388014, 45.5278371695746], [-121.84664409432361, 45.53556820078148], [-121.84076892386275, 45.53788325152204], [-121.83678803468362, 45.54493035235661], [-121.83610539536267, 45.54873987265768], [-121.83217730659014, 45.55770618360341], [-121.82938726591699, 45.556610993822], [-121.82659244568478, 45.55764977417066], [-121.82507344530275, 45.55697867428513], [-121.8081927633963, 45.56082274624357], [-121.80044393327151, 45.566212657363], [-121.79672016403669, 45.57278546814317], [-121.79387392398068, 45.57471564855143], [-121.79282911450765, 45.57806568886186], [-121.78893967439274, 45.580517709408575], [-121.78782743472382, 45.582974339671615], [-121.78833435511729, 45.584479969711275], [-121.79109834586501, 45.58594936951797], [-121.7953560366501, 45.58644464911266], [-121.79848756692435, 45.58534796872581], [-121.80076242737113, 45.5857446885173], [-121.80117659782685, 45.58762168858891], [-121.7994886481921, 45.590685488947614], [-121.78772771708259, 45.59442185037747], [-121.78186525680819, 45.59762789117191], [-121.77842830717158, 45.60203278179114], [-121.77585956699964, 45.60318860212418], [-121.77018078716942, 45.60839184302134], [-121.76906560781252, 45.612348553375874], [-121.76978062821566, 45.61373684338708], [-121.76943143876525, 45.616650943599836], [-121.76521250945903, 45.62324480443222], [-121.7602152586805, 45.6233571449506], [-121.75965423908396, 45.62573046515223], [-121.75464852914645, 45.62989392591762], [-121.75364554973808, 45.63351182624011], [-121.74993745949696, 45.635214346723274], [-121.74283675868669, 45.636799697546714], [-121.73746486879786, 45.64147935838129], [-121.7347023093464, 45.646246038953926], [-121.72699319790274, 45.64526129968372], [-121.72452273789156, 45.64711437004941], [-121.72397356842941, 45.650120970288455], [-121.72108430831472, 45.65180009068652], [-121.71736776751696, 45.65083820100876], [-121.71515196740731, 45.652021861307695], [-121.70375766575198, 45.65287099252655], [-121.69908690533717, 45.65448595310329], [-121.69701957536782, 45.65623000342123], [-121.70473764669764, 45.65665419265637], [-121.70336057674206, 45.657930402875124], [-121.69453656537948, 45.65820346379573], [-121.69518630568368, 45.659161563787485], [-121.69457956602635, 45.6612747339783], [-121.6922680060528, 45.663186434331486], [-121.68071195420453, 45.66324127551884], [-121.67993187476775, 45.666546475800075], [-121.67575617460604, 45.668995396377106], [-121.67018635360843, 45.66851188691834], [-121.66601191212112, 45.66460130710773], [-121.6660111318592, 45.663344987031195], [-121.64807035903294, 45.66365128888774], [-121.6473542719942, 45.67841063986139], [-121.65348134397871, 45.683190699524836], [-121.65348204428476, 45.6846570596141], [-121.64770519411958, 45.68832666042998], [-121.64786677555414, 45.6950738108245], [-121.65811032721075, 45.695101189775755], [-121.65808084646407, 45.69154812956242], [-121.66709823793538, 45.691637148643196], [-121.67088334800249, 45.68903825809688], [-121.67386355902113, 45.69161859794831], [-121.67996648982616, 45.69076747727064], [-121.68201949997488, 45.689896687007185], [-121.68202497869146, 45.68374384663232], [-121.7017077918062, 45.6834903645988], [-121.72029943522844, 45.68556071281797], [-121.72238687546088, 45.68506641257386], [-121.7259689262613, 45.686142152271735], [-121.72563689531111, 45.6818459720451], [-121.73089512616019, 45.68186481150699], [-121.7314180373682, 45.68724823177995], [-121.73491357808355, 45.687983411466], [-121.75009663035979, 45.687202259861124], [-121.74998670993008, 45.685229089752845], [-121.77230978354385, 45.68537001747131], [-121.77294839380684, 45.68613858745229], [-121.77799706466581, 45.68637190694842], [-121.7941612571827, 45.68600604526775], [-121.8183652717814, 45.6894434229913], [-121.82259188165288, 45.685586752324774], [-121.82828484185396, 45.6821831215352], [-121.82908297152817, 45.680010981322226], [-121.8404637027486, 45.67712676998043], [-121.83814449230209, 45.67676716019675], [-121.83675872171334, 45.675010210232955], [-121.8367253615075, 45.67404982017845], [-121.83900748141349, 45.6718487298115], [-121.85262464239668, 45.66611476806875], [-121.85556228291944, 45.66636675778256], [-121.85827614299066, 45.664627157399345], [-121.86095482351053, 45.66506423715089], [-121.86100971117709, 45.653835356468285], [-121.8910741959883, 45.65385355338609], [-121.91074702718973, 45.64454107080815], [-121.91351780757279, 45.64425588050686], [-121.91787276786206, 45.64230734994303], [-121.91623881726939, 45.64071553001485], [-121.91187758616363, 45.63875079034382], [-121.91036459553438, 45.63689049038701], [-121.91076264536919, 45.63579232028008], [-121.90811412443719, 45.63334847040452], [-121.89465224133812, 45.62879234150983], [-121.89522518111515, 45.62728141136005], [-121.89456819084648, 45.626495081380014], [-121.89011822017982, 45.626708161848825], [-121.89326295031893, 45.62496224142138], [-121.89345660017138, 45.62410492134985], [-121.89222296979678, 45.62325185142478], [-121.88876320929106, 45.62347812179292], [-121.89145198934146, 45.621655691407526], [-121.88733352784965, 45.61764829158779], [-121.88251097699276, 45.61723365205679], [-121.88696799744014, 45.6159600315234], [-121.88709966731585, 45.615261421467736], [-121.88278402536511, 45.60919642154372], [-121.88063545481387, 45.60819630170335], [-121.87935907465635, 45.60842005184758], [-121.88029348414035, 45.60521883155855], [-121.8783275132901, 45.60263918160406], [-121.8772542330637, 45.60237497169797], [-121.87773281278736, 45.6006767415464], [-121.8767187222284, 45.598766211534745], [-121.87872460253882, 45.59871734132646], [-121.87929119326452, 45.60177453145319], [-121.8822510043496, 45.60472034132804], [-121.88227496483442, 45.607034871465366], [-121.88489197547702, 45.608114081262485], [-121.8863863055929, 45.60752302107381], [-121.88582528595798, 45.60971038126328], [-121.8879103968165, 45.612237211202256], [-121.88886475710892, 45.612910091145075], [-121.89083027738177, 45.61271214093183], [-121.89014707748277, 45.61372261106277], [-121.89096732780739, 45.614653381034934], [-121.89377282830506, 45.61489134076191], [-121.89105933810546, 45.61601611110767], [-121.89083756827907, 45.617020961191], [-121.89700672014152, 45.62123585081317], [-121.89933149141463, 45.625568830836066], [-121.90103984162063, 45.625247380641646], [-121.90113741192904, 45.626654300716424], [-121.90681947317633, 45.62828612023239], [-121.91041161309295, 45.625130309674205], [-121.90967127388127, 45.62948484001229], [-121.91281514448782, 45.62998659972028], [-121.91555112472892, 45.629046749383285], [-121.91533557509662, 45.630977599521586], [-121.9187639057253, 45.631368369193645], [-121.9185465660193, 45.63294657931088], [-121.92095054640147, 45.63293886906401], [-121.92110118698095, 45.63560540920897], [-121.92320538796388, 45.63871086917996], [-121.92619345804052, 45.6367896787581], [-121.9376724491802, 45.633467517381426], [-121.94043679922382, 45.63155960698336], [-121.9423373888368, 45.62824580658937], [-121.94264074855869, 45.626677626464044], [-121.94088421794706, 45.625085926548415], [-121.94251289812804, 45.62470719635875], [-121.94251096772098, 45.62275338624148], [-121.93974960627331, 45.61791413623352], [-121.93974949607109, 45.61694216617505], [-121.9422419360847, 45.61509682580869], [-121.94212503555191, 45.612625495672056], [-121.94059867517379, 45.6119782157895], [-121.94090061501505, 45.61098343569874], [-121.93710636414436, 45.60970694601063], [-121.94151613448355, 45.60795542545354], [-121.93739182328035, 45.60533255571813], [-121.93801190325037, 45.60471277561735], [-121.9408736837081, 45.604718875324544], [-121.94046034297719, 45.6015198451744], [-121.9397776827577, 45.6009875352123], [-121.94041552243179, 45.59893007502311], [-121.94492819259308, 45.59624322439925], [-121.9448758522563, 45.59466219430942], [-121.9479392726958, 45.5944268139816], [-121.94926211267092, 45.59329189377789], [-121.96395132428634, 45.589797792063585], [-121.96459945401948, 45.588015761890034], [-121.96807861428931, 45.58664574145148], [-121.97053621405016, 45.58360877101721], [-121.97225513377256, 45.58095266068153], [-121.9723217234632, 45.579411290582044], [-121.97383435345317, 45.57820216035447], [-121.97329635304256, 45.576636650315336], [-121.9737832329883, 45.5760016202273]]], [[[-121.94853023001973, 45.62918288601086], [-121.94381750960311, 45.63079126659063], [-121.94369927971151, 45.63140229663947], [-121.95157037096666, 45.63140145583245], [-121.95239752084326, 45.63017572567398], [-121.95194949058248, 45.62926681566537], [-121.95329503079712, 45.62926724552745], [-121.95351361024682, 45.62645726533628], [-121.95437642096982, 45.62926840541659], [-121.95768193149753, 45.62927188507794], [-121.96347683184221, 45.6264912043169], [-121.96347616166871, 45.625658304266985], [-121.96517319193921, 45.62565831409296], [-121.97804326273058, 45.61960937241067], [-121.97804326254638, 45.61872446235754], [-121.98121949305188, 45.618722202031854], [-121.98737274366947, 45.61698086129666], [-121.9874692233564, 45.61540289119215], [-121.99252937416217, 45.6154028906735], [-121.99252965340892, 45.61178293045636], [-121.9972232941562, 45.6117829299753], [-121.99717696340336, 45.60820016976526], [-122.00203819417712, 45.60819987926706], [-122.00203838343175, 45.60461652905223], [-122.00910362452271, 45.60445556831858], [-122.01038635440851, 45.60292519809539], [-122.01247191479851, 45.60320510789849], [-122.01234779355838, 45.597336047559416], [-122.03311533686734, 45.597365505433395], [-122.03299917609608, 45.59374449522846], [-122.05386762941703, 45.593765843091575], [-122.05381549865672, 45.5901479328805], [-122.05904159948862, 45.590156412345586], [-122.06657260038962, 45.588736901489106], [-122.0683257304523, 45.587699121247454], [-122.07339399155433, 45.58912994081369], [-122.07351233132842, 45.5879525707312], [-122.07173408057696, 45.58569527077848], [-122.07248220059338, 45.58520259067235], [-122.07497970137756, 45.58706821052802], [-122.08478076273288, 45.586104709466255], [-122.08449806133362, 45.57958635910582], [-122.08654780145632, 45.578611008837605], [-122.0868351208757, 45.57559618862801], [-122.0883765707078, 45.573609688351446], [-122.08829063039947, 45.572190528275456], [-122.09052513075368, 45.57218937804653], [-122.09075915059296, 45.57123646796567], [-122.09285532063979, 45.56986022766875], [-122.09026549998451, 45.5686827678636], [-122.09268652002797, 45.56704163751762], [-122.09290797968784, 45.56523381738689], [-122.10567943153887, 45.564393936029], [-122.10635572113539, 45.56193299581278], [-122.10283895050596, 45.56158661615217], [-122.10051651978176, 45.559871256287465], [-122.10331656009252, 45.55922914596244], [-122.10401143046516, 45.56049415596687], [-122.10499755061409, 45.56045839586376], [-122.10521395010485, 45.557838335685126], [-122.10271778972543, 45.55791724594535], [-122.10156044934794, 45.556981886007954], [-122.1040300094026, 45.55535759565811], [-122.10619964045767, 45.558785965640794], [-122.10879039091937, 45.559031485390186], [-122.10901117057861, 45.55722003525941], [-122.11130583090198, 45.55702583501289], [-122.11199167081766, 45.556095114887114], [-122.11182111040017, 45.55421263479213], [-122.10994897993343, 45.55339286493483], [-122.10988369977453, 45.552676504898706], [-122.11236890997732, 45.55175491458925], [-122.11224663967877, 45.55040836452134], [-122.10968772929711, 45.55052382479017], [-122.1110064092889, 45.54947625459259], [-122.11088418899038, 45.54812970452465], [-122.10806213855066, 45.54816634481566], [-122.10790725817216, 45.54645891472945], [-122.10362295768209, 45.54737117522243], [-122.10000871706767, 45.547171285580305], [-122.09760428706308, 45.548988535935074], [-122.09243334645933, 45.55003168652663], [-122.09089092617305, 45.54983083667246], [-122.0891374851234, 45.54610836662917], [-122.08518189445196, 45.545896247021204], [-122.08331369437789, 45.54696878727654], [-122.08000833394755, 45.547422657641924], [-122.07556161368159, 45.54954352822389], [-122.07449512383911, 45.551120228427465], [-122.07214059373865, 45.552437868747255], [-122.06734398333494, 45.55416278934142], [-122.06714548284818, 45.55196695923023], [-122.06509988220208, 45.55041675934668], [-122.06414932138834, 45.54721837925229], [-122.05953043008421, 45.544463419559705], [-122.06105197999042, 45.542844709307026], [-122.06041657873702, 45.53728025903844], [-122.06205925887012, 45.53666354883344], [-122.05770324806205, 45.536100719245184], [-122.05341299758935, 45.53710782974432], [-122.05329399034002, 45.55047690055824], [-122.03270659708167, 45.55053583266794], [-122.03264752929597, 45.561262083317615], [-122.03101420903619, 45.561261183484724], [-122.0316939096331, 45.56361835355656], [-122.02587010879702, 45.564050504178496], [-122.02224784764158, 45.561256214381494], [-122.0222032106178, 45.575635095248806], [-122.01184089896896, 45.57563100630947], [-122.01196847921645, 45.57672540636209], [-122.01430349964168, 45.576984736138535], [-122.01542434003387, 45.57801527608567], [-122.01880662067245, 45.57849979576842], [-122.01907109086947, 45.57924630578612], [-122.02222193137065, 45.57924687546354], [-122.02224063212368, 45.58285863567819], [-122.01572455108733, 45.58285846634543], [-122.01536774049312, 45.58027049622674], [-122.01344762020484, 45.580352766428305], [-122.01177559023493, 45.581778516685006], [-122.01204834001422, 45.5805068065808], [-122.01435122006052, 45.578965666252515], [-122.01423120976168, 45.577618126183964], [-122.00971292898997, 45.577362896631236], [-122.00936800963063, 45.5807129468676], [-122.00668057922707, 45.58082832714969], [-122.00687982972482, 45.583072767263964], [-122.0089589004107, 45.584782547153644], [-122.00853556055291, 45.585791637257586], [-122.00619780042744, 45.586978087568134], [-122.00654998980629, 45.583717837336465], [-122.00450445830255, 45.5780429972053], [-122.00549907795957, 45.57562850695849], [-121.97907251383059, 45.57600126968593], [-121.96738579492876, 45.5902561117395], [-121.95068312316438, 45.59457650370965], [-121.94348572292186, 45.59893213470882], [-121.94265443312082, 45.60052733488996], [-121.94647597779942, 45.62009209567513], [-121.94569374805377, 45.621913275864806], [-121.94645019888546, 45.62532882599253], [-121.94465518883486, 45.626460846244576], [-121.94824974961966, 45.627476655937066], [-121.94853023001973, 45.62918288601086]]]]}, "properties": {"name": "Mark O. Hatfield Wilderness", "acres": 65434}}, {"type": "Feature", "geometry": {"type": "Polygon", "coordinates": [[[-121.43606236457788, 47.080193454886896], [-121.43768201545377, 47.082846754865166], [-121.43988945605722, 47.08389308468839], [-121.4572688989313, 47.083968132829234], [-121.44520414575665, 47.07878162382612], [-121.45058084591643, 47.07562963306943], [-121.45397318556364, 47.07166600247907], [-121.45556069525037, 47.06916520216583], [-121.45491031490198, 47.06811328217534], [-121.45560852439597, 47.065409071945794], [-121.45657943408749, 47.063369501724985], [-121.45789442413131, 47.06261924154114], [-121.4576447936836, 47.060846871466495], [-121.47047193582, 47.06097515009941], [-121.47276371523165, 47.05677038961329], [-121.47854585485973, 47.0510103586644], [-121.48377546533158, 47.04932437800776], [-121.48670830523453, 47.04680170754932], [-121.49234571598419, 47.04603680690172], [-121.4960583548904, 47.038607406079294], [-121.49419421400792, 47.036090736135044], [-121.4912018831329, 47.03441408635962], [-121.4905011821542, 47.03064310621888], [-121.48863158138158, 47.02860888630265], [-121.48391650068137, 47.028929556825794], [-121.48051408985322, 47.02775113712255], [-121.47820707959306, 47.02826881739919], [-121.47632146888435, 47.026525117501144], [-121.46995293719465, 47.02371018802153], [-121.46943915686936, 47.02265754801617], [-121.4636271655487, 47.02105637854636], [-121.46073654406608, 47.01665052860303], [-121.46080517193326, 47.00727430805764], [-121.47279012370909, 47.00643641672754], [-121.47498980338479, 47.003438366320324], [-121.47474862295394, 47.00172633624788], [-121.47313547227219, 46.99990152631576], [-121.4723062214192, 46.99676387622436], [-121.4696137205726, 46.9949921864106], [-121.46913900985996, 46.992212986301844], [-121.46166816754356, 46.98743852682628], [-121.45939815704321, 46.98687886703676], [-121.45680360592053, 46.98382646713865], [-121.44611166331035, 46.98008137806596], [-121.44629743304714, 46.978793797972024], [-121.44488317218833, 46.97604681796509], [-121.44204000126703, 46.97405465815421], [-121.44227254099273, 46.97268447805045], [-121.45746813153941, 46.96413810593532], [-121.45821256072848, 46.96004339562017], [-121.45262695905573, 46.95672515602563], [-121.45320959809109, 46.95206962569532], [-121.44995006672684, 46.94842763583351], [-121.45204753647347, 46.94580191545828], [-121.45243241569638, 46.94210985520443], [-121.45061712481376, 46.9395400952501], [-121.44918240345012, 46.93458053511722], [-121.45396542308522, 46.92952366431528], [-121.4566391333031, 46.928552113973964], [-121.45617800220667, 46.92406147376419], [-121.45238534128633, 46.92275011409314], [-121.45033809097785, 46.92287099431849], [-121.45044445073172, 46.92171083424018], [-121.44939061047585, 46.92134614433155], [-121.44088755904902, 46.92120876523054], [-121.4375614383005, 46.92031787553384], [-121.43673109850468, 46.92181650570895], [-121.42890313674845, 46.91974384642404], [-121.4303281664056, 46.91720404612527], [-121.41953424307358, 46.91033668687907], [-121.41629137283932, 46.91165136730081], [-121.41303508231708, 46.91170742765121], [-121.40837729236198, 46.91527624835428], [-121.40291919136018, 46.9148146189094], [-121.39598439049718, 46.91603422971933], [-121.38607170891963, 46.916264500789325], [-121.3832777187825, 46.91768455116948], [-121.37566609753124, 46.91768785198104], [-121.37270683746787, 46.919553002404584], [-121.36973732709275, 46.92005268275012], [-121.36936335717694, 46.92069439282722], [-121.37014963744444, 46.92130268277862], [-121.36874112738637, 46.92206744297315], [-121.37006625794962, 46.92358746292], [-121.36979747806593, 46.924294292989636], [-121.3654094480614, 46.92745332364063], [-121.36160299863394, 46.932730354352444], [-121.35932293851049, 46.93383870465981], [-121.36354408008764, 46.93772014443463], [-121.3603907098719, 46.93905450484825], [-121.35620253831367, 46.93523307507342], [-121.33797379704065, 46.942839447458596], [-121.32474865592432, 46.947514219140444], [-121.32062245533378, 46.94790840960342], [-121.31711071529494, 46.95028336011586], [-121.30681001430399, 46.953394211395306], [-121.30934691499532, 46.95459394119438], [-121.27505537200467, 46.96631916553397], [-121.27303338295687, 46.971967666078214], [-121.2684946029099, 46.97505267674194], [-121.26797087361186, 46.978513916999134], [-121.26966581466527, 46.98190826701553], [-121.26730473579755, 46.988587147655814], [-121.26949846676621, 46.9912459875761], [-121.27370563770806, 46.992328377189814], [-121.2703952476059, 46.99427819765651], [-121.26796746708969, 46.99377345788641], [-121.26571495690604, 46.994600038174916], [-121.26423501741749, 46.99791401852551], [-121.257625267353, 47.002419009493096], [-121.25480673811607, 47.007803610107004], [-121.24867399796703, 47.01159201098216], [-121.24339032749118, 47.01333450164784], [-121.24132611768947, 47.01569775200568], [-121.24096034828014, 47.018548972210475], [-121.23918926860748, 47.0212640425575], [-121.23915238878807, 47.02208140260892], [-121.2430187499789, 47.02449411233594], [-121.24672592142007, 47.02811705215017], [-121.25121647215099, 47.0280659116673], [-121.2518981624602, 47.028925201644306], [-121.2538394727225, 47.02866847142187], [-121.25794968379144, 47.0303716810814], [-121.26473613454384, 47.02875573026228], [-121.26936649458248, 47.025577059583], [-121.27579108533777, 47.02423708881862], [-121.28340965684852, 47.025339918068184], [-121.28611820776493, 47.02739167789756], [-121.28939850862265, 47.02877320762689], [-121.29183818904869, 47.028874337371896], [-121.29833765097582, 47.03260805689311], [-121.30209443176574, 47.033349716534325], [-121.30285611157916, 47.031984426373874], [-121.30575253188651, 47.03123756602095], [-121.30895753310097, 47.034234095851566], [-121.31618485448037, 47.03504962512577], [-121.32286754511854, 47.033019594293734], [-121.32355637503663, 47.03216469417069], [-121.32280796445518, 47.030162884135024], [-121.33030607561702, 47.02983492331421], [-121.33150173558461, 47.02883096312836], [-121.3311014651724, 47.02731743308371], [-121.33427541495564, 47.02408089255734], [-121.34015978595562, 47.02421088193563], [-121.34112283629972, 47.02502098187941], [-121.34443638643894, 47.023241091422335], [-121.34713722680607, 47.022899691113786], [-121.3487084467775, 47.02164205087316], [-121.34766357610364, 47.019447860858186], [-121.3480258759515, 47.018521150765956], [-121.35780030778707, 47.019504499777625], [-121.35788084791994, 47.0200275897992], [-121.35548969756198, 47.02018523006397], [-121.34837066612494, 47.01903133075854], [-121.34951800696346, 47.02187186079988], [-121.34733848698036, 47.023516671127894], [-121.34279980653135, 47.0248250516888], [-121.3419048368412, 47.026825001899965], [-121.33527138691953, 47.031948822905264], [-121.33471989744996, 47.034664623121095], [-121.33663764825067, 47.0367813430381], [-121.33607270899444, 47.040437793309636], [-121.33784719025788, 47.04467779336445], [-121.3396431409492, 47.04640312327181], [-121.33945213123704, 47.04779754337268], [-121.33738885128965, 47.04951260369239], [-121.33914083227108, 47.05253522367925], [-121.33927971304024, 47.05579171385216], [-121.3417893931313, 47.05438320350229], [-121.34733191402084, 47.05427673290288], [-121.35402023570111, 47.056796782332114], [-121.35516159620727, 47.05818399228985], [-121.35444563641103, 47.059587722447326], [-121.35579883815667, 47.06622715268473], [-121.3591844797941, 47.07093194259291], [-121.36255204029813, 47.07070936221939], [-121.37063835207937, 47.07266398146565], [-121.37110432244799, 47.07393550148882], [-121.37413366321874, 47.07511906123235], [-121.37374284364418, 47.07725256139684], [-121.37894625509504, 47.07983775098785], [-121.38094544543726, 47.0798938307769], [-121.38241232607832, 47.08163300071954], [-121.39256443788695, 47.0822273096657], [-121.39590466820333, 47.08121001924935], [-121.40572110015636, 47.082676578281436], [-121.40654415055303, 47.08381361825843], [-121.42082495291635, 47.083870836730895], [-121.42478229307642, 47.081733646184276], [-121.43606236457788, 47.080193454886896]]]}, "properties": {"name": "Norse Peak Wilderness", "acres": 52297}}, {"type": "Feature", "geometry": {"type": "Polygon", "coordinates": [[[-121.81448417718384, 48.25016403754591], [-121.82136994829614, 48.250087066774405], [-121.82373938832413, 48.248641186434845], [-121.82534021728354, 48.24342312598406], [-121.83542888892035, 48.24334199485546], [-121.83504410061728, 48.21031707317363], [-121.84866131285615, 48.210332771658265], [-121.84480942149246, 48.20739721193382], [-121.84655003164247, 48.20685281171154], [-121.84652324135122, 48.2057016116544], [-121.85941745351329, 48.20588888022855], [-121.86138355298574, 48.20247725983152], [-121.86152913272856, 48.20134909975637], [-121.86051850228506, 48.20023404981072], [-121.86161016232234, 48.199665079659454], [-121.86178226209204, 48.19862714958611], [-121.85977865132413, 48.19686300971696], [-121.85688075078376, 48.196601570025884], [-121.85139619014022, 48.197630220690165], [-121.84347350853034, 48.19638524150684], [-121.84053524770066, 48.194989651760864], [-121.83659575608003, 48.191076351994546], [-121.82854165457796, 48.19035314285284], [-121.81822174373067, 48.19375706417942], [-121.81718194437302, 48.19702350446624], [-121.80464944251428, 48.197827185902895], [-121.80237167238599, 48.19881507620811], [-121.79764211142356, 48.19807149669538], [-121.7878308704064, 48.20046374791256], [-121.78552785978466, 48.19948736811757], [-121.78316595002316, 48.202005258512486], [-121.76929399673512, 48.197962029843566], [-121.76902979598407, 48.195118809723574], [-121.77226511557136, 48.191321249164126], [-121.77227732495173, 48.188822159031425], [-121.78877059765493, 48.188786817195194], [-121.78878619736737, 48.18762067713222], [-121.79193567795448, 48.18789975679655], [-121.79296605776634, 48.186462616606484], [-121.7988260482355, 48.18447699585051], [-121.80216126914839, 48.18594387555649], [-121.8055780595844, 48.185439905150034], [-121.80793926856957, 48.17979949459152], [-121.80988249840355, 48.17784801427301], [-121.81022463784228, 48.17536422410465], [-121.808367116722, 48.17208409413904], [-121.80147668511597, 48.17017594480494], [-121.80491830491923, 48.167108424261215], [-121.7975501630597, 48.16449495494302], [-121.79474044255976, 48.16434080524721], [-121.79324322275265, 48.16610805550651], [-121.79171784259371, 48.166477235695474], [-121.79013985179478, 48.16430448575667], [-121.78749058115996, 48.16350148600886], [-121.78158770024073, 48.163706846675716], [-121.77440534956595, 48.165744397581186], [-121.73598432188206, 48.160255281561135], [-121.73744433172274, 48.15864494131394], [-121.73652686134086, 48.15771458136678], [-121.73702204086577, 48.155471191193385], [-121.73581693041255, 48.15444396127299], [-121.73611812024873, 48.15358388119413], [-121.73538827992326, 48.15275597123148], [-121.72778321800297, 48.150061791933815], [-121.72438483772204, 48.15118535237057], [-121.72098379676672, 48.14959145266403], [-121.72085983648623, 48.148542622622365], [-121.71804530546646, 48.14629924281627], [-121.7119068140214, 48.14454870340519], [-121.71034666231537, 48.13870135326902], [-121.70684558146402, 48.13759300359892], [-121.7051578704759, 48.13472636363447], [-121.703542860369, 48.13536919384776], [-121.70147932955894, 48.13347120397619], [-121.69894516710431, 48.12524365382145], [-121.69507684543365, 48.1210681840292], [-121.70014350577455, 48.11907185336131], [-121.70070444422008, 48.11241371294598], [-121.7067213747749, 48.11064961218514], [-121.70750963466247, 48.10966993204577], [-121.70312527319759, 48.10666540237259], [-121.70253686257092, 48.1045223523241], [-121.70013594231663, 48.10509367262063], [-121.68991858024614, 48.10352702367031], [-121.68479635890928, 48.10153298413224], [-121.67527436751895, 48.102258205226306], [-121.67522931569064, 48.09488653483932], [-121.68242287683832, 48.0947325340339], [-121.68925880817162, 48.095570093320724], [-121.69662574920854, 48.09485442246619], [-121.69662235900871, 48.0940476224237], [-121.70678791071586, 48.094180781304004], [-121.70691882716183, 48.07969692052038], [-121.68532504359897, 48.07967141291139], [-121.68527439268784, 48.07601168272225], [-121.67990796180584, 48.07602055331717], [-121.67993895514677, 48.08953978403304], [-121.66669221296186, 48.089534845500594], [-121.66669293155, 48.08381355519591], [-121.65616244106675, 48.088892216633006], [-121.65391789123375, 48.091068716997626], [-121.65262360170001, 48.09382224728771], [-121.64822393156483, 48.09621477790268], [-121.64384802067761, 48.0955458683519], [-121.64062479978377, 48.09407988863085], [-121.64535847028863, 48.092960618046746], [-121.64749363959781, 48.088734717584984], [-121.64716622923426, 48.0874802375544], [-121.6516775394534, 48.08535219694124], [-121.65300859914277, 48.083203286679236], [-121.65872652997078, 48.082736986021054], [-121.64871364720666, 48.078226506889614], [-121.6464974780031, 48.08293773738629], [-121.64307700821489, 48.08608363793295], [-121.62655609569539, 48.08692393980769], [-121.62660096656185, 48.09040528998847], [-121.62434230579699, 48.0888170301539], [-121.62086455509602, 48.088303610511744], [-121.61813740421603, 48.086562230720816], [-121.61383067340375, 48.08615288117586], [-121.61371328187197, 48.08002084086122], [-121.61003978006825, 48.075165771008464], [-121.60629213903852, 48.07349956133424], [-121.59427097754087, 48.075481722771016], [-121.59425566859422, 48.0797650130019], [-121.5888638277078, 48.07978442359985], [-121.58888672681617, 48.07615184340286], [-121.58312120581078, 48.07593957402968], [-121.5770559549649, 48.07657633473516], [-121.57702248540745, 48.07839431483624], [-121.57610000523773, 48.07832462493459], [-121.57627501571865, 48.08015812501346], [-121.57174615493703, 48.08002568550767], [-121.56870566478307, 48.081441195920085], [-121.56782727451264, 48.080933535990084], [-121.56531099428777, 48.081709946310234], [-121.56727431738979, 48.092970626696186], [-121.56910070892408, 48.097963876761256], [-121.57796706241561, 48.10616512621796], [-121.58181072303802, 48.10611115578924], [-121.5872848631921, 48.1030695350202], [-121.5976320047726, 48.10254315384571], [-121.59699460541535, 48.10557207407814], [-121.5941838057762, 48.10891392456811], [-121.59426469789652, 48.11744010501442], [-121.58308957606918, 48.117523256257385], [-121.58309343696433, 48.12114184645027], [-121.61059874148458, 48.121032533395436], [-121.61187645180169, 48.12146091327665], [-121.61028368533826, 48.13681835427166], [-121.61768627658572, 48.13691574345578], [-121.62083503765052, 48.13911506322358], [-121.63912529070548, 48.13925186120178], [-121.65334732423604, 48.14402646987744], [-121.64923910439316, 48.14739752051236], [-121.64692846373633, 48.14628627070976], [-121.64290312296744, 48.14586517113404], [-121.6371495822067, 48.146629511813174], [-121.62356964986397, 48.14622766329867], [-121.61949626943347, 48.14720685380268], [-121.61769766999727, 48.15068172418717], [-121.61780255078895, 48.15380633434172], [-121.61645199099006, 48.15551803458263], [-121.61737725153012, 48.15707986456302], [-121.61568196133437, 48.15742043476929], [-121.61511129155572, 48.158693624900344], [-121.61595863248428, 48.1618735149754], [-121.60872268156746, 48.16299999583847], [-121.60320195172662, 48.16732204668122], [-121.6007260313056, 48.16727555695358], [-121.59785903120269, 48.16877233735153], [-121.59475531162973, 48.172562457897705], [-121.59357532143984, 48.172584008029844], [-121.59203370151998, 48.17393471827292], [-121.59145408236267, 48.177716408538465], [-121.59220993299691, 48.17976752856362], [-121.58981484244394, 48.17913633879601], [-121.58639269286061, 48.18309551938665], [-121.58624545312107, 48.184242489464054], [-121.58294122306155, 48.1862050599354], [-121.58204703395549, 48.19039985025784], [-121.58446190470413, 48.19180423006429], [-121.58180502454387, 48.19292907041925], [-121.58793098618688, 48.195460579873355], [-121.59054832657083, 48.19526245957201], [-121.59359711738989, 48.196528119300545], [-121.59938795856814, 48.197413628704254], [-121.60451672082594, 48.203081688435276], [-121.6037619820606, 48.20854775880918], [-121.60766569330085, 48.210936828501985], [-121.6088501447004, 48.215773188626805], [-121.61260362606438, 48.21875805836773], [-121.61359309682862, 48.22117001838548], [-121.62077900810834, 48.2215364676058], [-121.62102194334427, 48.20223197655585], [-121.62263170277123, 48.19885756619802], [-121.621858262203, 48.19708634619002], [-121.62444090261873, 48.19704125590062], [-121.62614975229037, 48.19458400558045], [-121.6303038523095, 48.19189868497646], [-121.63101586200888, 48.19021547480807], [-121.63060487162672, 48.18895105478669], [-121.63475674225155, 48.18870475431233], [-121.6370119923482, 48.187593964002886], [-121.63781133205289, 48.18587392382287], [-121.642055813362, 48.18832039348096], [-121.64091304398238, 48.19157628378048], [-121.63344650418583, 48.19735731491653], [-121.6322367947065, 48.2002552652046], [-121.6298563448735, 48.20250881558858], [-121.62994038518325, 48.20369809564227], [-121.62854045545751, 48.2057309859056], [-121.62993515635004, 48.20839156589152], [-121.62968517670818, 48.209997036004346], [-121.62708885740317, 48.214513926532256], [-121.62839764854822, 48.21824425658426], [-121.62771637862795, 48.21901664670091], [-121.63002444017171, 48.22368308669125], [-121.62986573043392, 48.2248409967702], [-121.6307902905857, 48.224836766667124], [-121.63795633352863, 48.231893596243246], [-121.64729631456373, 48.22985317509626], [-121.6533341363456, 48.232999734590706], [-121.66485271826893, 48.23308273331332], [-121.6870223736357, 48.23992650120673], [-121.69169301441151, 48.239946580687786], [-121.70673215794457, 48.244162539235276], [-121.70712468907134, 48.24841714941537], [-121.71233929037527, 48.25019512892807], [-121.71368730026163, 48.24884965870722], [-121.71430529938162, 48.24491641843161], [-121.717584949573, 48.24351645799283], [-121.72265204040751, 48.24351303742835], [-121.72300811823442, 48.23456878691863], [-121.72024793537646, 48.224931976718985], [-121.72264801553095, 48.22396459640093], [-121.73113859666425, 48.22289806539987], [-121.73496143664228, 48.22028294483691], [-121.74093382761298, 48.22023046416943], [-121.75070641968813, 48.222099543179915], [-121.7546178908698, 48.22425605285776], [-121.7672837139758, 48.22835120166254], [-121.76798670422342, 48.228880121611965], [-121.76460326453713, 48.23237011217175], [-121.77484100711234, 48.235938611218685], [-121.77931207904524, 48.240735240971915], [-121.78260489960556, 48.24080964060902], [-121.78761581103481, 48.24323279017759], [-121.78845506103355, 48.24267481005488], [-121.79042462151637, 48.243310949868736], [-121.79128576192316, 48.24437293982839], [-121.7994688233627, 48.244748718936265], [-121.80495138365615, 48.242314668198105], [-121.81458739526578, 48.24241806712979], [-121.81448417718384, 48.25016403754591]]]}, "properties": {"name": "Boulder River Wilderness", "acres": 49249}}, {"type": "Feature", "geometry": {"type": "Polygon", "coordinates": [[[-121.46985230520289, 46.15937325730209], [-121.46859587629807, 46.16540439779509], [-121.47594234847567, 46.1699567173038], [-121.47791382016247, 46.17628936747861], [-121.48130233149426, 46.17990508734266], [-121.48385884373918, 46.188377297584374], [-121.4857982946315, 46.191047497542314], [-121.48816627530299, 46.19237196737504], [-121.48639342598406, 46.19686078782856], [-121.48964535710715, 46.199608487654324], [-121.49097216792947, 46.20241416768403], [-121.4895948489518, 46.20818000817266], [-121.48621274909101, 46.21136995871614], [-121.48233443900187, 46.213877529270455], [-121.47951784860987, 46.214185689582486], [-121.47296699828846, 46.217632030471734], [-121.46940262828059, 46.220279271001814], [-121.46819542864006, 46.222849301281585], [-121.46307510829175, 46.2250949219499], [-121.4656005595752, 46.22912258192769], [-121.46324406006971, 46.23317973241631], [-121.46128525192378, 46.24321156322102], [-121.45901548213084, 46.24587377361715], [-121.46349458308627, 46.24691357321201], [-121.46772081553408, 46.25502539325597], [-121.46788851715638, 46.26237695367783], [-121.47029063794922, 46.26422609353751], [-121.47033142884882, 46.26833951377894], [-121.46659614956678, 46.274449424533934], [-121.46353607925333, 46.27530289490448], [-121.46799390106585, 46.2803008547373], [-121.46685257116273, 46.281602914934254], [-121.46679469219968, 46.286417395227645], [-121.47039008369786, 46.290612235102216], [-121.47197480407661, 46.291165994969646], [-121.47185438446975, 46.29306414509548], [-121.47361586560139, 46.296946435142864], [-121.47687164677235, 46.299889044977924], [-121.47971618745217, 46.300882764739775], [-121.48090783881435, 46.306248504934864], [-121.48540135984501, 46.307618714546614], [-121.48900299121964, 46.31123606438535], [-121.4985845631465, 46.31291566348312], [-121.50726581425701, 46.31152275249226], [-121.51137662500572, 46.31188663208391], [-121.5156909352965, 46.30999702152028], [-121.51895281491277, 46.3057965909295], [-121.53237083708734, 46.30575505952359], [-121.5391139188651, 46.308880359003815], [-121.54075403892551, 46.30793299877602], [-121.54516146012766, 46.31016052844708], [-121.54479685906848, 46.30557028821288], [-121.54263627808533, 46.30266939826671], [-121.54735694714272, 46.294812697306554], [-121.54742169645013, 46.291581487107955], [-121.55127877635888, 46.288279556508606], [-121.5536353566394, 46.28780799623423], [-121.55593099666966, 46.286231685900624], [-121.55681905567664, 46.28100171549728], [-121.55813434573568, 46.28029020531752], [-121.56025741527094, 46.27656524487443], [-121.56271999538953, 46.27526980454014], [-121.56267504492337, 46.27315849441944], [-121.56499963511513, 46.2723029841257], [-121.56779759462133, 46.26793807357412], [-121.56949729488922, 46.267900213394306], [-121.57170263549793, 46.269053213232326], [-121.57451115569927, 46.26788027286919], [-121.58121145710794, 46.269355312256565], [-121.58396349685673, 46.2661422317783], [-121.58528689697054, 46.26567711161241], [-121.59289927976089, 46.27283063124112], [-121.5991152106286, 46.27218107055288], [-121.60344291078945, 46.269690059952886], [-121.60493525040926, 46.26682604962721], [-121.60937995066266, 46.26467373903515], [-121.61414667048504, 46.26029667827766], [-121.61226215015236, 46.260172498467234], [-121.61109823969505, 46.25893608851559], [-121.607874419198, 46.25905529885956], [-121.60612439859139, 46.25756943895432], [-121.60759865865535, 46.2567625387524], [-121.6072006983076, 46.25545819871667], [-121.60779058824248, 46.25471747861113], [-121.61358352877086, 46.25282331789367], [-121.61274058782213, 46.24908251775997], [-121.61682656783805, 46.246102377156454], [-121.61801064742298, 46.243304326866934], [-121.61955583738174, 46.24195940662581], [-121.61746685654299, 46.23965418670723], [-121.61206394563656, 46.2395148372632], [-121.61207281293186, 46.22703205652155], [-121.6180885131161, 46.22338087567693], [-121.61397959145906, 46.21880649583416], [-121.61348527094881, 46.21682036576782], [-121.61416909082712, 46.21574633563264], [-121.6121545503984, 46.21527503581489], [-121.61215781477105, 46.18925897426815], [-121.62158765635131, 46.18949913329932], [-121.62448357624511, 46.18683652283917], [-121.62525737599486, 46.18509826265515], [-121.61753346461045, 46.18448352342373], [-121.61216396384035, 46.184947414011], [-121.61215458830814, 46.15932661248667], [-121.59604119569791, 46.159334524165146], [-121.59629376523407, 46.15699350399922], [-121.60189281591751, 46.15595334335424], [-121.59779926388474, 46.14960143340157], [-121.5923376618418, 46.144229413649505], [-121.59765121065337, 46.134710652528334], [-121.60017984055379, 46.132343952123875], [-121.59746793975447, 46.13067259230622], [-121.59349565800287, 46.12552479241197], [-121.59329396770805, 46.12430628236014], [-121.59549662770304, 46.122623022030474], [-121.59402800659862, 46.118594621942414], [-121.58448681507866, 46.118719322942056], [-121.58283040584146, 46.1235154134011], [-121.58014132618966, 46.12716129389874], [-121.57273243549224, 46.12950527480955], [-121.56990006486821, 46.128740575058394], [-121.56610905367687, 46.1260618552924], [-121.55710358196237, 46.124884906158414], [-121.55529953124655, 46.12291816622823], [-121.55303838109077, 46.123900326522126], [-121.54259369913758, 46.122702597536325], [-121.53333750662934, 46.11802746821823], [-121.52903394784643, 46.12693974920014], [-121.52503597753748, 46.12852334971081], [-121.52401554761286, 46.12964459988414], [-121.5232189282701, 46.13330163018634], [-121.52204102787499, 46.13235480025202], [-121.51696918727522, 46.13339821084202], [-121.51430407672326, 46.13284606108598], [-121.51316764619905, 46.131268031109485], [-121.51384722617193, 46.13062833100042], [-121.51334041586641, 46.12959084099087], [-121.50593848549326, 46.13345014199209], [-121.50493980522957, 46.132979062067655], [-121.50398094460706, 46.130809962037105], [-121.50296327444117, 46.13080799214283], [-121.501498154834, 46.13374180247131], [-121.49868422459473, 46.1347566328248], [-121.49943318522257, 46.13710862288818], [-121.4988817954237, 46.13846006302666], [-121.49549433484316, 46.13832252337064], [-121.49629446604008, 46.143279433585015], [-121.49491412615002, 46.14483291382187], [-121.49081583563921, 46.14555707429161], [-121.48708817466664, 46.14385630457715], [-121.479737893473, 46.143867805342225], [-121.47606104345233, 46.146551575885915], [-121.46909041276848, 46.14864615673675], [-121.45969259101616, 46.1476147276521], [-121.46169080184673, 46.149961067585366], [-121.46330320225206, 46.15062412745756], [-121.46466346334144, 46.154654017558336], [-121.46695152397125, 46.155848437392116], [-121.46739837438511, 46.15743206744075], [-121.46985230520289, 46.15937325730209]]]}, "properties": {"name": "Mount Adams Wilderness", "acres": 47123}}, {"type": "Feature", "geometry": {"type": "MultiPolygon", "coordinates": [[[[-123.10449192451236, 47.8884092456075], [-123.10525430540183, 47.891541835676136], [-123.10679390595456, 47.89280948556696], [-123.10959695587798, 47.89071327515258], [-123.10983628566092, 47.889678005075226], [-123.11273096587423, 47.88870265470556], [-123.11263426565392, 47.887867824675475], [-123.11394043576523, 47.88748920451163], [-123.11645505522092, 47.883673444045236], [-123.12236018631307, 47.88435747342205], [-123.12426363574707, 47.88084251303835], [-123.12430300506453, 47.87803941289678], [-123.12602906532068, 47.877982932702096], [-123.12749616518582, 47.876499912466365], [-123.13626490574522, 47.87319437132973], [-123.13953624575153, 47.871137270865404], [-123.14851274627323, 47.8675475196919], [-123.1515053871784, 47.86932918944632], [-123.15728992821505, 47.86986982882959], [-123.15739467765175, 47.86750929870264], [-123.15810724763529, 47.866988778597985], [-123.16441655809837, 47.86486058779255], [-123.17165512814265, 47.86043602677174], [-123.17716182863074, 47.85892172608568], [-123.17715035788191, 47.85587754593829], [-123.17944163749524, 47.8528437555355], [-123.18828990823441, 47.85022791442436], [-123.1873732476439, 47.848403434437195], [-123.18742858700963, 47.84578212430304], [-123.19095229715747, 47.84414284383145], [-123.19731703789144, 47.84308709307269], [-123.19763622707428, 47.83955062286458], [-123.1958043960079, 47.836365752912634], [-123.1964386460129, 47.83598237282342], [-123.19604779558085, 47.8344682127929], [-123.20081323507688, 47.82937778201495], [-123.20062164482762, 47.82848205199253], [-123.20172568469586, 47.827241441809285], [-123.20037037379149, 47.824411561821606], [-123.20457412364453, 47.82113458119466], [-123.20308783260724, 47.81784384119893], [-123.20546481253609, 47.816039140846854], [-123.20703823187667, 47.8123421204915], [-123.19993861970994, 47.808009151067814], [-123.2019050897309, 47.80684159079243], [-123.2050251492788, 47.803004010258434], [-123.20439314864112, 47.80079882022075], [-123.20653422873987, 47.79983775993612], [-123.20653589773596, 47.79572959973499], [-123.12413777487538, 47.79572960887581], [-123.12413776415762, 47.75178503671063], [-123.13458188578913, 47.75178503555386], [-123.13562912184793, 47.73492049460603], [-123.13059691108522, 47.73501553516778], [-123.1293489818381, 47.73891139549823], [-123.1244457610962, 47.73900996604599], [-123.12329119190254, 47.74306482637401], [-123.12093219153078, 47.74305182663455], [-123.12324818993345, 47.734999465980515], [-123.12199208927012, 47.73307888602462], [-123.12276583915902, 47.73212501589187], [-123.10742928629011, 47.73018166749322], [-123.09851776505214, 47.730819698510984], [-123.09413918488677, 47.732955319101244], [-123.09043567412606, 47.73220858947412], [-123.09077186447176, 47.733414259496605], [-123.08809499443113, 47.734968949869845], [-123.07816255412749, 47.74010941122366], [-123.07213043372059, 47.74231720200068], [-123.04769087076436, 47.74589561488313], [-123.04922569215952, 47.75064097494864], [-123.05104981295754, 47.75274572485108], [-123.04966245395777, 47.757746655252625], [-123.05135124495571, 47.76075809521493], [-123.05048064558, 47.763881095466125], [-123.05346338716038, 47.76844968536208], [-123.05159837772398, 47.7719608857426], [-123.05605590917958, 47.77506739540258], [-123.05711351987605, 47.77724422539314], [-123.05581273023401, 47.77954787565132], [-123.05319466024586, 47.78127808602703], [-123.05227921073678, 47.78387891625718], [-123.04396638086027, 47.78972405746765], [-123.05145799292183, 47.79336012681723], [-123.05708701362767, 47.79263832615759], [-123.05786849334957, 47.79099741598986], [-123.05872281344524, 47.79084103588741], [-123.06191062419823, 47.791880085585454], [-123.07108597531851, 47.79058223450424], [-123.07239053639898, 47.79417138453689], [-123.0772997376094, 47.795980464081936], [-123.07577513835805, 47.80002321445052], [-123.06287964681532, 47.80197592597684], [-123.0594153367528, 47.803941736458064], [-123.05257587574314, 47.80419600722905], [-123.05171540612591, 47.80631456742915], [-123.04863543556716, 47.80600359775533], [-123.04770738517898, 47.805010057809085], [-123.04633201583071, 47.80855991813709], [-123.04646545664447, 47.81180399828264], [-123.04115050629471, 47.81378227896986], [-123.04190098730169, 47.81741993906639], [-123.04131540815955, 47.82130352932323], [-123.04529419985111, 47.82566844909744], [-123.04450710031402, 47.8280647693031], [-123.0404751800017, 47.82937231981508], [-123.04120630075555, 47.83198426986288], [-123.03811526998506, 47.830816570148215], [-123.03196097890056, 47.83032999080708], [-123.02911894858715, 47.830871361149185], [-123.0282254982815, 47.83019505121488], [-123.02710235891972, 47.83352303150396], [-123.03143280049419, 47.83717928120404], [-123.03335857154937, 47.840254941142184], [-123.03287947218583, 47.84316068133883], [-123.03358531286379, 47.84547629137477], [-123.03507231345256, 47.84692722128134], [-123.03174089350102, 47.8492584217662], [-123.03041053375641, 47.8511524620074], [-123.03322392514491, 47.85501657188566], [-123.03944868666001, 47.857212921302754], [-123.03932159728218, 47.85983156144596], [-123.04153083840731, 47.86300630135706], [-123.04203210950011, 47.867140251505035], [-123.0472779204084, 47.86748829093941], [-123.05019093056676, 47.86627155055587], [-123.05874889209957, 47.867049289643376], [-123.05948328231139, 47.86744334958119], [-123.06047381346687, 47.87151884967163], [-123.0625074241076, 47.87283010951016], [-123.08542137699202, 47.869952586822336], [-123.0873657083254, 47.874143026811986], [-123.08808704965, 47.87907661697393], [-123.09156430061181, 47.8807747966707], [-123.09500097186084, 47.883667556430474], [-123.09685474276634, 47.88617103634705], [-123.09738482355883, 47.889057426429595], [-123.10116222438685, 47.890019476056644], [-123.10267052390516, 47.88709908574587], [-123.10449192451236, 47.8884092456075]], [[-123.09758100355148, 47.84816368440122], [-123.09489257393497, 47.85144497486106], [-123.09649128437586, 47.85222240472164], [-123.09522221451019, 47.85358040492935], [-123.09197421363339, 47.85207854521633], [-123.09105357374254, 47.85311154536936], [-123.0877203625549, 47.85039625560611], [-123.09067364214256, 47.84682740510271], [-123.09246978262615, 47.84765311494379], [-123.09437050170136, 47.84266511448755], [-123.09454271075123, 47.83867661427234], [-123.09803464045795, 47.83524768371601], [-123.1019240015409, 47.837183753379364], [-123.0984662118247, 47.84055175392886], [-123.0989962129595, 47.84484447408099], [-123.09838014278941, 47.84454397413461], [-123.09669914331218, 47.84775054447889], [-123.09824071324215, 47.84648033424524], [-123.10324143462574, 47.84893175381025], [-123.10195150470719, 47.85008740401027], [-123.09758100355148, 47.84816368440122]]], [[[-123.0954470529659, 47.8471375545878], [-123.09490389281513, 47.84686933463493], [-123.09377218325285, 47.84937793488389], [-123.0954470529659, 47.8471375545878]]], [[[-123.1744162159488, 47.89045142792908], [-123.16059414157601, 47.88144833902759], [-123.15538078134738, 47.88383252972385], [-123.15194186095393, 47.88441836013498], [-123.14769232096548, 47.887167130741894], [-123.1468371516112, 47.89033682099182], [-123.14264563221398, 47.89545195170795], [-123.14416621267559, 47.89636204158318], [-123.14461933355285, 47.89963927169272], [-123.14831978490965, 47.90280150143523], [-123.14269229459786, 47.90510957217415], [-123.14068063591819, 47.91174975272203], [-123.13741259573399, 47.91307737315063], [-123.13243299602962, 47.91744017391783], [-123.12828492580788, 47.91917443446429], [-123.12625611667644, 47.923987564925014], [-123.12751816760226, 47.92694241492868], [-123.12238491755654, 47.93001592565025], [-123.12360015890111, 47.93469663574326], [-123.12106322898119, 47.93663163612021], [-123.11989757969943, 47.94028267642815], [-123.1202345401648, 47.94195488647213], [-123.1225514812615, 47.94492876635899], [-123.12077341202261, 47.94913988676235], [-123.1210316825176, 47.95098105682334], [-123.13195424542843, 47.955843545842875], [-123.14509000843513, 47.95969330456589], [-123.15368169975933, 47.95961298360413], [-123.16204613057062, 47.957602642573924], [-123.16678949212414, 47.96088825220465], [-123.17365792397814, 47.9640449515919], [-123.17958425450962, 47.962448260853584], [-123.18299678445878, 47.960085460358435], [-123.18563750473118, 47.95951839003649], [-123.18796320546105, 47.961001079849], [-123.18837017627045, 47.96401793994984], [-123.19054024686154, 47.9650374697572], [-123.1932919871553, 47.96448713942364], [-123.1980252362634, 47.95788934857614], [-123.19898502564756, 47.954790808318975], [-123.1953918336668, 47.949044558441074], [-123.19527172312996, 47.94694692835279], [-123.18511857047245, 47.9426064192739], [-123.18516988032435, 47.9419739992375], [-123.19404846162675, 47.94163254823138], [-123.19687844249064, 47.943341817998856], [-123.20388901367723, 47.94371480723549], [-123.20536419366086, 47.94271603702268], [-123.20450591308399, 47.94092210703137], [-123.20506582274137, 47.93918025688449], [-123.21093643470381, 47.943417706435504], [-123.21496542559092, 47.94446399603705], [-123.21713504677673, 47.94789436596126], [-123.22167372737758, 47.9474601154342], [-123.23184449931728, 47.948889974369344], [-123.23179440336023, 47.92478982320852], [-123.21667481100225, 47.92478982489317], [-123.21218979935094, 47.920930675205675], [-123.20676051773833, 47.917825725659746], [-123.20429832654466, 47.91454116577452], [-123.20356147563763, 47.911326675700465], [-123.20171790464987, 47.90848492576774], [-123.19670321302753, 47.905075406160385], [-123.18982762955925, 47.89534572645246], [-123.1878233189981, 47.894336806626384], [-123.17682164717178, 47.89389578782925], [-123.1744162159488, 47.89045142792908]]]]}, "properties": {"name": "Buckhorn Wilderness", "acres": 44270}}, {"type": "Feature", "geometry": {"type": "Polygon", "coordinates": [[[-117.03240695382132, 48.84059532037491], [-117.0324304137858, 48.99920230076283], [-117.16369061888142, 48.999025756347585], [-117.16178781654638, 48.99125092605237], [-117.15981163542995, 48.98833671608029], [-117.15640027403883, 48.9854204662655], [-117.15600611324011, 48.982565066123406], [-117.15758160234346, 48.97783562564352], [-117.16032076208418, 48.97474387514235], [-117.16616308970926, 48.96094742360558], [-117.1688868294331, 48.957797913102276], [-117.17602957876684, 48.94976623179732], [-117.20679162053328, 48.933515827369206], [-117.21275007127609, 48.9319557566147], [-117.21338432128353, 48.93150625651598], [-117.21336432032771, 48.927736256273455], [-117.21462678031322, 48.9267249060694], [-117.22416247192682, 48.92591262497135], [-117.22990027167542, 48.92058281399655], [-117.23671527072662, 48.911674232671466], [-117.24121364161144, 48.9117831221855], [-117.248166532255, 48.90908235124828], [-117.25227641333639, 48.91026538087455], [-117.2552026435033, 48.908717070453434], [-117.2559534431046, 48.9065694202319], [-117.25910594342761, 48.905469309815004], [-117.25801841207758, 48.90093665964021], [-117.25851830192613, 48.899958319521964], [-117.28172966054278, 48.87692787548504], [-117.2823903298099, 48.87351702519134], [-117.28064480855917, 48.86986668514564], [-117.28286161856651, 48.86821965479594], [-117.28407465746903, 48.86293960432038], [-117.2782050959391, 48.861296344856314], [-117.27187242518421, 48.86308592566581], [-117.27020292322645, 48.8565631354248], [-117.26834890257456, 48.855373345550376], [-117.26315368131309, 48.85428792604837], [-117.24838846854013, 48.854438497673975], [-117.24355006859528, 48.858323968456226], [-117.24717809022312, 48.86205142830164], [-117.25411882268058, 48.866568377835655], [-117.2517435230838, 48.869969428316736], [-117.2501351646972, 48.877598318988575], [-117.244799173964, 48.87872313964598], [-117.21266186743216, 48.87710337305904], [-117.18086223415192, 48.8881708572607], [-117.17795395565076, 48.896328068110535], [-117.17665014569016, 48.89747268832784], [-117.16801730446868, 48.899166349383385], [-117.16768626476158, 48.90058011951175], [-117.17000485552194, 48.901841029340005], [-117.16910583566948, 48.90310792952099], [-117.16902941648746, 48.906411949744545], [-117.16631028589971, 48.90613991002464], [-117.16393253494213, 48.90414168015481], [-117.16110798425238, 48.90354518042525], [-117.1556813245439, 48.908815441362876], [-117.15488999492939, 48.91094445158829], [-117.14848916576625, 48.919114302821626], [-117.14606897562567, 48.92039061316986], [-117.14245699533218, 48.92196396366799], [-117.13941535461443, 48.921423153965904], [-117.13511759265918, 48.91692690414354], [-117.13218147177075, 48.91562921438043], [-117.12351802058105, 48.91748008544985], [-117.12154473514052, 48.93704971694199], [-117.11724321434654, 48.937163897420696], [-117.11011132216248, 48.93391612799025], [-117.11698928804482, 48.95199928841519], [-117.1143135599696, 48.961639519336266], [-117.10996826067299, 48.96770887020779], [-117.10217246968269, 48.969693471191796], [-117.10228839880742, 48.966145110948], [-117.10108880807952, 48.96417480095117], [-117.09695330685992, 48.96248262129432], [-117.09499125564486, 48.95916224129295], [-117.0907923846636, 48.95846072170749], [-117.08439621282915, 48.95604837225111], [-117.08091904220842, 48.956227222643825], [-117.07809115237826, 48.95904277313742], [-117.07484083109163, 48.95641503332213], [-117.06919315056548, 48.958614564084584], [-117.06588172994971, 48.95868865445227], [-117.06750341965507, 48.956292894118164], [-117.0666269987588, 48.95340984402602], [-117.06406867768193, 48.95108678415457], [-117.05975152676301, 48.95072385460382], [-117.05635192552286, 48.948392474823926], [-117.05415429449641, 48.945995144907975], [-117.05209552285953, 48.941073134811745], [-117.0572050613687, 48.93128241361212], [-117.06211657868143, 48.91688920213299], [-117.06192607816634, 48.91498960202955], [-117.06333220780438, 48.9124834717117], [-117.07251809893302, 48.909980740542736], [-117.0785215888485, 48.905080979565255], [-117.08099339841272, 48.90147076905865], [-117.08126146777411, 48.898729818849944], [-117.08265826738607, 48.89612556852675], [-117.07902510614717, 48.893965388782824], [-117.07936461473102, 48.88807723836018], [-117.08459656439526, 48.882760377439894], [-117.08420178316952, 48.87818457718341], [-117.08885508364764, 48.8765447165672], [-117.09555755611363, 48.881254526142634], [-117.09713527708085, 48.883901026143285], [-117.10127508810912, 48.884841275752], [-117.10403724841173, 48.883944075391206], [-117.10902409809991, 48.878911244516544], [-117.11610722903796, 48.877256203633614], [-117.12067734931497, 48.87488295297859], [-117.12014502864199, 48.87261008288815], [-117.11766457735852, 48.86938914294871], [-117.1142458969948, 48.870542463398], [-117.11283652644504, 48.86942665347911], [-117.11127315538222, 48.86638546345097], [-117.11106461426279, 48.86208720319244], [-117.10640617260954, 48.85904955350274], [-117.1106364623234, 48.85468799275477], [-117.11576509258207, 48.85181293200597], [-117.12437918450443, 48.85291425113655], [-117.12581390541988, 48.85546910114698], [-117.12937360591523, 48.85473333070971], [-117.13254631686371, 48.856097120452084], [-117.1351816166426, 48.85321108997524], [-117.13581250578544, 48.84931558965134], [-117.13741795625944, 48.84998256951952], [-117.14277865684353, 48.84823067881897], [-117.14159922606731, 48.84603476880422], [-117.13262708450621, 48.846642279824565], [-117.12761824295087, 48.84425644021577], [-117.12640012249454, 48.84336465029047], [-117.12624939209654, 48.841892580210555], [-117.12748873170982, 48.83940651991229], [-117.12999672216328, 48.83930453963164], [-117.12966817195219, 48.83871280962872], [-117.12498646022225, 48.83537964992193], [-117.12000429923947, 48.83525609045809], [-117.11721166800614, 48.83246411058015], [-117.11739662736561, 48.82976704038313], [-117.1221164568338, 48.824045209492496], [-117.12336318571839, 48.81864064900197], [-117.12713260673566, 48.81982810866822], [-117.12824074658865, 48.81839587845333], [-117.13185857705662, 48.81750589799991], [-117.13309995773758, 48.81927860798056], [-117.14087449072649, 48.82528513752502], [-117.14025981945454, 48.820676027290205], [-117.1420424285915, 48.815870936780684], [-117.13887579798981, 48.81588199712723], [-117.14089577760498, 48.81280452670495], [-117.13663365637652, 48.81114732706166], [-117.1351702356276, 48.80927115709841], [-117.13528726505315, 48.806886266929205], [-117.13192361382356, 48.80453842714242], [-117.13286538354596, 48.80270994691963], [-117.13100499217171, 48.79863517685533], [-117.1317550419929, 48.797347306688934], [-117.12729148133504, 48.79812456722708], [-117.12646764156716, 48.799681647419185], [-117.12719487203226, 48.80098629742546], [-117.12510590231547, 48.80371328783242], [-117.12200986164328, 48.803389588149116], [-117.11636213969197, 48.79990001853637], [-117.11267043911108, 48.80039677897183], [-117.11117658931674, 48.80236039926385], [-117.1056965391793, 48.80599672010072], [-117.10770733092387, 48.81143409023831], [-117.10330975980665, 48.81032735064562], [-117.09883668939942, 48.81211586125128], [-117.09883078035288, 48.81593045150251], [-117.08571605994966, 48.82433390348608], [-117.0746253582037, 48.825831494795224], [-117.07021786790155, 48.82799156541832], [-117.07010219898714, 48.83241417572155], [-117.06175787715945, 48.831491176571916], [-117.05592834721263, 48.836156717515], [-117.04262711437049, 48.834975448889516], [-117.03240695382132, 48.84059532037491]], [[-117.03665507110357, 48.94584302681448], [-117.03658585109257, 48.945851946822614], [-117.0365861810926, 48.945851886822595], [-117.03665507110357, 48.94584302681448]], [[-117.1200854852764, 48.81937578940811], [-117.11992026525596, 48.81941996942901], [-117.11992020525594, 48.819419959429], [-117.1200854852764, 48.81937578940811]], [[-117.04192687177665, 48.9445052861497], [-117.04192688177667, 48.944505316149666], [-117.04182372176022, 48.944518556161874], [-117.04192687177665, 48.9445052861497]], [[-117.0421690518354, 48.94455416612637], [-117.04216913183546, 48.94455420612635], [-117.04212624182499, 48.94454553613047], [-117.0421690518354, 48.94455416612637]], [[-117.06467395068177, 48.88315653964431], [-117.06467390068171, 48.88315657964434], [-117.06467343068171, 48.88315666964441], [-117.06467395068177, 48.88315653964431]], [[-117.03295090053052, 48.946386717255656], [-117.03297498053519, 48.94638681725305], [-117.03295033053043, 48.946386757255745], [-117.03295090053052, 48.946386717255656]], [[-117.03721610120054, 48.945801146750284], [-117.03696011115215, 48.94580377677854], [-117.03696048115224, 48.945803726778436], [-117.03721610120054, 48.945801146750284]], [[-117.07674685886147, 48.866714517246756], [-117.07637442879532, 48.86673478728885], [-117.07637493879542, 48.86673471728873], [-117.07674685886147, 48.866714517246756]], [[-117.04972738955101, 48.929756324330896], [-117.04972731955105, 48.929756374330964], [-117.04972688955097, 48.929756454330956], [-117.04972738955101, 48.929756324330896]], [[-117.04520757221773, 48.9437610957418], [-117.04520760221774, 48.943761135741774], [-117.04520705221766, 48.94376116574184], [-117.04520757221773, 48.9437610957418]], [[-117.0520586999421, 48.929535544061224], [-117.05159958985868, 48.9295536941127], [-117.05159991985876, 48.92955363411268], [-117.0520586999421, 48.929535544061224]], [[-117.06329510050591, 48.88350718981807], [-117.06284868042515, 48.88352573986809], [-117.06284910042518, 48.88352566986805], [-117.06329510050591, 48.88350718981807]], [[-117.05243952001129, 48.92952041401861], [-117.05243916001123, 48.92952045401863], [-117.05205930994222, 48.929535514061214], [-117.05243952001129, 48.92952041401861]], [[-117.03573062094785, 48.94592834692128], [-117.03606590101332, 48.9459330368849], [-117.03573006094776, 48.94592839692139], [-117.03573062094785, 48.94592834692128]], [[-117.03573006094776, 48.94592839692139], [-117.03538656088878, 48.94595568696078], [-117.0353868908888, 48.94595562696074], [-117.03573006094776, 48.94592839692139]], [[-117.10330017726261, 48.84010364260063], [-117.10262997713875, 48.84012066267494], [-117.1026296271387, 48.84012069267501], [-117.10263009713879, 48.84012059267492], [-117.10330017726261, 48.84010364260063]], [[-117.08581355800865, 48.856407785580195], [-117.08517497786552, 48.85632420564447], [-117.08465317776015, 48.856301915700016], [-117.08517548786564, 48.8563241956444], [-117.08581355800865, 48.856407785580195]]]}, "properties": {"name": "Salmo-Priest Wilderness", "acres": 41307}}, {"type": "Feature", "geometry": {"type": "Polygon", "coordinates": [[[-121.76227396222984, 46.06477753124706], [-121.77178268356991, 46.0638841502059], [-121.76957101357002, 46.06554554053428], [-121.76808659395817, 46.06846966086202], [-121.76850631483542, 46.0722429310422], [-121.77065577553971, 46.073911420917696], [-121.77140604662239, 46.07839248110533], [-121.77239245686488, 46.07878181102586], [-121.77658306726123, 46.07748399051322], [-121.78055369744766, 46.075373999975355], [-121.78835852731788, 46.06891430878121], [-121.78726552597433, 46.063471538572294], [-121.78534336494673, 46.06012260857352], [-121.78720948404596, 46.05452007804747], [-121.7908212344074, 46.05349432761137], [-121.79891430586915, 46.05423832681456], [-121.80623479560217, 46.04749761565451], [-121.80922789604556, 46.04732048533307], [-121.81165702660238, 46.04809595512663], [-121.81363169671937, 46.04715973486598], [-121.81658210725196, 46.04743129457555], [-121.81646784704692, 46.04656032453587], [-121.82150102724782, 46.04372123384482], [-121.82241165711099, 46.04239905367194], [-121.8221936468176, 46.04119286362317], [-121.8237894567431, 46.03964772336588], [-121.82776831709205, 46.0382908128722], [-121.82901999699644, 46.03690513266015], [-121.82918218677973, 46.03577164257622], [-121.82704860599007, 46.03368480267424], [-121.82692799556465, 46.03178826257442], [-121.82827290506769, 46.028456612237406], [-121.83211314500008, 46.0252573116492], [-121.8330371241657, 46.020663401281105], [-121.83179431338608, 46.01795175124948], [-121.83278169280962, 46.01451450094331], [-121.83147646202329, 46.01181733091887], [-121.83309782110139, 46.00628540042271], [-121.83684855090684, 46.00255498981236], [-121.83867826043848, 45.99898701941099], [-121.83859707860898, 45.990480178914886], [-121.84477106826411, 45.98421942790322], [-121.84638712776109, 45.980645667523675], [-121.84578397679648, 45.97657714734484], [-121.84285659529063, 45.97171897735993], [-121.84103918358761, 45.965097737155105], [-121.84380253302322, 45.96036665658779], [-121.84803204283023, 45.95627357590651], [-121.85040031192244, 45.95022508530189], [-121.8471477702652, 45.944890935321794], [-121.83932787777188, 45.93907060578547], [-121.84051577752263, 45.93700220553948], [-121.83804938688696, 45.93587457572774], [-121.83832848667492, 45.93466667562698], [-121.82129375454299, 45.93750275755921], [-121.80395058189991, 45.93817583939448], [-121.79186064975995, 45.93725045059065], [-121.79181201995281, 45.938194540651956], [-121.7943247907192, 45.939899140493594], [-121.79697253183838, 45.94316003041393], [-121.79713337242798, 45.94581030055526], [-121.79892908352338, 45.9496020205953], [-121.79573237343462, 45.951599691045395], [-121.79356609454767, 45.958464721678745], [-121.79124618471175, 45.960987062069286], [-121.7883016643897, 45.96169814241668], [-121.76760872061364, 45.959597914434575], [-121.76792514105246, 45.9614198445105], [-121.76591834084716, 45.9619724547513], [-121.76754393198462, 45.96608505482826], [-121.77486051487243, 45.9741128645489], [-121.77232472523805, 45.977742535027964], [-121.77213649582922, 45.98065737522116], [-121.76826419548601, 45.9819707057007], [-121.75837981537897, 45.98892942713988], [-121.74972589639829, 46.00023679871096], [-121.7447400858054, 46.00122181928668], [-121.73925854599271, 46.006235560153954], [-121.73896578622913, 46.00756341026347], [-121.7329435263037, 46.01245638117975], [-121.7270481761177, 46.01603384200456], [-121.72373475564996, 46.01634486236678], [-121.72348384592624, 46.01782732248124], [-121.72161357610311, 46.020065792808694], [-121.72339506684798, 46.02220659275154], [-121.72209816682545, 46.023079492938116], [-121.72392047736678, 46.02423685281809], [-121.71217093548277, 46.02428868404015], [-121.70372739460876, 46.026572405052406], [-121.70575776562225, 46.02977979503313], [-121.71493128798126, 46.03388908432625], [-121.71929567842061, 46.032651953799586], [-121.72922843080812, 46.03632417298746], [-121.73035477136233, 46.03806533297424], [-121.73330752191117, 46.038405272687974], [-121.73550253257335, 46.03984580254588], [-121.74471403447563, 46.04179566170552], [-121.74661674460616, 46.040973031459075], [-121.74791133501621, 46.041914011380634], [-121.74945418523951, 46.041795521213345], [-121.75859162735317, 46.04479103044261], [-121.76004631784876, 46.04601083036401], [-121.7609353186183, 46.048934790445436], [-121.75717149875875, 46.05242062104346], [-121.75522933946819, 46.057191121528604], [-121.75636315014458, 46.059494151547604], [-121.75516685064895, 46.06274543186495], [-121.76105468231742, 46.0661019714524], [-121.76227396222984, 46.06477753124706]]]}, "properties": {"name": "Indian Heaven Wilderness", "acres": 20784}}, {"type": "Feature", "geometry": {"type": "Polygon", "coordinates": [[[-118.1694992888918, 45.773683408763816], [-118.18015830080456, 45.77367546769538], [-118.18014068005103, 45.770007447430665], [-118.19566566284259, 45.7700286158769], [-118.19566666211715, 45.76648106561923], [-118.20094037305522, 45.766440115087974], [-118.20094575232756, 45.76287705482874], [-118.21164524422387, 45.76276229374863], [-118.2116235712588, 45.748274242699054], [-118.20637871032541, 45.74831091322685], [-118.20642687958981, 45.74466695295735], [-118.20119475865611, 45.74469144348291], [-118.20129752718064, 45.73737402294083], [-118.20652429811034, 45.737335132414884], [-118.2065729373709, 45.73366919214357], [-118.19612491551517, 45.73376069319576], [-118.19617058489466, 45.73067926296708], [-118.1953265646544, 45.730243863019844], [-118.18040625197021, 45.73021182451031], [-118.18034004045958, 45.72286213398187], [-118.18464343124089, 45.72290584355464], [-118.18443412094308, 45.721629323482624], [-118.18628771095578, 45.720059793182976], [-118.18504410041761, 45.71851449319487], [-118.18108489928633, 45.71645004344043], [-118.1874914105904, 45.71720760285496], [-118.18904786054631, 45.71562069258377], [-118.1908388208014, 45.71529550238099], [-118.19159960063853, 45.713826322197995], [-118.1964963811774, 45.71215938158699], [-118.19840085156915, 45.712405311414464], [-118.20187227136296, 45.70833690077125], [-118.20112039100539, 45.70724328076682], [-118.20210542079357, 45.70533608052948], [-118.20340535092001, 45.70481203036136], [-118.20450054965265, 45.69762250972847], [-118.20417216767582, 45.688196789074844], [-118.20211046660327, 45.684741049029064], [-118.1994207058617, 45.6834663692049], [-118.19496768412105, 45.67883258931193], [-118.1890076227842, 45.67751445981105], [-118.18187684079234, 45.67400734026728], [-118.1786134700559, 45.673264310538876], [-118.17295018787469, 45.66752859068558], [-118.17214514735562, 45.665683600631226], [-118.16124765480681, 45.6627622115054], [-118.15748682359256, 45.66010541168652], [-118.14443932029063, 45.65537686264251], [-118.13829879921549, 45.65551269326504], [-118.13506926905679, 45.65758983373919], [-118.13397023936521, 45.66008322403128], [-118.1344250200208, 45.662911444192886], [-118.13260849025674, 45.66568163457681], [-118.13559682126485, 45.66800352444849], [-118.14005784222103, 45.66876625405903], [-118.14502618296677, 45.66804438351039], [-118.14847612370936, 45.66865045321038], [-118.14875524403344, 45.66999964328119], [-118.14557848389022, 45.67210363375203], [-118.14642941419967, 45.6728747737235], [-118.15093464505276, 45.67309176328961], [-118.15441344604528, 45.67490310307469], [-118.15362265677288, 45.679183023466294], [-118.15513916709702, 45.679438003333516], [-118.15779277737255, 45.678449322996336], [-118.15780383919456, 45.68740337364904], [-118.14961340771097, 45.687340224462496], [-118.14943249913671, 45.69451097500419], [-118.1317389060003, 45.6947185467867], [-118.13089367601962, 45.69556029693264], [-118.12879956567467, 45.69571465715312], [-118.12869650601627, 45.69748517729276], [-118.12658194585457, 45.6985584275824], [-118.11688250453524, 45.70064348870368], [-118.11960267540466, 45.702513278568624], [-118.12087964638526, 45.70620372871073], [-118.1176215655264, 45.704861438938146], [-118.11528132519527, 45.705302079204166], [-118.11424400480388, 45.704295459234224], [-118.11243161460906, 45.70493942946236], [-118.10978082377366, 45.703176249598236], [-118.10887742382641, 45.704234169765826], [-118.1070876133051, 45.70325378987296], [-118.10478713296467, 45.703614000129086], [-118.10188366203425, 45.70160775027234], [-118.10168830164183, 45.69985118016338], [-118.09996300145714, 45.700468990380855], [-118.09697400067382, 45.69926120059104], [-118.09641564027105, 45.697774520538], [-118.09535219008379, 45.697794410645685], [-118.09292361924606, 45.6958233507439], [-118.08645881821992, 45.696497141438776], [-118.08636760852391, 45.6980726715632], [-118.09035897040405, 45.703785341582766], [-118.09355051182608, 45.707951921568835], [-118.09578556255204, 45.70954283146188], [-118.09697134382756, 45.714760881725056], [-118.09631645393372, 45.71586050187087], [-118.09452835371755, 45.71637878208745], [-118.09473240400865, 45.71762810215841], [-118.08634105248795, 45.717575752993056], [-118.08583533198373, 45.71554625289513], [-118.0846674517659, 45.71550885300909], [-118.08448031153229, 45.714526752955955], [-118.07966114012386, 45.71186901324291], [-118.0806778999496, 45.71011360301287], [-118.07844860961359, 45.71043420325904], [-118.07674867964532, 45.712093633550325], [-118.07428322879403, 45.71009149365003], [-118.07071605820236, 45.71033973402449], [-118.07030335943877, 45.71677870453716], [-118.07137581001756, 45.71867307456869], [-118.07045165005385, 45.71966862473385], [-118.06856734961193, 45.71916428488524], [-118.06858292015447, 45.72181484507765], [-118.06991501080607, 45.72383630509251], [-118.06877780077899, 45.724708405269965], [-118.06725489053258, 45.72484499543216], [-118.06156836871692, 45.72095863571585], [-118.0604075889347, 45.72305446598532], [-118.05621219809896, 45.72266157637574], [-118.05489803819687, 45.72430456662735], [-118.0499047575305, 45.72544948721013], [-118.04868927772789, 45.7274934974813], [-118.04676355726197, 45.726909827630955], [-118.0458286966758, 45.72485894757413], [-118.04442064622961, 45.723913947645556], [-118.04273411609468, 45.72474356787484], [-118.04050666559658, 45.72426897806266], [-118.0376517152705, 45.72519429841566], [-118.03213434430252, 45.725324348976415], [-118.02968054470482, 45.729471289525534], [-118.02977900510301, 45.73133859965258], [-118.03112755515332, 45.73039232944849], [-118.03466000612757, 45.73204881921686], [-118.03802073808251, 45.73866821936592], [-118.04036513862587, 45.739260959175], [-118.04196629878408, 45.73862132896809], [-118.04438971952041, 45.74009049883341], [-118.0438700597385, 45.74161945899733], [-118.04226802957122, 45.74221525920107], [-118.04196323978076, 45.743511969326434], [-118.04570329104946, 45.74642757916593], [-118.05771377320981, 45.746408427963615], [-118.062344344249, 45.74741334757402], [-118.07038063699224, 45.753762297234374], [-118.07499992938008, 45.76138232732891], [-118.07895195954556, 45.758707506738155], [-118.07882212865637, 45.75446718644143], [-118.08155549919836, 45.75471099618575], [-118.08326246896986, 45.75208640582331], [-118.08882768955074, 45.750023725115966], [-118.08977504944575, 45.748673804922625], [-118.0916270098301, 45.7489236547556], [-118.09354964982431, 45.7471996944374], [-118.09354842964555, 45.746324814373615], [-118.10142488106193, 45.74631946358538], [-118.09961479120265, 45.74860490393325], [-118.10128837142537, 45.74822063373781], [-118.107912503144, 45.75080148326345], [-118.11039582314571, 45.74862108285592], [-118.11085417276162, 45.74633517264327], [-118.11671936381819, 45.746343132057106], [-118.11735767447175, 45.74898248218572], [-118.11823273458293, 45.74875626208166], [-118.1182342940907, 45.74634320190552], [-118.12339219501828, 45.746343291389515], [-118.12339449575887, 45.74996921165368], [-118.12127226559194, 45.75102080194268], [-118.12061303594476, 45.75332932217695], [-118.12287584640745, 45.75360229197043], [-118.12312584738523, 45.75816945227834], [-118.1214746576248, 45.76079567263498], [-118.12249512810001, 45.762223382636904], [-118.12579024820381, 45.759830862132716], [-118.12975696876383, 45.75908058168097], [-118.13102775849532, 45.756647401376526], [-118.13395603942918, 45.75864169122868], [-118.13786883914213, 45.75379300048386], [-118.14162579024246, 45.75587360025936], [-118.14190486094188, 45.75905165046284], [-118.15431587320072, 45.75919051923045], [-118.15363723277456, 45.75770158919003], [-118.15556296277346, 45.75600261887359], [-118.15492922217182, 45.75361469876322], [-118.1588055528069, 45.753314458353344], [-118.1624335731767, 45.751934087889715], [-118.16279578250318, 45.748317677590265], [-118.1644985423203, 45.74592419724563], [-118.16687694276958, 45.74603246701547], [-118.16767946264876, 45.744734686840744], [-118.1734265636816, 45.7447383562658], [-118.17331625389183, 45.74586524635884], [-118.1746411842683, 45.74654375627558], [-118.17406297448329, 45.748105036447], [-118.17560241493118, 45.748944646354005], [-118.17477937510364, 45.75051261655045], [-118.17542319547141, 45.75174709657578], [-118.17442540635939, 45.75697033705552], [-118.1754703068332, 45.75837065705272], [-118.176048056733, 45.757372716922276], [-118.1773477070027, 45.75755030680508], [-118.17805462737094, 45.75873127682014], [-118.17679101726375, 45.75931687698928], [-118.17848171765772, 45.75975911685211], [-118.17849556791893, 45.76102474694271], [-118.18000990850304, 45.762552156902046], [-118.17818837858324, 45.76454416722927], [-118.1756617382054, 45.76491554750932], [-118.17452706852842, 45.767491797810216], [-118.1696663272474, 45.76549635815198], [-118.1694992888918, 45.773683408763816]]]}, "properties": {"name": "North Fork Umatilla Wilderness", "acres": 20213}}, {"type": "Feature", "geometry": {"type": "Polygon", "coordinates": [[[-123.06333469150893, 47.73888502280406], [-123.07345557294153, 47.7382618116531], [-123.07367913230667, 47.73550726149183], [-123.07946800233515, 47.731898890672426], [-123.0833401525976, 47.730486560174], [-123.08429508235767, 47.72888519998899], [-123.08665725256982, 47.72823787969556], [-123.08835196296873, 47.72878859953532], [-123.08796216336566, 47.73067226967172], [-123.09028571374189, 47.73072509941724], [-123.0957568537777, 47.72735290864489], [-123.10665854529927, 47.72660133740136], [-123.11128497652055, 47.72865112699078], [-123.11598099714688, 47.72820886644924], [-123.12554883901498, 47.729744925466285], [-123.12581596887068, 47.72897983539891], [-123.130619159388, 47.72802201482], [-123.134800549453, 47.72560369423779], [-123.13617140994035, 47.72672795414156], [-123.13837714165483, 47.69118730214096], [-123.13545565151637, 47.692496472528745], [-123.13069234086082, 47.69285912307331], [-123.130805019448, 47.68696004276879], [-123.13271608875702, 47.68287876235542], [-123.12824198672375, 47.67736993257697], [-123.13168796674178, 47.6752238920899], [-123.12801680531733, 47.67170847232125], [-123.13088452544703, 47.67039592193939], [-123.13204217500255, 47.66781410168353], [-123.13088649454993, 47.66668931175542], [-123.13259298436157, 47.66481107147381], [-123.13332135382197, 47.66211216125948], [-123.13796814393572, 47.659586220621016], [-123.1393025537445, 47.65793554039184], [-123.13862952330943, 47.656571320398506], [-123.1405974329381, 47.65376718004216], [-123.17188258275587, 47.63283883555086], [-123.16933864225213, 47.63239423580959], [-123.16511031106705, 47.630215446168314], [-123.16084152913083, 47.624951686378374], [-123.15817866860719, 47.62450188664987], [-123.15430319724884, 47.62137670692235], [-123.14461293476145, 47.61732912779034], [-123.13723031390968, 47.618569918666374], [-123.12967228363937, 47.62233524968723], [-123.12655462450749, 47.6279466103102], [-123.12630115514679, 47.63075809047792], [-123.12381558527755, 47.63290567085891], [-123.12353645570438, 47.63485311098649], [-123.12084110640549, 47.639496591514764], [-123.11743747623177, 47.64097642196394], [-123.1152699363793, 47.642987072303114], [-123.11220884762045, 47.65009881299449], [-123.10769650685472, 47.649846143480055], [-123.10100604615103, 47.65125743428881], [-123.1003618665854, 47.65347010446992], [-123.09852908626543, 47.65333105466535], [-123.09301914602729, 47.65590617540174], [-123.09156056701183, 47.66091851581209], [-123.0823165153624, 47.66007285679065], [-123.0794326746396, 47.65894847705311], [-123.07717384474613, 47.66084894739706], [-123.0728600041492, 47.66116971788934], [-123.06111454331594, 47.6653192293928], [-123.05885823429904, 47.67084037991698], [-123.05911070507628, 47.67388794004093], [-123.05748182594343, 47.6785219204516], [-123.05743729630464, 47.680042190532234], [-123.05960843716358, 47.682185690399095], [-123.0589303279763, 47.685978270662766], [-123.05965047857805, 47.68799644068361], [-123.05776626863042, 47.6894292709631], [-123.05588327912767, 47.69269679133376], [-123.05664602025415, 47.696850621456115], [-123.05219815958812, 47.696975341953916], [-123.05062806954315, 47.69780359216862], [-123.04883480904675, 47.69691421232256], [-123.0458694689478, 47.698421012725206], [-123.04273308856405, 47.69886380309387], [-123.03970346777616, 47.6975713833643], [-123.03741817793353, 47.69969666372271], [-123.03610444763342, 47.69930763384852], [-123.03419624752134, 47.70007799409775], [-123.02948548649223, 47.69887745455855], [-123.03128233815598, 47.70457690464385], [-123.0269316977176, 47.70558022517469], [-123.02572302807341, 47.70782746542023], [-123.02357583809783, 47.709315125731685], [-123.02138267879302, 47.71359623618736], [-123.02042955989438, 47.71874859654935], [-123.02368257021016, 47.71794914614988], [-123.02369139102568, 47.721302086315845], [-123.02810505257006, 47.72481248600244], [-123.02969279279675, 47.7247211858223], [-123.0316567934577, 47.726175115677435], [-123.04080930513638, 47.7271819547152], [-123.0433824966063, 47.731571934648684], [-123.04751325776868, 47.73369192429697], [-123.0503943078436, 47.73214375390137], [-123.05353781850391, 47.732834903587886], [-123.05594611852455, 47.73136849324866], [-123.06261324935501, 47.73049045246749], [-123.06470368927324, 47.72880794215271], [-123.06567876014225, 47.73175504219106], [-123.06290850098598, 47.73700917275817], [-123.06333469150893, 47.73888502280406]]]}, "properties": {"name": "The Brothers Wilderness", "acres": 16297}}, {"type": "Feature", "geometry": {"type": "Polygon", "coordinates": [[[-121.62967377804782, 46.73586067444588], [-121.80258904599093, 46.73526656604464], [-121.79686829480848, 46.73412702658757], [-121.7902482131569, 46.73154909714385], [-121.78001118131701, 46.730741328185424], [-121.77850882062724, 46.728754848231425], [-121.77842388029818, 46.7273516881602], [-121.77604395957539, 46.72585086832719], [-121.77320127799011, 46.72084336834265], [-121.76954561743797, 46.72102296874117], [-121.76497871734456, 46.723902649391114], [-121.76262763655907, 46.7221020395377], [-121.76063593628685, 46.72232762976217], [-121.75908487627864, 46.723410739988914], [-121.75593323688153, 46.728369650607696], [-121.75052468556832, 46.72642787107096], [-121.74751260452352, 46.723950981248926], [-121.74229119315768, 46.721639971670996], [-121.73212364171691, 46.72256974280398], [-121.71884566036701, 46.72615559441971], [-121.71500067974955, 46.72618580482976], [-121.71290229871511, 46.72309612487513], [-121.71334138850854, 46.72185841475743], [-121.71274020810013, 46.72047393474171], [-121.71091318767589, 46.71990537490305], [-121.71288856762442, 46.71824694459804], [-121.7122856570738, 46.71622954454613], [-121.71417460739907, 46.716312534350386], [-121.71455057639949, 46.7115854240389], [-121.71250535609563, 46.71171101426317], [-121.71217445530013, 46.708403854108184], [-121.70924960473778, 46.70801392439618], [-121.71047024453581, 46.70622931416401], [-121.70870708342095, 46.70253358413858], [-121.70783212327747, 46.702527564231076], [-121.70615241240137, 46.69983577425446], [-121.70382896175549, 46.698637074431936], [-121.70581330181257, 46.69745410415339], [-121.70563597165139, 46.696863314138206], [-121.70088567003548, 46.693093724425125], [-121.69821941972846, 46.6936560447403], [-121.69862162933613, 46.691613104579986], [-121.69649146853479, 46.68957977468878], [-121.69333565793615, 46.689195385001334], [-121.69687142810737, 46.687395704522686], [-121.68877822510031, 46.67983473494504], [-121.68910355500367, 46.679166704872046], [-121.6872209241128, 46.67655200492081], [-121.68501910343208, 46.675108115070934], [-121.68651155360698, 46.67480607489532], [-121.68665509348035, 46.674135974841484], [-121.68379558221947, 46.67057538493912], [-121.68440754215344, 46.66983556483155], [-121.68222978118303, 46.66707780490315], [-121.68265215112518, 46.666512374825764], [-121.68116883045052, 46.66457213487097], [-121.68123516012473, 46.66306660477699], [-121.67812056888542, 46.659785344917466], [-121.67872540881893, 46.659048134810796], [-121.67724597811251, 46.656962114847055], [-121.67549165743398, 46.65520064493108], [-121.6715857366579, 46.65456755530816], [-121.67046268619372, 46.653306205354205], [-121.66102993516624, 46.655569376483996], [-121.65871603515696, 46.65721170682407], [-121.65385181466644, 46.65855576741696], [-121.64888660456938, 46.661735108126734], [-121.64614266423084, 46.66221707844526], [-121.6373730040933, 46.66798476970789], [-121.63422634438736, 46.671590080249864], [-121.6232290731347, 46.673992501553975], [-121.62052880253243, 46.67326478179791], [-121.61371360052856, 46.66926436228807], [-121.61153134083561, 46.67222784269093], [-121.61214074141178, 46.67436097274999], [-121.61366471202892, 46.6760110326841], [-121.61277422242728, 46.678440952919196], [-121.61304374341867, 46.68267662313597], [-121.60316498180518, 46.68265656418155], [-121.60317538265949, 46.686467394401234], [-121.60204953350711, 46.69107443478741], [-121.60253063423272, 46.693965674903865], [-121.60179829443237, 46.69539049506394], [-121.59714549423072, 46.697875855701106], [-121.59779197536041, 46.702449395897375], [-121.59615991613688, 46.70710227633981], [-121.59487162623016, 46.70845561655473], [-121.59892133679301, 46.708022006100194], [-121.60053196723203, 46.70880998597505], [-121.6042365300501, 46.71868727615347], [-121.61821899233468, 46.71871667467185], [-121.62011906359379, 46.72295020471482], [-121.62179556404134, 46.72372806458184], [-121.62305906487177, 46.72651142460848], [-121.62441028528477, 46.727371334514714], [-121.62587566664229, 46.73235580464687], [-121.62967377804782, 46.73586067444588]]]}, "properties": {"name": "Tatoosh Wilderness", "acres": 15776}}, {"type": "Feature", "geometry": {"type": "Polygon", "coordinates": [[[-121.7641637536863, 47.060408418564016], [-121.77470612688104, 47.06684576779335], [-121.77751205812282, 47.070260277683595], [-121.77715529915083, 47.074978827986634], [-121.78249631088357, 47.07873376762331], [-121.80670508476713, 47.07851623500965], [-121.80344800535883, 47.08338220563214], [-121.84063313132697, 47.08308410161815], [-121.84153533073315, 47.0798713813417], [-121.84093508993287, 47.076819781235756], [-121.84550618000132, 47.07389736058118], [-121.84550587692205, 47.0605196898336], [-121.85067739630004, 47.05416995892305], [-121.852620555329, 47.04857647840163], [-121.85415939529713, 47.04735260816793], [-121.87298663840073, 47.0475805861585], [-121.87242825735306, 47.043416715985884], [-121.87723010721852, 47.039446325248385], [-121.90417615901193, 47.028263081730586], [-121.9039088484017, 47.025794021621465], [-121.9031834881917, 47.02539056167685], [-121.908711248322, 47.02206230089762], [-121.90776640565787, 47.01111824038805], [-121.8827853113976, 47.01016943301554], [-121.88283283199705, 47.012749893154805], [-121.87891122337136, 47.02150758406537], [-121.88071050391915, 47.02262487393468], [-121.88030362399745, 47.02325317401352], [-121.87789738369999, 47.02365466429421], [-121.87376743276658, 47.02250233467308], [-121.8663198906878, 47.01870042525958], [-121.86638431215903, 47.02506599560887], [-121.8534188500754, 47.02514159700463], [-121.84856418156873, 47.035073728081706], [-121.84648350133207, 47.03551189832965], [-121.84242035036604, 47.03417434869093], [-121.8295149885614, 47.035430680146554], [-121.82564401751203, 47.033595700459195], [-121.8243481869618, 47.03211480051526], [-121.82319974491507, 47.024008990183894], [-121.81591734206712, 47.01674479055751], [-121.81403624195814, 47.01760054080729], [-121.80938111119652, 47.01757399130516], [-121.80913245062968, 47.015278021202846], [-121.80731785030305, 47.015138011389595], [-121.80681565994202, 47.013918871374976], [-121.80561830969262, 47.013678781489915], [-121.80404362890053, 47.01133834152726], [-121.80374893839763, 47.009353031447255], [-121.77148816319097, 47.00949686491429], [-121.77055997272232, 47.00810991493563], [-121.76518974131258, 47.00576586537925], [-121.76061115929511, 47.00020608555657], [-121.76047479882197, 46.998236345460114], [-121.75811034797552, 46.996217685599575], [-121.74029785504025, 46.99604767749851], [-121.73359086482068, 46.99985494843208], [-121.7334260549454, 47.00051687848718], [-121.73423136510327, 47.000634308407506], [-121.73305504522968, 47.00202215861195], [-121.72414092435586, 47.004541369709415], [-121.71833309394653, 47.00688195046398], [-121.71801097409364, 47.00775357054774], [-121.71530750367852, 47.00786250084362], [-121.71928737490728, 47.01039867056046], [-121.72235478625686, 47.01410985044133], [-121.72726749665217, 47.01234537981511], [-121.74329634951918, 47.01347579816075], [-121.77057628590588, 47.021986815715266], [-121.77247209723855, 47.02645356576329], [-121.77116690803214, 47.03083718614991], [-121.7690898083655, 47.033760546537216], [-121.76893146893595, 47.036358146700316], [-121.758493558974, 47.04391521824542], [-121.75609906879374, 47.04482590855363], [-121.75237612023274, 47.05372533945387], [-121.75444784080467, 47.05474747928895], [-121.75552106179518, 47.058297289373314], [-121.75705765246703, 47.06013244931153], [-121.7641637536863, 47.060408418564016]]]}, "properties": {"name": "Clearwater Wilderness", "acres": 14616}}, {"type": "Feature", "geometry": {"type": "Polygon", "coordinates": [[[-121.56528790325612, 48.71252978948307], [-121.57534330608023, 48.716991568578656], [-121.5810797570238, 48.71694656792913], [-121.58580508838914, 48.71919212751159], [-121.58584511648753, 48.71178578712573], [-121.601984159196, 48.71187419530944], [-121.60236445795054, 48.70679353500513], [-121.5988512158055, 48.70073223508939], [-121.60096240565001, 48.698763864749914], [-121.60770027629144, 48.696901743894145], [-121.60865773556321, 48.69345322360861], [-121.60629091432797, 48.69018184370706], [-121.60614704396491, 48.68886346365538], [-121.60757212347792, 48.68604869334966], [-121.60463482258233, 48.684465293599295], [-121.60599583220491, 48.682117373324836], [-121.60574334111905, 48.678056353144015], [-121.60314335982177, 48.67469085326356], [-121.59729439801757, 48.6714544437558], [-121.59896551779414, 48.66950268346678], [-121.59855579692078, 48.66636758335117], [-121.59504454551303, 48.66315913358112], [-121.58290574275287, 48.660272934799515], [-121.58032887133643, 48.65642409489082], [-121.57678779053924, 48.65561342524769], [-121.58033492982945, 48.65054597458615], [-121.57970054945243, 48.64948748460285], [-121.58020332916556, 48.648042714471515], [-121.5774078078648, 48.64478362461764], [-121.57825018734286, 48.64220102438917], [-121.57377238536053, 48.63737318464328], [-121.57421922507707, 48.635976804520716], [-121.5723989329261, 48.62876185435184], [-121.56755504193136, 48.62802457485869], [-121.5484787293003, 48.63015034711531], [-121.54649903891291, 48.62992467732637], [-121.54413913808597, 48.62823005750389], [-121.54417945754547, 48.62609233738838], [-121.54603783679248, 48.62194150696386], [-121.54598512631817, 48.620122146875296], [-121.54411923502634, 48.616287496885995], [-121.54550655491762, 48.614959386660956], [-121.54520300412325, 48.612051236544], [-121.54289454369055, 48.61186226679377], [-121.53831597219848, 48.60900849716025], [-121.53637701121181, 48.60641229724325], [-121.53618990049283, 48.60372107712429], [-121.52646588624513, 48.593433727681784], [-121.52189807482969, 48.590870468061524], [-121.51805636316132, 48.58684196828322], [-121.51829197236371, 48.5835630880858], [-121.52042532219214, 48.58149795773849], [-121.52057606160389, 48.57909371759622], [-121.5150404291955, 48.57326650791392], [-121.51476972868718, 48.57144995784953], [-121.51581972845045, 48.56983525764734], [-121.51524518811533, 48.56889608766279], [-121.50854955590795, 48.564611908190884], [-121.50718796525872, 48.562954538257124], [-121.50391067479879, 48.56329252864266], [-121.50198420540475, 48.56693031904904], [-121.49621467509789, 48.56949913983095], [-121.49415477542833, 48.57214251020041], [-121.49500954637892, 48.575311960270014], [-121.4941411666241, 48.57684097044739], [-121.49229296633779, 48.5769264506594], [-121.48806466649984, 48.58032626131187], [-121.48366078595016, 48.581050501844224], [-121.47743431476012, 48.58045648251236], [-121.47607975504602, 48.582463192769445], [-121.47258908478307, 48.58371542322689], [-121.47264825534029, 48.58586098333241], [-121.4679063252558, 48.58863069400983], [-121.46591838720126, 48.59755213469954], [-121.46716736809344, 48.6002296446991], [-121.46681780024937, 48.60889716519122], [-121.46464262043148, 48.611030795547094], [-121.46445085113835, 48.61392147571962], [-121.4704991719449, 48.61312695499836], [-121.47572670409157, 48.618110614670854], [-121.48227358588248, 48.62084138407728], [-121.48278891639376, 48.62250406410602], [-121.48136131684544, 48.625200844407125], [-121.48260735773118, 48.62784963440504], [-121.48153674817452, 48.630280074652106], [-121.48258609871257, 48.631697994607975], [-121.48577201964295, 48.63325545433081], [-121.49041114056617, 48.633838153839356], [-121.49475943110458, 48.63310784331225], [-121.49907005108949, 48.63024011267813], [-121.50777405154857, 48.626363111497426], [-121.512056362302, 48.62651747102379], [-121.5177461742584, 48.63045497058859], [-121.51937321526403, 48.63332339055467], [-121.52259197634908, 48.63546548030388], [-121.52362256708074, 48.6376514203015], [-121.54672983412107, 48.65009992834674], [-121.55065518523908, 48.65191048799865], [-121.55740124591738, 48.650175137149255], [-121.56386527769432, 48.652907406562896], [-121.56379503635974, 48.686696698318094], [-121.5449530473614, 48.70279391127381], [-121.54429899841163, 48.70729749158023], [-121.54161403839076, 48.708954921968626], [-121.54315503980803, 48.713461392027554], [-121.54317315051244, 48.71618445216613], [-121.5464586210045, 48.715968751784445], [-121.55127117109637, 48.71321134109928], [-121.55855976194579, 48.71179378020404], [-121.56528790325612, 48.71252978948307]]]}, "properties": {"name": "Noisy-Diobsud Wilderness", "acres": 14266}}, {"type": "Feature", "geometry": {"type": "Polygon", "coordinates": [[[-123.23606766458376, 47.599037656795794], [-123.2338959453997, 47.60382039727174], [-123.23110689585303, 47.60749669776112], [-123.25612736973159, 47.6074623749986], [-123.25857432921374, 47.60374132454499], [-123.25997170914894, 47.60257330433322], [-123.26221273942572, 47.6022785740714], [-123.26240568904853, 47.60059031396684], [-123.26419283888012, 47.59874184367846], [-123.26375036853726, 47.59760481367118], [-123.26442813833143, 47.59631494353279], [-123.2691717682963, 47.59311581285168], [-123.2729784186487, 47.59212722238298], [-123.27342859842724, 47.590918902273735], [-123.27723843880294, 47.5900252818094], [-123.28302835982572, 47.59054257119623], [-123.28514059073285, 47.592946431081636], [-123.28793229125904, 47.59333329079276], [-123.29389717162717, 47.591023820020936], [-123.29616551219445, 47.591918219814715], [-123.29821106245922, 47.59170111957831], [-123.30345689246462, 47.58835069883461], [-123.30940923347156, 47.588701288195224], [-123.3146718735485, 47.58563796746391], [-123.31766619398272, 47.58551490712756], [-123.31777875329952, 47.582607746972144], [-123.32401865331111, 47.578644826088905], [-123.32416874274283, 47.57618932595151], [-123.32887398334479, 47.57566378540674], [-123.3321954432977, 47.57333339492583], [-123.33175629283635, 47.571700014893885], [-123.32690101147574, 47.56917069530493], [-123.3265017309353, 47.5671825752511], [-123.32424435036197, 47.56625283545425], [-123.32058898981727, 47.56634111586163], [-123.31697083850555, 47.5632191661068], [-123.31963442851529, 47.56154537573068], [-123.32049282805306, 47.55907170551423], [-123.3220561679035, 47.557443835261736], [-123.32455772791079, 47.55586395490818], [-123.32685926820608, 47.55561051464202], [-123.32837865720039, 47.55045055422041], [-123.32448653660526, 47.55048114465084], [-123.31622394472585, 47.54798487543832], [-123.31344683455167, 47.54904939579682], [-123.30808274380308, 47.54939126640474], [-123.30395764238071, 47.5461319666984], [-123.29583043056277, 47.54380680747896], [-123.29532816962032, 47.54020802735658], [-123.29305263871622, 47.53791209749375], [-123.29677664878776, 47.535807176979574], [-123.29932805801057, 47.53092429645728], [-123.3020101581645, 47.52983472610813], [-123.3005455571855, 47.52670125611452], [-123.29769710632532, 47.52495551634184], [-123.29735040588966, 47.52336395630131], [-123.29628400557343, 47.522734246387564], [-123.29681197519051, 47.52079723623364], [-123.29941413507339, 47.51862871583996], [-123.3061191354966, 47.51606369497512], [-123.30954648448481, 47.50963093427983], [-123.30386853341106, 47.50881928486453], [-123.30439718301349, 47.50681915470742], [-123.30330503241886, 47.50504359473974], [-123.30279930140006, 47.50111856460112], [-123.2980004004604, 47.50029845508847], [-123.29763607015754, 47.49926958507758], [-123.29622935984644, 47.498880375213055], [-123.28645403810232, 47.497920816240786], [-123.2753863869351, 47.50020837757162], [-123.27191318699542, 47.50270775807764], [-123.2704116874689, 47.505655628388986], [-123.26179220527244, 47.50206615915908], [-123.26067123657833, 47.50824232958891], [-123.25952527694018, 47.51049405982667], [-123.25971047785943, 47.51420934999063], [-123.26086475824894, 47.515087099907184], [-123.26111580862198, 47.51648066994866], [-123.26071580979338, 47.52162383024772], [-123.25581238924269, 47.522499210830766], [-123.25280949951718, 47.52558586131436], [-123.25207943983735, 47.527392461484325], [-123.24940720955085, 47.52792665180495], [-123.24823216982664, 47.52983596202901], [-123.24600250972033, 47.53083512232402], [-123.24126555092714, 47.53892550324677], [-123.23841622125408, 47.54212914371939], [-123.23618582143088, 47.54430724407304], [-123.23369406101624, 47.54419183434168], [-123.23331440250003, 47.550613584701985], [-123.2424014847938, 47.5542859738831], [-123.24418827507135, 47.55428651368625], [-123.24537239553331, 47.55544354361312], [-123.24355785559186, 47.556858913883154], [-123.23551594474995, 47.55855145485294], [-123.23406907524226, 47.561533345160086], [-123.22815836441606, 47.561915775830265], [-123.22531062438186, 47.563613266228195], [-123.22315473455646, 47.56573215657079], [-123.2236064151245, 47.56780168662358], [-123.22122196540545, 47.57050962702055], [-123.22116992616589, 47.57370334718459], [-123.21822671634392, 47.5763433676398], [-123.21735972674443, 47.57856713784555], [-123.22390221776395, 47.57857808712494], [-123.23010290908755, 47.58007339651544], [-123.23309091941653, 47.579511836158254], [-123.23687330022575, 47.580432205786856], [-123.24525019004497, 47.5742775945589], [-123.25019031061318, 47.57345154397349], [-123.25368819073178, 47.57168818350072], [-123.26083285203912, 47.57251252275392], [-123.26242895291581, 47.575125162707074], [-123.27053705407666, 47.57472123179321], [-123.2649902636448, 47.57650216249271], [-123.25958304286911, 47.57676582310186], [-123.25611066300843, 47.579582663623924], [-123.24952846274893, 47.58274812450611], [-123.24961721303376, 47.583873474551936], [-123.25172623359688, 47.58485179436773], [-123.25111993374377, 47.58585206448399], [-123.24662287352443, 47.58784016507816], [-123.24414939368627, 47.59010606546292], [-123.23955594326986, 47.59133890603045], [-123.23625055400024, 47.59649944665013], [-123.23606766458376, 47.599037656795794]]]}, "properties": {"name": "Mount Skokomish Wilderness", "acres": 13278}}, {"type": "Feature", "geometry": {"type": "Polygon", "coordinates": [[[-123.69625051845989, 47.52842507257293], [-123.70732520976206, 47.52681027127277], [-123.70836387978265, 47.52623687113063], [-123.70908540943125, 47.52431878095889], [-123.71284214035472, 47.525773780614], [-123.72318468124958, 47.522934839336045], [-123.72704322200404, 47.5236242889432], [-123.73511558309089, 47.52302503802325], [-123.74823396408063, 47.51882710637391], [-123.75421191417657, 47.51543899555174], [-123.76156543472342, 47.513054784625865], [-123.76144381412209, 47.51063108452325], [-123.7637869845154, 47.51078260427191], [-123.76635949454607, 47.509280913916086], [-123.77269377400475, 47.50301680291715], [-123.77300664348874, 47.50067124277038], [-123.77743299470193, 47.50291594238935], [-123.77983840455397, 47.50077670202154], [-123.79088671515542, 47.49628354058747], [-123.7956723550138, 47.49266355988632], [-123.79777317451291, 47.489247879491174], [-123.80284907484183, 47.48740321884303], [-123.80412765479566, 47.48640123865406], [-123.80395193452306, 47.48537705862447], [-123.80977744471667, 47.48249457784408], [-123.81200543442685, 47.479876347473194], [-123.8026151117528, 47.47468084826037], [-123.79678419047735, 47.473059528825736], [-123.79260478888625, 47.46907526909579], [-123.78792619748371, 47.4661931294735], [-123.78306237642954, 47.46488183994681], [-123.78259843588084, 47.462887019902325], [-123.78046353557859, 47.46298117014213], [-123.77661789449239, 47.460889890465694], [-123.77202002365328, 47.46030801094446], [-123.76858239276761, 47.45879481125067], [-123.76341573194176, 47.458630321812095], [-123.76020295191063, 47.460541512257976], [-123.75911761142933, 47.45922247231415], [-123.75409029021777, 47.45736029277863], [-123.75074535875152, 47.453364752955046], [-123.74658673746735, 47.450646623282424], [-123.73690282707734, 47.455178784567345], [-123.73224851717592, 47.45855153524245], [-123.72131004580413, 47.45978523650696], [-123.70998302603441, 47.4679558381486], [-123.70732931643856, 47.471331168603704], [-123.70704716674497, 47.472788878704996], [-123.70249369724277, 47.477762689446514], [-123.69440285681358, 47.48112184050019], [-123.69041529634015, 47.48168586096691], [-123.68074719598302, 47.48635112225755], [-123.67542856536309, 47.48715309288261], [-123.67147826457924, 47.48640139328173], [-123.66548354418832, 47.48858973404814], [-123.67602541720856, 47.4944635431694], [-123.68010094809999, 47.495583582774024], [-123.68649135928258, 47.49644419211085], [-123.69262382017882, 47.49627714142654], [-123.69672165042667, 47.49470386089887], [-123.69625051845989, 47.52842507257293]]]}, "properties": {"name": "Colonel Bob Wilderness", "acres": 11854}}, {"type": "Feature", "geometry": {"type": "Polygon", "coordinates": [[[-122.04181331908495, 45.93401155450942], [-122.04412315967161, 45.93503750433025], [-122.04782601974131, 45.93259305380278], [-122.0509358600786, 45.93184910343667], [-122.05023942896936, 45.927159443233265], [-122.05304467890386, 45.92475107280097], [-122.05268663827997, 45.922087202681524], [-122.05973811873102, 45.9189264317651], [-122.05980547780176, 45.91450676149836], [-122.06302799790488, 45.91257788105107], [-122.06429507764928, 45.91042644079339], [-122.0616136868272, 45.90856826096189], [-122.06313790662047, 45.90645354067969], [-122.06122577598234, 45.90488366078544], [-122.06290174576502, 45.90260477047784], [-122.06256071465329, 45.89762735022043], [-122.06377618458644, 45.896401390022454], [-122.06477918379558, 45.89192483965526], [-122.05882315271961, 45.89132428023648], [-122.05781055223989, 45.88982419025299], [-122.05411261172577, 45.8901768706566], [-122.05237184132429, 45.88959190080231], [-122.0581817311057, 45.88420173988359], [-122.05249250936761, 45.88028010024137], [-122.04679048846816, 45.88032185083383], [-122.04503205833383, 45.8810091810563], [-122.04225481749809, 45.87915528123437], [-122.03739190642438, 45.877746141654434], [-122.03194460560107, 45.87795745223046], [-122.0264213942333, 45.87565880266619], [-122.02064374316903, 45.87498371322397], [-122.01888297403019, 45.88036893372403], [-122.01709743434832, 45.88321137407655], [-122.00889891363187, 45.885998205089344], [-122.00757224373126, 45.887464125313215], [-122.0086850042183, 45.88892272528418], [-122.0137838955966, 45.891584974913684], [-122.01566396662167, 45.895001574920684], [-122.01425115624981, 45.89431136502618], [-122.01313582555967, 45.89189804499924], [-122.00990801459076, 45.88975873520697], [-122.00582537380858, 45.88914207559305], [-122.00419689321929, 45.88758910566978], [-121.99957207204875, 45.88554991602784], [-121.99526696108933, 45.884265716397344], [-121.99386776095184, 45.88467026656599], [-121.99202431129173, 45.88765956693342], [-121.98737103154319, 45.89234531769186], [-121.98648826184356, 45.89442497790611], [-121.98894273334184, 45.899636797960056], [-121.98902488443225, 45.90470985825121], [-121.99199281522696, 45.90622044803317], [-121.99825330761747, 45.9127677377714], [-122.0059982087632, 45.91234265694429], [-122.01141006986418, 45.91346002644975], [-122.01551968142489, 45.917717136275], [-122.02462662347043, 45.92050540549583], [-122.02716311477674, 45.92474462548259], [-122.03385345619017, 45.92637368488522], [-122.03615272708024, 45.92883326479163], [-122.03661588783132, 45.932015034930785], [-122.03814279845749, 45.93381294487824], [-122.04181331908495, 45.93401155450942]]]}, "properties": {"name": "Trapper Creek Wilderness", "acres": 5963}}, {"type": "Feature", "geometry": {"type": "Polygon", "coordinates": [[[-121.93967002740938, 46.82066214629112], [-121.94417183894254, 46.82422682601163], [-121.94591852842873, 46.820713795627405], [-121.9525523195108, 46.820768644922794], [-121.95214552890299, 46.81837361483135], [-121.94881690748197, 46.81446646496635], [-121.95023735718992, 46.812164064685184], [-121.94869335587637, 46.80745822458469], [-121.94954164470883, 46.8016911441692], [-121.94722439328106, 46.79702794415338], [-121.94696693271716, 46.794716594050456], [-121.9470783817179, 46.79021475378466], [-121.94873443133459, 46.78733624344578], [-121.94507418004447, 46.78423672366095], [-121.94168153937157, 46.78367875399096], [-121.94046205928413, 46.78416243414823], [-121.93695913783466, 46.78024400430018], [-121.93727589677101, 46.77530541398749], [-121.93842421654193, 46.77346977376144], [-121.9356160852326, 46.76967319384603], [-121.93526608466624, 46.76741263375552], [-121.93370496412736, 46.76613941384981], [-121.93224806373863, 46.76545733396634], [-121.92823518312714, 46.765615254402626], [-121.924385952779, 46.766824104880826], [-121.92134374224575, 46.7666357251941], [-121.91841706147582, 46.765314785431], [-121.91853674396394, 46.82050488853658], [-121.93967002740938, 46.82066214629112]]]}, "properties": {"name": "Glacier View Wilderness", "acres": 3060}}, {"type": "Feature", "geometry": {"type": "Polygon", "coordinates": [[[-123.38296282837355, 47.520204956718295], [-123.44112379734625, 47.52020538031121], [-123.46831546153462, 47.520204937314894], [-123.46817318134885, 47.51952280729724], [-123.4633386102626, 47.51809909776037], [-123.46162180969185, 47.51682294788717], [-123.4585137490665, 47.51621185819974], [-123.45623896819933, 47.51405887834502], [-123.45612728774563, 47.512240108268344], [-123.45227084677711, 47.51067971861679], [-123.44967601643545, 47.510921368914474], [-123.4458389649574, 47.5072249991561], [-123.44235003434682, 47.50692044952544], [-123.43833251237062, 47.501261849690536], [-123.43301675103521, 47.49910890017027], [-123.4241834391958, 47.497115821044964], [-123.41521168913508, 47.50263317230359], [-123.41092282817432, 47.501385072714505], [-123.40808215810685, 47.50293143310324], [-123.40276958761413, 47.50429474375512], [-123.40243900812095, 47.50662082390581], [-123.40385708864477, 47.50789254381219], [-123.40397327893133, 47.50901257385439], [-123.4026721889156, 47.50978390403558], [-123.40220057929817, 47.51168221418076], [-123.39252914793533, 47.512223285272384], [-123.39082388832513, 47.51494516559393], [-123.38705411814006, 47.51659945609043], [-123.38296282837355, 47.520204956718295]]]}, "properties": {"name": "Wonder Mountain Wilderness", "acres": 2201}}]}